id,MedHouseVal
37137,0.5991675
37138,1.0661613
37139,4.037306
37140,3.284652
37141,2.4908957
37142,3.3027048
37143,1.3789568
37144,1.8363998
37145,0.9762534
37146,0.72199
37147,2.3415704
37148,1.3598729
37149,1.3398539
37150,1.88925
37151,1.7210028
37152,3.256145
37153,1.4875034
37154,1.8812743
37155,1.7609209
37156,1.0317694
37157,2.1892657
37158,0.8835411
37159,1.1271925
37160,0.8138932
37161,2.4173768
37162,2.6646423
37163,2.3720038
37164,2.0072317
37165,3.6840417
37166,1.6554539
37167,4.682522
37168,5.1018004
37169,1.3367977
37170,0.7936249
37171,3.463943
37172,4.084233
37173,2.2453096
37174,1.9258581
37175,1.3322006
37176,2.503239
37177,2.367209
37178,0.8966109
37179,1.4956454
37180,4.125826
37181,1.8673532
37182,0.8920962
37183,3.2732074
37184,2.6118708
37185,2.3197749
37186,1.7397205
37187,1.338001
37188,3.0163615
37189,0.9173905
37190,2.118078
37191,1.7372121
37192,0.9864794
37193,3.8734815
37194,1.1942809
37195,2.9728343
37196,1.2922136
37197,0.96112746
37198,1.9340326
37199,1.7732528
37200,3.6662605
37201,3.8632433
37202,2.3672333
37203,2.0715187
37204,1.8881639
37205,2.7976828
37206,2.4981236
37207,1.425356
37208,0.77054226
37209,2.913303
37210,3.6988227
37211,3.671372
37212,1.1189138
37213,3.26631
37214,1.6391283
37215,1.1022375
37216,1.4963335
37217,1.65567
37218,3.6764967
37219,1.2118325
37220,1.8456417
37221,1.0471277
37222,1.2976296
37223,1.6568315
37224,2.86834
37225,1.8614501
37226,5.03674
37227,2.747279
37228,0.7761731
37229,3.3016994
37230,3.2691739
37231,0.68113506
37232,3.900393
37233,0.87840366
37234,0.662436
37235,2.5034587
37236,3.2490964
37237,2.3314636
37238,3.7696426
37239,1.6492414
37240,0.8404859
37241,2.429915
37242,2.72615
37243,3.3570652
37244,1.0075175
37245,2.5695627
37246,1.3506765
37247,1.2780627
37248,1.9586878
37249,3.9880483
37250,1.540393
37251,2.9657524
37252,2.6160636
37253,2.6429617
37254,1.7391728
37255,1.77278
37256,2.472703
37257,4.6450543
37258,1.7817833
37259,3.165223
37260,1.4868277
37261,2.2357137
37262,2.3579073
37263,1.1151347
37264,1.1872593
37265,2.8093765
37266,1.3824137
37267,2.9411273
37268,1.0081681
37269,1.0744903
37270,2.3234897
37271,2.256078
37272,0.7764229
37273,1.7521408
37274,0.93286014
37275,3.5849955
37276,1.304929
37277,1.7860762
37278,1.8051608
37279,3.2435315
37280,2.6519094
37281,4.1573644
37282,2.196995
37283,1.9847779
37284,4.2618823
37285,2.9750695
37286,1.8379633
37287,2.3106139
37288,1.7012554
37289,0.7847305
37290,1.0249711
37291,1.854141
37292,1.9649239
37293,1.2024412
37294,1.4850341
37295,1.1215144
37296,0.7371885
37297,0.5673959
37298,1.6629182
37299,2.9956586
37300,1.4774077
37301,1.9213539
37302,0.589712
37303,3.10832
37304,2.4104352
37305,1.1451383
37306,1.6941494
37307,2.1714609
37308,4.905199
37309,2.7603931
37310,1.9679773
37311,1.3719572
37312,1.2850322
37313,2.1815128
37314,3.744813
37315,0.5704853
37316,0.61536133
37317,4.286126
37318,1.8575537
37319,1.4048351
37320,0.71007687
37321,1.717458
37322,1.661501
37323,2.5574358
37324,0.96400076
37325,2.8068526
37326,1.0328507
37327,2.0184822
37328,1.482242
37329,1.6384491
37330,1.192412
37331,2.4979436
37332,0.9095111
37333,2.0889885
37334,1.598124
37335,1.6493518
37336,1.5906337
37337,0.74693084
37338,2.5623558
37339,1.0578994
37340,1.3840151
37341,2.5693562
37342,2.1406121
37343,1.5867287
37344,1.7495915
37345,5.008856
37346,1.821738
37347,1.5435287
37348,1.07035
37349,1.5677475
37350,2.000762
37351,2.5920777
37352,2.211583
37353,1.6207542
37354,2.4647048
37355,1.4819834
37356,0.59914744
37357,2.6912568
37358,4.2219205
37359,3.5214095
37360,0.78058916
37361,2.7889438
37362,0.6118791
37363,0.7967361
37364,2.7555702
37365,2.729243
37366,1.3200569
37367,1.639911
37368,0.91733617
37369,1.7036717
37370,0.8989873
37371,0.9619244
37372,0.891896
37373,0.6203321
37374,0.9536545
37375,1.2503715
37376,3.4166
37377,2.3862817
37378,2.2648504
37379,0.79462004
37380,0.71892434
37381,0.89532226
37382,1.2600641
37383,4.123962
37384,1.9776193
37385,2.6208878
37386,1.0470853
37387,1.8946124
37388,3.716587
37389,2.858529
37390,3.1850069
37391,2.7222586
37392,0.5930816
37393,4.6406765
37394,3.983742
37395,1.9010764
37396,2.5457578
37397,1.4804578
37398,1.1846629
37399,1.1456798
37400,1.6938958
37401,0.6386759
37402,1.0436931
37403,1.8044336
37404,1.9225812
37405,0.9164365
37406,3.2935853
37407,1.695335
37408,2.1974483
37409,2.3062377
37410,1.2149266
37411,1.3607396
37412,0.916749
37413,5.1235657
37414,0.8449972
37415,1.5520446
37416,1.5913895
37417,3.9551618
37418,2.460348
37419,4.230106
37420,2.499817
37421,1.50144
37422,2.3656867
37423,2.6776488
37424,1.2511126
37425,2.4744606
37426,1.5457957
37427,3.0059268
37428,1.5930125
37429,0.9470188
37430,1.2781984
37431,2.6234603
37432,1.7713565
37433,4.6311274
37434,1.9663059
37435,1.2548205
37436,1.9248556
37437,1.4874123
37438,1.7059073
37439,2.2132478
37440,0.86452574
37441,2.0227537
37442,2.7361884
37443,1.0473118
37444,2.6090267
37445,2.492671
37446,2.963304
37447,3.554216
37448,2.8771915
37449,1.6432523
37450,1.2727598
37451,2.46242
37452,2.7241013
37453,1.6834053
37454,1.8670189
37455,1.9048669
37456,1.219486
37457,1.2762952
37458,1.22275
37459,1.2869949
37460,1.8706061
37461,1.6234653
37462,3.2424014
37463,2.7300348
37464,1.1882782
37465,1.3768785
37466,1.7251507
37467,1.4816403
37468,4.887014
37469,2.0708392
37470,2.895396
37471,2.0383885
37472,3.1032934
37473,1.2492977
37474,1.3167194
37475,1.0268935
37476,1.3739588
37477,1.2986414
37478,1.1585578
37479,2.1455827
37480,1.2594144
37481,1.5153779
37482,1.4162825
37483,4.9511223
37484,0.86747396
37485,4.2044992
37486,3.220999
37487,3.552578
37488,1.7886583
37489,1.9419867
37490,2.3453228
37491,1.2489997
37492,2.1651409
37493,0.9713056
37494,1.6893814
37495,2.5646865
37496,1.3847908
37497,1.4466985
37498,0.86063254
37499,1.0494621
37500,3.2392316
37501,2.243453
37502,3.387873
37503,1.6293045
37504,2.638768
37505,2.2781627
37506,3.1702273
37507,1.1191658
37508,1.6200161
37509,1.6977721
37510,1.3387616
37511,1.8638753
37512,3.0626137
37513,1.1525307
37514,2.6804214
37515,1.932966
37516,2.2374
37517,5.1274595
37518,1.6099355
37519,1.8398811
37520,2.1809397
37521,1.5189852
37522,3.0142245
37523,2.6556613
37524,2.2249482
37525,1.4123893
37526,1.4007659
37527,4.0635066
37528,2.8390176
37529,2.5812435
37530,2.3332875
37531,1.4901069
37532,1.8414164
37533,3.7082515
37534,3.1786964
37535,1.7839376
37536,2.6831384
37537,1.5081325
37538,1.214138
37539,1.6721078
37540,3.7565289
37541,2.0361886
37542,1.8133755
37543,2.746983
37544,1.625496
37545,0.7870239
37546,1.6491994
37547,3.644805
37548,1.0985578
37549,2.0756907
37550,2.6183052
37551,0.7579452
37552,1.8733767
37553,1.7762599
37554,1.923617
37555,0.74482125
37556,1.1064025
37557,1.7698772
37558,0.92771524
37559,2.070486
37560,2.760553
37561,2.7090528
37562,1.2442789
37563,1.7964944
37564,2.430939
37565,4.48054
37566,1.1043829
37567,2.677419
37568,2.7374332
37569,0.58157
37570,3.7924635
37571,2.4516137
37572,3.8480918
37573,1.2983286
37574,4.136993
37575,1.5985565
37576,3.9667296
37577,1.1233972
37578,1.1893606
37579,2.2676685
37580,1.5561122
37581,0.7944044
37582,2.102923
37583,0.7990147
37584,1.2011491
37585,1.9829209
37586,0.7803582
37587,1.6462545
37588,2.085559
37589,1.9836348
37590,1.6457986
37591,3.229237
37592,0.7385748
37593,4.422322
37594,1.536206
37595,0.6332696
37596,2.9145005
37597,1.8583874
37598,2.8961782
37599,1.5960832
37600,1.8135257
37601,1.1489497
37602,2.10256
37603,2.0856812
37604,1.2415302
37605,0.880434
37606,3.6439843
37607,1.970533
37608,1.5450306
37609,1.1784383
37610,1.2098687
37611,2.1769125
37612,1.6656597
37613,1.8373601
37614,0.8012521
37615,1.5929266
37616,1.5222266
37617,1.6367469
37618,2.1844769
37619,2.1075504
37620,1.3714489
37621,1.8578459
37622,2.1056576
37623,1.4819131
37624,4.982281
37625,3.5022538
37626,1.7243267
37627,3.79406
37628,1.9678526
37629,1.4008728
37630,1.9576539
37631,2.3353934
37632,1.8687544
37633,2.0698314
37634,1.4708314
37635,1.2241609
37636,1.144095
37637,1.6799068
37638,1.70563
37639,1.7298014
37640,1.5273644
37641,0.8431775
37642,1.8678747
37643,1.3748248
37644,1.0148171
37645,1.4179155
37646,1.0090253
37647,1.0124518
37648,1.9699081
37649,3.2005196
37650,1.0991281
37651,2.7490332
37652,2.1773012
37653,2.4009488
37654,2.8015838
37655,2.4720938
37656,3.2420485
37657,0.66870683
37658,1.871444
37659,2.65496
37660,2.6729035
37661,1.7146186
37662,1.931056
37663,2.1569679
37664,0.9193223
37665,1.391343
37666,1.4727697
37667,3.7810261
37668,1.4923477
37669,2.7348638
37670,2.1186478
37671,2.2540054
37672,2.2213974
37673,1.7032175
37674,1.7299746
37675,1.1535698
37676,0.8503517
37677,0.7740615
37678,1.1907964
37679,1.1637537
37680,3.1867275
37681,1.2347708
37682,2.484808
37683,2.6424406
37684,1.2081428
37685,1.0954593
37686,1.1764141
37687,4.255351
37688,1.183835
37689,1.0241601
37690,3.384751
37691,4.700658
37692,4.7033715
37693,1.981796
37694,1.5106977
37695,3.7075453
37696,2.0624437
37697,3.077612
37698,1.6632047
37699,1.3578244
37700,0.9314099
37701,3.1358695
37702,4.982279
37703,0.63005394
37704,0.8908969
37705,2.3049545
37706,4.2209535
37707,3.1676342
37708,1.5637422
37709,4.915886
37710,4.984834
37711,2.4957724
37712,3.3229542
37713,2.8446813
37714,1.2101109
37715,2.4392648
37716,1.7812369
37717,1.8951932
37718,2.3885503
37719,2.9919245
37720,2.3525496
37721,4.0075326
37722,1.2658359
37723,2.6703548
37724,2.6868029
37725,2.766981
37726,1.8408978
37727,4.4630013
37728,0.8759194
37729,5.025416
37730,1.5403073
37731,1.3526715
37732,1.0980384
37733,2.9855602
37734,2.3651545
37735,1.0199432
37736,4.634413
37737,1.6170465
37738,1.6061431
37739,2.2873218
37740,1.6758741
37741,2.9072015
37742,2.1640716
37743,1.5763407
37744,1.2740973
37745,3.7276301
37746,1.1177553
37747,3.0955014
37748,0.70183134
37749,0.7010208
37750,1.5240661
37751,3.5259585
37752,0.7700125
37753,3.8126962
37754,2.0334918
37755,3.852611
37756,1.3967137
37757,1.2955843
37758,1.2262701
37759,1.5771242
37760,3.4588053
37761,0.7939329
37762,1.6792915
37763,1.9676609
37764,5.203941
37765,2.2400415
37766,1.0759693
37767,1.9170531
37768,2.266727
37769,2.0001807
37770,0.512094
37771,0.9159786
37772,2.3652763
37773,2.5237286
37774,4.668438
37775,0.9893056
37776,3.61948
37777,0.99839467
37778,1.8070368
37779,3.4283621
37780,1.904263
37781,1.5013541
37782,3.4543283
37783,2.7823892
37784,0.72662103
37785,2.2285683
37786,2.7733903
37787,2.1265316
37788,1.9545463
37789,3.6525185
37790,2.97418
37791,4.530744
37792,2.016101
37793,0.81962603
37794,1.5884757
37795,3.467468
37796,1.5718169
37797,1.7412822
37798,3.6068177
37799,2.382933
37800,3.2678607
37801,2.5411763
37802,3.892028
37803,3.5947452
37804,2.4851372
37805,2.9820023
37806,2.649165
37807,3.215179
37808,1.1593401
37809,1.7743329
37810,1.0543388
37811,1.6429495
37812,1.3440614
37813,2.4263892
37814,1.7448622
37815,2.1593032
37816,2.7804878
37817,1.8502923
37818,2.3133285
37819,0.59698397
37820,1.4921995
37821,3.57697
37822,2.059818
37823,3.212866
37824,0.9277293
37825,2.1517425
37826,0.8304533
37827,1.2295517
37828,2.3944569
37829,2.5128376
37830,1.9259579
37831,1.7479393
37832,1.4064752
37833,3.7168243
37834,1.2190357
37835,3.2109792
37836,1.6588697
37837,1.5294623
37838,0.6257396
37839,3.387835
37840,1.1269205
37841,3.4986982
37842,0.6092304
37843,4.9631677
37844,1.5320781
37845,2.419773
37846,0.9421302
37847,2.375656
37848,2.6291578
37849,3.0045364
37850,2.2878551
37851,1.204335
37852,2.801811
37853,3.7799182
37854,1.9016598
37855,2.5050962
37856,0.42349303
37857,1.2262809
37858,1.9399607
37859,2.0140038
37860,3.4732199
37861,2.4444098
37862,0.68387485
37863,3.3182163
37864,1.6852412
37865,0.8805989
37866,1.7582911
37867,2.1207626
37868,2.238621
37869,3.692748
37870,2.297331
37871,1.0591383
37872,2.526983
37873,1.5480584
37874,0.9913748
37875,2.2583106
37876,2.2132292
37877,4.871005
37878,1.6106726
37879,3.2052515
37880,1.0308048
37881,2.5135775
37882,2.339894
37883,1.6486249
37884,1.691011
37885,3.0862045
37886,1.5664469
37887,1.1025047
37888,1.5127718
37889,2.7593846
37890,1.2995911
37891,2.525269
37892,1.6291885
37893,1.1942016
37894,5.0022497
37895,2.1800253
37896,2.337505
37897,1.9004296
37898,3.8653994
37899,1.808178
37900,3.8821824
37901,0.53205806
37902,0.6079756
37903,4.602742
37904,2.749418
37905,4.651382
37906,2.7513018
37907,1.4577216
37908,1.329205
37909,2.5612824
37910,2.3000388
37911,3.0287778
37912,1.5091398
37913,1.5909089
37914,2.3107393
37915,1.2964528
37916,1.1510435
37917,1.4042097
37918,1.3266114
37919,1.840827
37920,5.1733723
37921,1.3908458
37922,1.4214808
37923,1.0813465
37924,1.4691594
37925,1.0010185
37926,2.1744635
37927,1.0210012
37928,0.95123297
37929,1.6769937
37930,1.6077324
37931,3.0616748
37932,2.6358466
37933,1.724076
37934,3.9128265
37935,1.5456396
37936,1.9196821
37937,0.9170976
37938,1.629096
37939,2.1081378
37940,1.9429622
37941,3.3597357
37942,1.4176635
37943,2.1437032
37944,2.5490127
37945,3.0273457
37946,1.2658348
37947,1.8603078
37948,1.9845725
37949,4.51239
37950,1.9505798
37951,1.1202985
37952,0.984235
37953,0.6844381
37954,1.4350077
37955,1.7020483
37956,0.8362001
37957,1.6890811
37958,2.527601
37959,1.4767497
37960,2.2094421
37961,1.8324844
37962,1.2462685
37963,4.288816
37964,0.8225204
37965,2.0609002
37966,2.34511
37967,2.9314632
37968,3.7084377
37969,2.280512
37970,0.948175
37971,2.6268864
37972,3.7368836
37973,1.6643943
37974,1.9970652
37975,1.9737347
37976,1.691931
37977,3.133288
37978,1.3842088
37979,2.8739595
37980,1.0198461
37981,1.0254633
37982,2.5430956
37983,3.3474867
37984,0.9688355
37985,2.6428137
37986,1.520141
37987,0.8406712
37988,2.876688
37989,1.2311683
37990,2.4740708
37991,2.0546362
37992,1.9948566
37993,1.2804775
37994,0.871268
37995,1.3357649
37996,3.3346677
37997,3.6990871
37998,0.65549177
37999,1.996233
38000,1.7777697
38001,3.760672
38002,1.7713752
38003,2.0365965
38004,2.2452307
38005,0.5175334
38006,3.115866
38007,2.3917718
38008,0.98142314
38009,2.202209
38010,1.7658802
38011,1.0937566
38012,1.2111858
38013,4.4890184
38014,3.5719986
38015,1.625249
38016,1.848483
38017,2.644549
38018,1.9006245
38019,3.5881493
38020,1.5631567
38021,0.9145472
38022,0.7347783
38023,2.749845
38024,3.9240246
38025,1.8910053
38026,1.6981306
38027,1.608084
38028,1.2756197
38029,2.2932758
38030,2.3301773
38031,2.8485327
38032,0.7609057
38033,1.8327581
38034,1.9969271
38035,0.733406
38036,0.45038444
38037,3.0783353
38038,1.8641022
38039,1.5097433
38040,1.1318883
38041,1.1232945
38042,1.5817333
38043,1.7647028
38044,2.690209
38045,0.8522007
38046,1.5115967
38047,1.3352392
38048,1.4622493
38049,1.3181628
38050,1.6079143
38051,1.2300086
38052,0.8455239
38053,0.64650166
38054,0.70143735
38055,1.4695815
38056,1.273444
38057,2.7233362
38058,1.9049463
38059,1.9304273
38060,1.7185358
38061,1.5723317
38062,3.888523
38063,2.092161
38064,3.8307674
38065,3.7930334
38066,2.3985653
38067,2.4313943
38068,0.75412107
38069,1.6775963
38070,2.2221954
38071,2.174349
38072,3.0703354
38073,2.433772
38074,1.6498125
38075,1.7670401
38076,1.5678084
38077,2.4596026
38078,1.9313968
38079,5.075945
38080,1.8316075
38081,3.4206412
38082,2.825426
38083,1.4626328
38084,3.8682227
38085,2.4886935
38086,0.98125285
38087,0.9059575
38088,2.019604
38089,1.8125997
38090,2.1105177
38091,1.0913656
38092,1.8402134
38093,3.1060708
38094,2.0226185
38095,2.208864
38096,4.1710815
38097,1.5744228
38098,1.3840057
38099,1.5732071
38100,3.841892
38101,3.650458
38102,2.2802575
38103,1.8142772
38104,1.2576557
38105,1.7223071
38106,3.5385787
38107,2.0377283
38108,2.460872
38109,1.1512771
38110,2.092424
38111,2.435375
38112,5.057553
38113,3.3214211
38114,3.1737795
38115,2.7953434
38116,1.8382744
38117,4.979122
38118,1.7676252
38119,1.7436261
38120,1.5064186
38121,2.2950296
38122,1.1490101
38123,2.806072
38124,0.9983637
38125,1.9350579
38126,1.5075862
38127,1.2115804
38128,2.9777417
38129,1.1726471
38130,0.5614001
38131,1.3079765
38132,0.68783987
38133,1.2947903
38134,0.94846374
38135,1.7492201
38136,1.2590901
38137,2.5037556
38138,1.9398642
38139,2.4315577
38140,3.3133473
38141,2.4997995
38142,1.2371445
38143,2.4299161
38144,1.4793844
38145,0.9526349
38146,2.3873603
38147,1.4151205
38148,1.1781886
38149,3.2938378
38150,2.3920264
38151,2.9999197
38152,1.4956053
38153,3.8889477
38154,1.899282
38155,3.3628955
38156,1.3697193
38157,2.0990365
38158,1.2324079
38159,0.5752334
38160,1.7782847
38161,2.014302
38162,1.6904887
38163,1.2904272
38164,1.721162
38165,2.3233628
38166,2.7818594
38167,0.9996635
38168,0.74916375
38169,1.9986784
38170,1.034853
38171,2.040047
38172,1.5235165
38173,3.4134877
38174,1.9954015
38175,1.4129503
38176,1.5986159
38177,3.3584578
38178,1.8404444
38179,1.7558181
38180,1.6808782
38181,1.0273123
38182,2.4760041
38183,2.0847
38184,1.7001132
38185,2.6295843
38186,4.632578
38187,2.3928697
38188,0.83443004
38189,1.053519
38190,1.5101296
38191,1.3208047
38192,1.6120679
38193,1.8511981
38194,2.6439276
38195,2.0580926
38196,1.9029595
38197,2.560104
38198,4.0717406
38199,1.090711
38200,1.7373881
38201,1.4394401
38202,2.4924731
38203,1.7053483
38204,2.2795868
38205,1.8981715
38206,2.4353933
38207,1.8022014
38208,2.8508234
38209,1.2468033
38210,1.6843
38211,0.85431904
38212,1.800614
38213,3.2892303
38214,1.4108355
38215,0.9293221
38216,2.2238631
38217,3.2313552
38218,0.601891
38219,2.3643863
38220,1.4665605
38221,0.99425334
38222,1.9378119
38223,2.97264
38224,2.8651543
38225,1.4332929
38226,2.2067726
38227,3.3130097
38228,2.925776
38229,2.0544772
38230,1.0392556
38231,2.576592
38232,1.8373083
38233,3.2032993
38234,3.629078
38235,1.292294
38236,2.3715978
38237,2.6607223
38238,3.1322649
38239,2.4648626
38240,3.7670918
38241,1.0501945
38242,1.7491039
38243,1.6768917
38244,1.6969818
38245,1.7107911
38246,2.4578993
38247,1.3001102
38248,4.7316895
38249,2.1577623
38250,4.1186013
38251,1.0572921
38252,2.6528842
38253,1.9677728
38254,2.094252
38255,0.9237806
38256,1.4673504
38257,1.0938414
38258,4.2545066
38259,1.994055
38260,1.0887709
38261,2.0842917
38262,1.0824
38263,2.7719662
38264,4.067282
38265,1.4501339
38266,1.9833497
38267,0.90181535
38268,0.7681654
38269,1.5700363
38270,1.9393646
38271,4.702796
38272,1.7903214
38273,4.6690474
38274,2.6504412
38275,1.6602464
38276,3.0037043
38277,1.4293746
38278,2.4129505
38279,1.9843581
38280,1.643967
38281,1.5977844
38282,0.5962401
38283,3.001697
38284,1.2622994
38285,0.8488441
38286,1.3799698
38287,1.8340365
38288,1.2985932
38289,1.3885946
38290,3.8003974
38291,1.4324043
38292,1.6362164
38293,1.777889
38294,1.1217976
38295,3.208423
38296,1.5029855
38297,2.1328576
38298,1.7571784
38299,2.3993275
38300,2.2101853
38301,1.5464716
38302,3.08532
38303,1.4957533
38304,1.9987586
38305,2.1020575
38306,1.1352357
38307,3.920867
38308,1.8232223
38309,2.25478
38310,1.5687433
38311,2.682766
38312,2.7271953
38313,1.7343411
38314,2.7553701
38315,1.42294
38316,1.4379029
38317,2.7778594
38318,1.4173027
38319,2.4024966
38320,2.2088857
38321,3.0156739
38322,2.202584
38323,1.3087888
38324,0.83956826
38325,1.333799
38326,0.94458723
38327,3.4533927
38328,2.1682844
38329,2.9587364
38330,1.7318066
38331,3.664199
38332,2.1908987
38333,1.4118569
38334,2.4448917
38335,1.5488173
38336,3.4591706
38337,1.7584648
38338,1.5700775
38339,0.8520078
38340,1.5030866
38341,2.501591
38342,1.3929871
38343,1.9639603
38344,2.2113626
38345,0.89674544
38346,2.4353738
38347,1.9759159
38348,2.9037428
38349,2.0161033
38350,2.2422101
38351,0.7977026
38352,0.6786789
38353,1.1409882
38354,1.2125672
38355,2.7945578
38356,0.8917107
38357,2.9927297
38358,4.806205
38359,1.7391453
38360,1.9774222
38361,1.611996
38362,2.957951
38363,1.7689896
38364,2.8759844
38365,4.498384
38366,1.0838536
38367,2.3008885
38368,1.5682278
38369,2.2064364
38370,3.2285807
38371,2.2070003
38372,1.4606009
38373,1.3800766
38374,1.4962343
38375,2.2744124
38376,1.0108467
38377,2.521154
38378,0.8257832
38379,0.64764464
38380,1.4945453
38381,1.9691943
38382,1.1477026
38383,2.4523113
38384,1.5964104
38385,1.0239741
38386,1.891015
38387,3.2165868
38388,3.4773865
38389,3.7763624
38390,4.601582
38391,4.728721
38392,0.9443547
38393,1.2961315
38394,0.8599624
38395,2.0134585
38396,0.5960374
38397,1.5213426
38398,2.549889
38399,1.979476
38400,1.6402979
38401,2.2531834
38402,2.7877994
38403,1.3926482
38404,3.5115807
38405,2.907274
38406,2.6174264
38407,0.945939
38408,1.9605737
38409,2.8201256
38410,2.3041627
38411,4.3702493
38412,2.1660569
38413,1.4737228
38414,1.1611773
38415,2.683454
38416,2.3397822
38417,2.5041122
38418,1.5091335
38419,1.9174019
38420,2.9400501
38421,2.3034866
38422,1.0191485
38423,0.5606708
38424,1.0443056
38425,2.918852
38426,1.7101156
38427,2.919914
38428,1.337859
38429,2.5288253
38430,2.2817397
38431,1.7371659
38432,1.0221175
38433,3.0823772
38434,1.6871393
38435,2.2108612
38436,2.0765185
38437,1.9390478
38438,3.1150324
38439,4.316368
38440,1.9130524
38441,4.414726
38442,3.8649132
38443,2.8460853
38444,1.3149555
38445,3.9292493
38446,2.375737
38447,1.6634203
38448,1.2801824
38449,1.4051187
38450,2.0798573
38451,1.8597
38452,3.8780587
38453,1.205161
38454,1.8886765
38455,2.84949
38456,3.4937212
38457,0.99587244
38458,2.7565868
38459,3.8906233
38460,1.0686601
38461,0.5313395
38462,0.96825117
38463,0.910564
38464,1.4501382
38465,1.0582087
38466,1.8620889
38467,0.6986618
38468,1.1441283
38469,2.184419
38470,1.9148922
38471,0.8271198
38472,2.1628118
38473,1.2633363
38474,1.8818463
38475,2.2212064
38476,1.7108684
38477,1.3313223
38478,0.57844806
38479,0.72567046
38480,1.4890178
38481,2.2114954
38482,1.7202398
38483,2.638647
38484,0.5544009
38485,1.2771081
38486,0.92928624
38487,3.0345252
38488,1.4946609
38489,1.5209682
38490,2.2334304
38491,0.88815904
38492,1.1449182
38493,0.86325634
38494,1.1309469
38495,2.595669
38496,1.827778
38497,0.9119481
38498,0.9979198
38499,1.8533578
38500,1.3175216
38501,1.4739425
38502,1.7900811
38503,1.2666142
38504,1.6114441
38505,1.6066406
38506,2.9028473
38507,1.3706932
38508,0.9480534
38509,1.2345878
38510,2.155778
38511,2.2142577
38512,1.9759395
38513,3.1237175
38514,1.4228677
38515,2.7171075
38516,0.8356399
38517,0.93070406
38518,1.2986375
38519,2.379023
38520,1.968148
38521,1.496471
38522,2.952873
38523,2.9223218
38524,3.3771248
38525,1.2763588
38526,4.1977773
38527,4.137909
38528,1.826442
38529,2.5457623
38530,1.4730161
38531,2.42797
38532,1.9291326
38533,2.9543643
38534,1.5420259
38535,1.9147589
38536,3.9741876
38537,1.7523032
38538,1.320305
38539,2.9623663
38540,1.6184839
38541,1.4610174
38542,1.2126698
38543,1.7618558
38544,1.1700747
38545,1.5549468
38546,1.5927987
38547,3.3593478
38548,2.7227259
38549,2.3577588
38550,1.8102738
38551,4.5410004
38552,1.2220542
38553,1.9332609
38554,1.14285
38555,1.3116332
38556,1.3638717
38557,3.6406982
38558,2.0352879
38559,3.10367
38560,1.2298492
38561,0.5647144
38562,2.5708675
38563,2.4642277
38564,0.51488364
38565,0.60913634
38566,1.5285219
38567,1.5317626
38568,3.2283173
38569,1.106978
38570,2.7755322
38571,2.0695982
38572,0.94825655
38573,2.139427
38574,1.4466918
38575,0.9270789
38576,1.8234922
38577,1.2451191
38578,1.2377785
38579,1.6732931
38580,0.5764083
38581,2.6095774
38582,1.745336
38583,2.3407564
38584,2.3843656
38585,1.5534189
38586,3.8591225
38587,1.8683064
38588,2.7735975
38589,1.9625262
38590,0.64372575
38591,1.1804845
38592,4.06993
38593,1.4532126
38594,0.74534994
38595,3.0547304
38596,1.9767866
38597,3.7986019
38598,0.5935097
38599,2.955507
38600,2.4620218
38601,1.0968468
38602,1.1559864
38603,2.0630097
38604,2.3113608
38605,0.86824244
38606,2.0402448
38607,1.8739549
38608,2.0022228
38609,2.4851856
38610,0.67661285
38611,1.0276226
38612,0.80979896
38613,1.6661972
38614,1.1082944
38615,3.5154762
38616,1.3229637
38617,0.60853314
38618,0.967433
38619,2.3729777
38620,0.8422925
38621,1.52383
38622,1.7502747
38623,1.1260577
38624,1.0843726
38625,1.6361413
38626,1.9478171
38627,1.7615192
38628,1.953569
38629,1.79107
38630,3.7235084
38631,1.8051966
38632,1.5984982
38633,1.5559245
38634,2.1587493
38635,1.4996531
38636,2.9868658
38637,1.792944
38638,4.104295
38639,1.1456382
38640,3.556598
38641,3.5457997
38642,1.4730513
38643,4.035482
38644,2.6405463
38645,1.6063523
38646,2.7637446
38647,1.8978497
38648,3.0843925
38649,3.1023633
38650,1.6200006
38651,4.3003187
38652,1.8771076
38653,3.89228
38654,1.3956528
38655,2.0855422
38656,1.3181931
38657,1.2903252
38658,2.098049
38659,1.5494642
38660,2.8017876
38661,1.546483
38662,1.8821856
38663,2.810019
38664,2.057409
38665,1.1436402
38666,2.0673907
38667,1.594702
38668,1.2001152
38669,1.8399429
38670,1.8715154
38671,0.8125441
38672,1.3523685
38673,1.5564344
38674,0.8310306
38675,4.807707
38676,0.6225712
38677,1.0997934
38678,2.1072643
38679,2.8305013
38680,2.066046
38681,2.4456663
38682,2.1404696
38683,1.5984849
38684,1.7592831
38685,3.7162557
38686,1.6267097
38687,1.7511477
38688,0.9273344
38689,1.540266
38690,1.4689314
38691,1.364975
38692,3.1967309
38693,1.8591185
38694,0.96257216
38695,0.71985286
38696,1.963702
38697,1.2463641
38698,1.6061155
38699,0.9474681
38700,1.3250035
38701,2.1588125
38702,2.4863837
38703,1.1994015
38704,1.2155058
38705,1.3209149
38706,2.7993188
38707,1.4009391
38708,1.0724427
38709,1.1381246
38710,2.020398
38711,1.3258741
38712,2.1488369
38713,4.608536
38714,1.9341232
38715,2.4377005
38716,1.2874355
38717,2.4938054
38718,3.124713
38719,1.7195196
38720,1.0967042
38721,3.1259878
38722,1.9076054
38723,0.71943355
38724,1.7098744
38725,1.0881612
38726,1.6553576
38727,2.13651
38728,2.6293824
38729,1.137177
38730,2.5658228
38731,3.400784
38732,1.9833987
38733,1.8586471
38734,2.603805
38735,4.7415066
38736,3.790418
38737,2.6110883
38738,2.6835983
38739,0.709224
38740,1.7349604
38741,3.808978
38742,1.5626745
38743,0.7850595
38744,1.8488202
38745,2.574764
38746,1.480692
38747,1.110291
38748,1.7027693
38749,1.1289867
38750,2.0874107
38751,2.93862
38752,2.5361738
38753,1.691426
38754,1.466411
38755,1.978383
38756,0.9301707
38757,2.8003054
38758,1.3887724
38759,1.4386635
38760,3.577819
38761,3.359559
38762,0.9963627
38763,2.705196
38764,1.4668837
38765,2.6531518
38766,1.1928257
38767,0.795254
38768,1.4938774
38769,1.6258261
38770,5.0689964
38771,2.0938401
38772,1.3930006
38773,1.9113514
38774,1.0900441
38775,1.0001065
38776,1.3217757
38777,1.6700926
38778,0.90762085
38779,3.7583756
38780,2.744572
38781,1.6804214
38782,1.3881794
38783,3.2194033
38784,2.044919
38785,3.876307
38786,1.039083
38787,2.711719
38788,2.8698738
38789,0.6570829
38790,1.3550786
38791,1.9482578
38792,2.0917938
38793,0.71414757
38794,2.6599526
38795,3.7867172
38796,2.9569213
38797,1.0418025
38798,0.6083403
38799,1.2317274
38800,1.1939405
38801,2.536047
38802,2.2462468
38803,1.6980888
38804,2.0589602
38805,0.94751084
38806,3.611267
38807,3.37922
38808,2.4465318
38809,2.236118
38810,1.8127012
38811,4.4648585
38812,3.4631004
38813,1.0907953
38814,3.215206
38815,1.4877816
38816,0.9992891
38817,0.7799864
38818,1.4229667
38819,2.9050517
38820,2.565575
38821,1.1760455
38822,1.1818573
38823,2.7386308
38824,0.59278
38825,3.7395852
38826,0.9269398
38827,2.8482058
38828,1.0637412
38829,3.3235419
38830,1.7293489
38831,3.5733216
38832,1.574201
38833,1.7142051
38834,1.3275601
38835,0.66228867
38836,4.0292354
38837,1.6640463
38838,0.7763653
38839,1.4701778
38840,3.3104975
38841,0.9374168
38842,2.5892596
38843,1.3718787
38844,2.2626417
38845,1.7030014
38846,3.9684298
38847,1.847947
38848,1.8380166
38849,2.263661
38850,2.813173
38851,1.6165391
38852,1.3455853
38853,0.8746173
38854,2.738303
38855,3.3292859
38856,2.9967377
38857,3.321497
38858,2.9293933
38859,1.4856853
38860,0.71112955
38861,2.509626
38862,1.2148249
38863,1.563024
38864,1.1481144
38865,2.119599
38866,4.1273823
38867,2.7983766
38868,2.2481377
38869,1.0589819
38870,1.9742429
38871,1.8045689
38872,1.378979
38873,2.7477012
38874,1.2737149
38875,2.227348
38876,1.8722368
38877,2.5084293
38878,1.0347264
38879,1.6465577
38880,2.6427333
38881,3.6685946
38882,3.8168972
38883,1.4989798
38884,2.9545634
38885,0.9139422
38886,3.6977358
38887,1.6145161
38888,5.1155734
38889,2.2396138
38890,2.8212934
38891,1.8389765
38892,3.000841
38893,1.8113632
38894,2.3551457
38895,2.64928
38896,2.167231
38897,1.2940515
38898,4.9495583
38899,4.090553
38900,0.7229132
38901,3.1424215
38902,1.5717775
38903,1.6103177
38904,0.7839193
38905,0.47901645
38906,2.1661289
38907,3.1426077
38908,1.4560866
38909,1.5267483
38910,1.403867
38911,2.1096034
38912,0.90457225
38913,2.6745126
38914,1.8664353
38915,3.326617
38916,1.2043653
38917,1.3126384
38918,0.9373894
38919,0.9179761
38920,1.9806715
38921,1.0464596
38922,1.6801922
38923,0.75250506
38924,1.2640026
38925,3.002869
38926,1.8932179
38927,3.2837336
38928,1.6740224
38929,1.2386968
38930,3.938724
38931,2.5767276
38932,4.0095906
38933,1.1141653
38934,0.82442373
38935,1.1462541
38936,2.759571
38937,1.6410174
38938,1.8781698
38939,2.7190077
38940,1.5648569
38941,3.4175096
38942,2.8870642
38943,1.393904
38944,2.012169
38945,2.4721649
38946,2.943781
38947,0.6518483
38948,2.0123477
38949,2.0323365
38950,1.7514414
38951,3.3546605
38952,2.7805066
38953,0.9167997
38954,3.5229738
38955,1.3934642
38956,2.5095756
38957,1.7960082
38958,1.8597947
38959,1.2196381
38960,3.0535004
38961,1.0032862
38962,2.1625307
38963,2.1911457
38964,0.6765053
38965,1.7875929
38966,0.8531828
38967,1.5146363
38968,4.725497
38969,1.7633722
38970,2.0092547
38971,2.887185
38972,0.96031946
38973,2.1444418
38974,1.7122966
38975,2.4820766
38976,1.447684
38977,2.1480868
38978,1.7955102
38979,0.60792035
38980,2.159743
38981,2.335402
38982,3.3648553
38983,1.7233301
38984,1.4430169
38985,1.6212872
38986,2.2665644
38987,1.4354119
38988,0.9588773
38989,3.1988564
38990,1.8425491
38991,1.4431334
38992,1.9027656
38993,3.0463943
38994,4.582648
38995,2.1678574
38996,1.1319627
38997,1.9215692
38998,0.703018
38999,3.3861501
39000,1.2834455
39001,2.642311
39002,4.646352
39003,2.7471516
39004,0.90240663
39005,0.6890239
39006,2.0881007
39007,0.72053057
39008,3.3922932
39009,2.0427423
39010,2.2341828
39011,0.9459268
39012,1.0575249
39013,2.7795823
39014,1.1296008
39015,1.1493808
39016,2.915671
39017,0.8951217
39018,2.0135634
39019,4.1319065
39020,2.4950001
39021,2.2968783
39022,4.0735188
39023,4.0654883
39024,0.6190002
39025,1.0235089
39026,3.3692274
39027,1.4979985
39028,3.2170103
39029,2.8720329
39030,1.9999093
39031,2.7321692
39032,0.69493765
39033,0.9099488
39034,1.7911335
39035,1.6632156
39036,1.9313153
39037,3.9860494
39038,1.3787428
39039,1.3302108
39040,3.0619426
39041,0.68032485
39042,1.4188278
39043,4.518271
39044,4.843794
39045,1.6728147
39046,1.9716045
39047,4.06107
39048,2.4805024
39049,3.923942
39050,0.87777305
39051,3.3671868
39052,3.787765
39053,1.2381301
39054,4.8519444
39055,2.4040763
39056,0.7683869
39057,4.7665305
39058,2.1213856
39059,4.423209
39060,1.9320024
39061,1.2215881
39062,2.3356357
39063,0.9153673
39064,1.4334216
39065,2.0033064
39066,1.9956993
39067,2.8835413
39068,1.3095723
39069,0.71662635
39070,1.3218598
39071,0.74069315
39072,2.040549
39073,1.5894388
39074,1.8260738
39075,1.6913809
39076,0.569716
39077,2.1874037
39078,1.7627733
39079,0.9967009
39080,1.8830359
39081,1.0833364
39082,2.4330359
39083,2.193786
39084,1.8513403
39085,0.8816022
39086,4.8724475
39087,2.3433557
39088,3.0865288
39089,3.5741081
39090,1.8450966
39091,2.5761116
39092,2.7601688
39093,2.8022902
39094,1.5723029
39095,2.867425
39096,2.472923
39097,1.6283963
39098,1.2841947
39099,4.169342
39100,1.8534185
39101,3.119344
39102,1.1482397
39103,3.295905
39104,1.9866246
39105,2.5555687
39106,1.0116664
39107,0.7319787
39108,1.2862698
39109,2.382377
39110,2.88621
39111,1.0260128
39112,3.748416
39113,2.8901517
39114,2.2034047
39115,1.0276104
39116,1.4838933
39117,1.8984156
39118,0.9784839
39119,1.2693396
39120,1.8453357
39121,1.0653096
39122,2.2648494
39123,1.8125945
39124,2.88511
39125,3.2062654
39126,0.6731292
39127,2.0790036
39128,2.440161
39129,2.097326
39130,0.86884725
39131,1.4822197
39132,1.9105635
39133,2.2365944
39134,1.7823738
39135,1.5626273
39136,0.9433285
39137,1.4668896
39138,1.0944666
39139,1.5037682
39140,1.5855589
39141,2.3161237
39142,2.3174312
39143,0.85576564
39144,2.027831
39145,1.7137275
39146,1.4716998
39147,2.0339212
39148,2.3846953
39149,2.3926575
39150,1.6997404
39151,0.8921649
39152,2.3835375
39153,4.6664453
39154,1.8119249
39155,3.8586571
39156,1.8034225
39157,1.9105692
39158,3.2241817
39159,2.0444553
39160,2.5486805
39161,2.1142898
39162,1.6464087
39163,3.3733914
39164,1.743468
39165,2.5231104
39166,1.6554157
39167,0.9415266
39168,3.857581
39169,1.3042403
39170,2.7018518
39171,1.5002455
39172,2.3404567
39173,2.3587868
39174,0.6404023
39175,1.6263988
39176,0.8645233
39177,0.822586
39178,0.95517904
39179,2.9884775
39180,3.2572384
39181,1.8462151
39182,1.4324431
39183,0.9257982
39184,2.2840266
39185,0.99739045
39186,1.1017147
39187,2.1861637
39188,1.5994346
39189,2.322157
39190,2.0479753
39191,1.1076978
39192,1.0309646
39193,3.1105278
39194,0.96410805
39195,2.4135954
39196,3.1497355
39197,4.801043
39198,1.6026815
39199,1.8976327
39200,1.1787454
39201,2.0415628
39202,2.7623324
39203,2.2057164
39204,1.6824766
39205,3.7685788
39206,0.92490834
39207,2.333121
39208,2.8064907
39209,4.379519
39210,1.8561926
39211,1.7095897
39212,0.84540427
39213,1.4038101
39214,1.7984747
39215,0.7808709
39216,2.5397944
39217,4.054517
39218,2.9187403
39219,1.8231896
39220,2.0075188
39221,2.3558931
39222,2.983431
39223,2.111908
39224,3.4640124
39225,1.6001903
39226,1.3927484
39227,1.4141518
39228,2.0366833
39229,1.0778706
39230,1.2129354
39231,1.9336706
39232,1.6724201
39233,2.0569477
39234,3.4051905
39235,3.3933258
39236,1.6490849
39237,1.2505652
39238,4.727387
39239,1.5141816
39240,1.9557283
39241,0.9558144
39242,1.2379028
39243,0.8276944
39244,1.2418565
39245,0.8044192
39246,2.5678256
39247,2.971499
39248,2.885012
39249,2.425035
39250,3.4957027
39251,0.7141804
39252,3.9775784
39253,2.199375
39254,2.967903
39255,1.7360437
39256,2.519166
39257,4.786481
39258,2.3297062
39259,1.2457755
39260,1.6748061
39261,2.1656454
39262,1.0262498
39263,1.1348407
39264,2.4154377
39265,2.4680092
39266,0.50405794
39267,2.142356
39268,2.0764763
39269,0.53678405
39270,2.2854047
39271,1.0577365
39272,0.49452758
39273,2.2892866
39274,2.273465
39275,2.1819477
39276,0.96313524
39277,1.8041351
39278,1.6945653
39279,1.6224678
39280,0.8459366
39281,2.334224
39282,0.6667871
39283,1.4044503
39284,1.3734325
39285,1.230691
39286,1.5157292
39287,1.7235432
39288,2.6284513
39289,2.378695
39290,1.5319717
39291,1.5988255
39292,1.4422786
39293,2.950435
39294,3.0216959
39295,2.0740488
39296,2.7833467
39297,1.6918573
39298,4.9293547
39299,1.6866978
39300,1.6423337
39301,1.3234473
39302,2.5189822
39303,1.8346004
39304,1.6408381
39305,3.118884
39306,1.3053032
39307,0.95104533
39308,2.371392
39309,2.3796718
39310,2.2565687
39311,1.3317937
39312,1.3010243
39313,4.164639
39314,1.2672807
39315,5.056435
39316,3.2879417
39317,4.520471
39318,1.6472516
39319,3.6057231
39320,0.7788381
39321,1.9214623
39322,2.7176924
39323,1.5400345
39324,1.9562691
39325,0.674368
39326,1.788636
39327,2.3158493
39328,1.1975311
39329,2.987807
39330,0.47395474
39331,2.856378
39332,1.6844991
39333,2.2652133
39334,0.6528319
39335,2.0601375
39336,1.4975154
39337,2.65567
39338,3.5150518
39339,4.2296424
39340,0.7021609
39341,2.6149614
39342,1.1063304
39343,2.093426
39344,2.3637083
39345,2.4706523
39346,1.5836334
39347,1.682797
39348,4.9680862
39349,2.8235955
39350,1.4897916
39351,2.151717
39352,0.7273611
39353,0.7674312
39354,2.806084
39355,1.556459
39356,0.55274594
39357,1.2496052
39358,3.6515474
39359,1.9530449
39360,1.9617262
39361,1.1817507
39362,3.1212096
39363,1.6933656
39364,2.0609937
39365,1.5853444
39366,4.031616
39367,0.88229966
39368,3.6652396
39369,1.0948278
39370,4.2805877
39371,1.4382025
39372,2.8732178
39373,1.8293463
39374,1.5343409
39375,1.4399319
39376,1.3009286
39377,1.141195
39378,2.4571435
39379,2.1895177
39380,2.3374698
39381,1.8294662
39382,0.91608506
39383,1.2021744
39384,4.6530905
39385,3.1723175
39386,3.5588522
39387,1.3869692
39388,2.6057444
39389,2.2717893
39390,1.1991365
39391,5.22238
39392,1.7767682
39393,2.6158078
39394,1.1366633
39395,1.0195063
39396,3.2509668
39397,0.7122576
39398,2.0844438
39399,4.209843
39400,0.949288
39401,2.432837
39402,2.8307405
39403,1.9484916
39404,1.3259169
39405,1.3773203
39406,2.1251094
39407,1.5834368
39408,1.9382262
39409,2.193301
39410,2.4923944
39411,1.0422674
39412,1.856404
39413,3.661662
39414,0.5798409
39415,1.0810288
39416,3.9261527
39417,3.346516
39418,3.0836449
39419,1.0584198
39420,2.176739
39421,1.1448015
39422,0.9496465
39423,0.99637014
39424,3.2925313
39425,2.0152602
39426,2.8466268
39427,2.0027423
39428,4.088833
39429,2.667623
39430,3.2732518
39431,1.305264
39432,2.9946158
39433,4.3468604
39434,2.2820594
39435,2.1963058
39436,1.9713737
39437,1.2605444
39438,2.845897
39439,2.8958814
39440,0.55373716
39441,2.1817787
39442,1.798348
39443,2.592109
39444,1.787148
39445,2.9619594
39446,2.2679703
39447,2.4497068
39448,1.340202
39449,4.7509737
39450,2.4496303
39451,5.295858
39452,1.1851145
39453,2.8041053
39454,2.2259104
39455,2.8073611
39456,3.0490181
39457,1.6726726
39458,1.9111102
39459,0.9056531
39460,1.0582919
39461,0.8588113
39462,1.1015831
39463,3.3730226
39464,0.8603521
39465,2.5255783
39466,3.1526878
39467,2.100786
39468,3.6121583
39469,1.7914602
39470,0.6029503
39471,3.1457534
39472,1.3899226
39473,1.3908879
39474,2.2554424
39475,2.4708142
39476,2.5985057
39477,2.9382215
39478,1.9459294
39479,1.9401636
39480,1.3674664
39481,3.941845
39482,1.6746042
39483,1.2090198
39484,4.69216
39485,0.992302
39486,1.7121564
39487,2.1774232
39488,3.6672142
39489,1.6119274
39490,1.8215593
39491,1.724608
39492,3.408309
39493,1.0103215
39494,1.2128512
39495,1.2884682
39496,1.494528
39497,3.952255
39498,1.3254852
39499,1.0648385
39500,1.4363396
39501,0.7110897
39502,1.1248376
39503,1.1899431
39504,2.4971738
39505,1.9132551
39506,3.5277567
39507,0.8407176
39508,2.2620213
39509,0.95215285
39510,1.2915967
39511,0.7815898
39512,4.160484
39513,1.2996086
39514,1.7123499
39515,2.4437723
39516,2.550248
39517,1.8099847
39518,0.47335202
39519,2.0585606
39520,1.6252455
39521,3.7727609
39522,1.444837
39523,1.5143044
39524,3.0803475
39525,1.128124
39526,1.8563472
39527,0.57522035
39528,2.2240717
39529,2.0359256
39530,4.276175
39531,2.4647756
39532,2.927077
39533,1.3821843
39534,2.7161663
39535,3.2545984
39536,3.5310822
39537,4.5764613
39538,0.68215173
39539,2.69201
39540,1.3316339
39541,1.058978
39542,0.9434228
39543,2.3540497
39544,2.105184
39545,3.9126863
39546,1.8239101
39547,1.1087806
39548,3.5525103
39549,0.9097204
39550,1.2500616
39551,0.87302494
39552,2.127018
39553,3.4836419
39554,1.0103847
39555,2.0539827
39556,2.1194813
39557,1.3350719
39558,1.691512
39559,2.2949774
39560,1.9310386
39561,0.6164636
39562,1.5374583
39563,0.8281787
39564,1.4057128
39565,0.86475986
39566,0.89633423
39567,1.7843168
39568,0.7969484
39569,2.0049903
39570,1.2269901
39571,1.8353045
39572,1.87719
39573,1.5231373
39574,2.3497257
39575,3.7875795
39576,4.2695394
39577,4.5212374
39578,3.658134
39579,2.298526
39580,0.896606
39581,2.2243135
39582,3.1182158
39583,0.6460298
39584,3.5633128
39585,2.1192253
39586,1.181345
39587,2.8454216
39588,0.821967
39589,0.7439245
39590,1.3138182
39591,2.4408157
39592,0.9797837
39593,1.3968669
39594,0.97025454
39595,1.1520858
39596,3.662438
39597,1.3764819
39598,2.0466433
39599,1.6848178
39600,4.266994
39601,0.9053553
39602,1.1833594
39603,0.91516113
39604,1.9029291
39605,3.106164
39606,2.7671134
39607,1.1999224
39608,5.0734606
39609,1.2277775
39610,1.9120547
39611,3.3380344
39612,1.7582074
39613,1.4141679
39614,4.1580243
39615,1.4633222
39616,2.2873046
39617,0.9366719
39618,3.0282788
39619,2.3336203
39620,1.4848318
39621,2.4118125
39622,0.7750269
39623,1.0858331
39624,2.8332818
39625,2.6912851
39626,1.8340355
39627,3.0432737
39628,3.2645812
39629,1.3779778
39630,2.9505723
39631,2.7702708
39632,1.8382434
39633,1.3486603
39634,4.1804576
39635,1.0524083
39636,2.2629619
39637,1.7922558
39638,2.5797482
39639,2.8621006
39640,1.753884
39641,0.79330206
39642,1.6476269
39643,1.2828335
39644,2.0431294
39645,3.7316976
39646,3.338179
39647,1.5169623
39648,1.8210355
39649,4.570869
39650,3.0250669
39651,1.0526606
39652,1.2635615
39653,2.0414963
39654,1.0608622
39655,2.1401503
39656,0.89831454
39657,1.582204
39658,2.3588767
39659,1.5415369
39660,2.549565
39661,1.2735387
39662,2.5702872
39663,1.1347057
39664,2.1296911
39665,1.1722487
39666,3.0903404
39667,1.3495084
39668,3.4164064
39669,2.4093366
39670,1.180058
39671,1.9060118
39672,5.042061
39673,1.0176316
39674,1.0081606
39675,3.1920304
39676,1.4052265
39677,1.5763404
39678,1.4341717
39679,1.125009
39680,1.4550095
39681,1.7825156
39682,2.4237685
39683,2.1433153
39684,1.4510089
39685,2.611334
39686,2.4703982
39687,4.9169397
39688,1.6922973
39689,3.5525305
39690,1.9203655
39691,2.5938375
39692,1.3025393
39693,1.7728636
39694,0.81745076
39695,2.0456676
39696,2.8068318
39697,2.1844525
39698,1.816764
39699,3.0326655
39700,2.5611959
39701,2.0581586
39702,1.2614441
39703,1.6009479
39704,2.7191417
39705,3.470059
39706,2.3994799
39707,1.6425009
39708,1.456125
39709,4.730304
39710,2.3806345
39711,1.2598867
39712,3.370502
39713,1.2247547
39714,1.9985487
39715,1.9528409
39716,1.141445
39717,1.2111785
39718,3.3320174
39719,0.8982079
39720,2.0050309
39721,1.6637863
39722,2.4511397
39723,4.369052
39724,1.0253327
39725,1.6287731
39726,2.4621387
39727,2.0105164
39728,3.6802552
39729,2.7554011
39730,1.5624909
39731,1.9255719
39732,2.8420913
39733,2.5100605
39734,1.8748182
39735,3.7638824
39736,1.3797861
39737,1.3583719
39738,5.038519
39739,4.7294693
39740,1.6634151
39741,1.5371647
39742,2.4368508
39743,1.9941846
39744,1.5912528
39745,2.5708296
39746,0.6486519
39747,2.8032515
39748,0.9376775
39749,2.6082988
39750,3.5091572
39751,2.6187022
39752,2.200307
39753,1.0301169
39754,0.76289535
39755,1.9844428
39756,2.6891398
39757,0.78897375
39758,1.7937869
39759,1.5139295
39760,0.9346091
39761,2.6521292
39762,2.5723076
39763,3.8907197
39764,0.69059646
39765,0.83216286
39766,1.4838845
39767,2.7657883
39768,1.5184889
39769,0.9965005
39770,1.8169966
39771,1.2627949
39772,0.798815
39773,0.95094055
39774,0.7643339
39775,3.0214343
39776,1.3927592
39777,1.0049444
39778,2.5565073
39779,2.2179697
39780,1.4719135
39781,2.507479
39782,2.0811737
39783,1.4306113
39784,3.273402
39785,2.5232933
39786,3.430555
39787,1.8730236
39788,2.157562
39789,1.5849751
39790,1.2640507
39791,2.9886534
39792,2.0715482
39793,3.0082037
39794,2.3092575
39795,1.7613028
39796,1.8402809
39797,1.7308447
39798,1.5429622
39799,1.2971059
39800,3.7908459
39801,1.1542877
39802,3.0810757
39803,1.5552031
39804,1.7213523
39805,2.0479126
39806,0.7450178
39807,2.5844848
39808,2.839009
39809,3.15637
39810,2.1313062
39811,1.9450231
39812,1.1255431
39813,2.1880176
39814,3.4929497
39815,4.2586694
39816,1.5159165
39817,2.0682786
39818,2.4242256
39819,4.93621
39820,4.789502
39821,2.3880837
39822,2.0764713
39823,1.9668809
39824,1.3107547
39825,1.0144272
39826,2.3142104
39827,3.2665048
39828,3.4273496
39829,3.311907
39830,1.0577202
39831,3.671705
39832,4.7281933
39833,2.1894941
39834,2.739846
39835,2.20658
39836,2.0684083
39837,1.3650901
39838,1.9606388
39839,1.6026883
39840,1.2566998
39841,2.326007
39842,1.0545428
39843,4.5024924
39844,2.254724
39845,1.0223472
39846,0.9097717
39847,0.60553163
39848,2.2608726
39849,2.2408586
39850,2.1940322
39851,3.116836
39852,1.384135
39853,1.6332101
39854,1.1532631
39855,2.0537696
39856,1.694471
39857,2.3282228
39858,1.9752123
39859,3.5875661
39860,1.1735971
39861,0.7459085
39862,1.0045464
39863,1.888658
39864,2.5582764
39865,2.2242782
39866,3.702692
39867,1.0869005
39868,0.9107049
39869,0.89557123
39870,1.3535217
39871,3.1269581
39872,1.2029811
39873,1.9801011
39874,2.3943236
39875,0.86281884
39876,2.36734
39877,2.5382752
39878,1.4826833
39879,0.9277359
39880,2.795404
39881,2.333575
39882,1.0570978
39883,2.3204627
39884,2.323058
39885,1.4642559
39886,3.8789468
39887,0.95363593
39888,3.204106
39889,2.377512
39890,1.3300264
39891,1.1086603
39892,1.6400574
39893,1.2533435
39894,0.8293616
39895,0.79186666
39896,0.9222491
39897,3.8301358
39898,2.1455297
39899,2.392154
39900,2.4060528
39901,2.1774473
39902,4.721329
39903,1.3287653
39904,1.5150381
39905,2.1892967
39906,1.4451123
39907,2.1637456
39908,4.1437407
39909,1.4987446
39910,2.4887602
39911,3.3148236
39912,2.4482293
39913,1.8372238
39914,3.0889454
39915,2.2764063
39916,2.3460927
39917,3.178197
39918,1.6902617
39919,0.8618516
39920,1.685918
39921,2.588824
39922,2.1741655
39923,0.7741163
39924,1.5556629
39925,1.7284906
39926,1.4774871
39927,1.2121454
39928,1.587254
39929,1.5761373
39930,1.0386626
39931,0.80189264
39932,0.6174392
39933,1.0237943
39934,1.1033584
39935,2.0590427
39936,1.1831402
39937,1.6264621
39938,1.0653926
39939,2.5478032
39940,2.4329758
39941,1.2896417
39942,1.4788618
39943,1.4249314
39944,1.3734608
39945,1.4308282
39946,1.9347501
39947,0.8114203
39948,2.2904727
39949,1.4014796
39950,2.1198018
39951,1.5238236
39952,1.6233172
39953,2.8237326
39954,0.831705
39955,0.5639226
39956,2.1665235
39957,1.2497898
39958,1.4650548
39959,2.349262
39960,2.7564435
39961,1.3137553
39962,2.2244828
39963,2.6921182
39964,2.3817801
39965,4.2358556
39966,3.2497723
39967,3.2109828
39968,0.83515483
39969,4.954879
39970,2.5832648
39971,1.438259
39972,2.3775055
39973,0.92805845
39974,0.4839645
39975,2.2197347
39976,2.7657468
39977,1.1387376
39978,3.5254028
39979,1.2084703
39980,5.108426
39981,1.7712896
39982,2.715198
39983,1.493317
39984,2.4595187
39985,1.2052857
39986,4.201808
39987,2.040519
39988,4.9456935
39989,0.77579063
39990,2.5781615
39991,4.6135592
39992,1.8837987
39993,1.8451792
39994,2.446912
39995,1.0545182
39996,2.067275
39997,1.0419388
39998,0.9638495
39999,1.2386577
40000,1.9905068
40001,0.4925364
40002,1.3973465
40003,1.5666022
40004,1.9364414
40005,0.5534631
40006,2.0499554
40007,2.5586672
40008,1.7925415
40009,1.5158697
40010,0.8365331
40011,0.7126907
40012,1.6426717
40013,1.346304
40014,3.0081246
40015,3.2802584
40016,2.7138436
40017,3.0533214
40018,0.8795962
40019,0.73364574
40020,1.5711772
40021,3.633649
40022,2.2948663
40023,4.873169
40024,0.8815148
40025,2.5934744
40026,2.7178683
40027,1.2186743
40028,1.7454824
40029,1.3260311
40030,2.421849
40031,2.2938423
40032,3.3018312
40033,4.9186306
40034,2.7245772
40035,2.4938989
40036,1.2236456
40037,1.7338053
40038,0.89270884
40039,1.1573201
40040,1.0190333
40041,0.9095951
40042,2.0347967
40043,4.452628
40044,1.0707283
40045,0.52617335
40046,1.3995217
40047,2.3894799
40048,2.6468823
40049,1.3075765
40050,3.8229394
40051,1.959769
40052,1.8568766
40053,1.6999832
40054,3.1455293
40055,1.183731
40056,1.4918741
40057,2.7650113
40058,2.5727
40059,1.4518623
40060,1.052456
40061,1.8433166
40062,2.8021438
40063,1.718199
40064,1.6850603
40065,3.9744585
40066,0.56344336
40067,2.397076
40068,3.5801995
40069,0.6897852
40070,2.0772042
40071,2.670643
40072,4.842702
40073,1.9639874
40074,2.9000497
40075,3.33392
40076,3.4190617
40077,1.6919886
40078,1.1835666
40079,2.0252948
40080,2.3899395
40081,1.9024307
40082,1.5721699
40083,3.6720893
40084,2.618284
40085,2.0083747
40086,2.9828694
40087,0.73425883
40088,1.8205782
40089,1.5464443
40090,1.7910875
40091,0.98552334
40092,1.8971726
40093,0.83388597
40094,5.1177235
40095,1.0427756
40096,3.8306806
40097,1.6607893
40098,1.546863
40099,1.9237987
40100,1.4864613
40101,2.0400856
40102,2.455268
40103,2.2612443
40104,3.527159
40105,3.2884555
40106,0.6792656
40107,1.9650455
40108,2.9901376
40109,2.6548247
40110,1.4513474
40111,1.8083283
40112,1.7065921
40113,1.0654261
40114,1.4997673
40115,3.0642264
40116,1.2509749
40117,2.8809984
40118,0.9748506
40119,0.9574807
40120,1.806079
40121,2.4032147
40122,1.145174
40123,3.453097
40124,1.5649124
40125,1.3744615
40126,0.92134404
40127,1.3587873
40128,3.536609
40129,4.0474634
40130,2.5251017
40131,2.0679305
40132,1.544278
40133,2.8609538
40134,1.9492813
40135,1.5403395
40136,2.2152479
40137,0.9212952
40138,2.7444937
40139,1.0576757
40140,1.3647525
40141,3.165862
40142,2.7395465
40143,1.2811373
40144,1.0785096
40145,1.0189728
40146,1.9315555
40147,3.2847564
40148,1.0197872
40149,0.77730757
40150,1.6078587
40151,2.9157114
40152,1.250708
40153,4.961662
40154,2.9120386
40155,2.1276002
40156,0.66199374
40157,1.7476496
40158,1.7593563
40159,1.2615714
40160,0.9145126
40161,3.0533347
40162,2.0111916
40163,1.6040144
40164,3.032092
40165,2.58247
40166,1.3384104
40167,0.7304056
40168,1.7334223
40169,1.7486752
40170,1.5944492
40171,1.6840285
40172,2.1338794
40173,1.9730104
40174,1.5571214
40175,2.0506577
40176,1.4146856
40177,2.9078114
40178,1.8793211
40179,1.6437347
40180,1.3071437
40181,1.2210786
40182,1.2610793
40183,4.4240108
40184,2.4226532
40185,4.1609745
40186,1.3390056
40187,4.2438173
40188,3.4730263
40189,4.924624
40190,2.1222067
40191,2.0564823
40192,2.167904
40193,1.506032
40194,1.8196738
40195,3.2821798
40196,4.688983
40197,3.759928
40198,4.6473546
40199,2.4265893
40200,3.5343606
40201,2.6618845
40202,2.9297528
40203,0.7466419
40204,2.5271716
40205,1.3906499
40206,1.2095451
40207,2.1258545
40208,5.069658
40209,2.8796334
40210,0.76282823
40211,2.125914
40212,2.205452
40213,2.2448688
40214,2.430287
40215,1.7086052
40216,1.255014
40217,2.6202135
40218,1.088438
40219,2.434813
40220,0.809356
40221,1.0959297
40222,1.7062335
40223,3.0344987
40224,2.513219
40225,1.7310531
40226,1.8193343
40227,1.9112993
40228,1.2097236
40229,2.388865
40230,1.6583335
40231,2.1893623
40232,2.6679935
40233,1.5316626
40234,1.7223263
40235,0.94726384
40236,0.71143115
40237,2.0091078
40238,1.3846661
40239,2.5585043
40240,1.6003696
40241,2.9211473
40242,1.3358997
40243,2.3115182
40244,2.441353
40245,3.837657
40246,2.8030698
40247,2.9887524
40248,1.4527465
40249,1.0891051
40250,1.439145
40251,1.793346
40252,1.4252079
40253,1.1132947
40254,1.4159214
40255,2.422919
40256,2.2544382
40257,1.6724999
40258,2.4130979
40259,1.5389925
40260,1.0869169
40261,1.7902195
40262,1.4428532
40263,1.6076456
40264,0.9545399
40265,3.9450214
40266,3.3393445
40267,1.5757505
40268,1.0752589
40269,1.5460712
40270,3.4242907
40271,1.925976
40272,2.2966478
40273,2.6540916
40274,1.2655278
40275,1.9394486
40276,2.2834551
40277,1.3199708
40278,1.7537433
40279,1.4201398
40280,2.2284296
40281,1.7067515
40282,4.501909
40283,2.2249894
40284,1.6293043
40285,4.474679
40286,1.651278
40287,0.8575113
40288,0.70103943
40289,2.110145
40290,2.8110633
40291,1.9590305
40292,0.8557162
40293,2.7117703
40294,1.2341229
40295,3.3855891
40296,1.2988904
40297,1.6467916
40298,1.1177317
40299,1.8374045
40300,2.6528432
40301,2.4716973
40302,1.521696
40303,0.68408287
40304,3.311514
40305,2.179825
40306,1.9063566
40307,1.3770567
40308,0.7678754
40309,2.6082618
40310,0.9253735
40311,0.5346391
40312,1.3719189
40313,4.5197334
40314,3.762367
40315,1.1571373
40316,1.4242585
40317,0.78770924
40318,1.2955698
40319,2.50802
40320,3.0402582
40321,2.413245
40322,0.83423054
40323,4.911747
40324,1.5230964
40325,2.409209
40326,2.4110367
40327,1.7126977
40328,2.3334687
40329,3.1318202
40330,1.1270912
40331,1.3353244
40332,1.90079
40333,2.3841712
40334,1.8774948
40335,0.5293487
40336,2.6455112
40337,3.3352349
40338,1.9329376
40339,1.6394297
40340,1.7528807
40341,1.4941096
40342,1.7830939
40343,1.9992718
40344,2.3813238
40345,1.2476814
40346,0.9164054
40347,2.4095073
40348,1.1350689
40349,0.74821365
40350,0.9167165
40351,3.0254557
40352,1.5974586
40353,4.781826
40354,2.1882234
40355,1.3786857
40356,1.1963934
40357,1.931212
40358,2.6060865
40359,1.5878904
40360,1.6526607
40361,3.0576234
40362,1.1238072
40363,1.2304075
40364,0.60715777
40365,1.1784221
40366,1.328606
40367,2.4689531
40368,3.741732
40369,0.65863854
40370,3.263419
40371,2.0237603
40372,3.3501475
40373,1.2243525
40374,1.670995
40375,1.0373169
40376,1.2166709
40377,2.212152
40378,1.8239224
40379,0.8326749
40380,0.6047115
40381,1.9975893
40382,1.3667821
40383,3.6072147
40384,2.1410353
40385,0.78247184
40386,1.0112184
40387,2.5131035
40388,0.8441426
40389,1.4944084
40390,2.2352
40391,2.9748232
40392,1.5681721
40393,0.77347475
40394,1.2849964
40395,1.6099604
40396,1.6488447
40397,2.0454988
40398,2.2395442
40399,1.2544343
40400,2.4850056
40401,3.3632433
40402,2.180247
40403,2.8748522
40404,1.3242983
40405,1.6050411
40406,1.6818547
40407,2.8006463
40408,3.9569602
40409,1.6682575
40410,3.923636
40411,2.438689
40412,1.9972018
40413,1.6150575
40414,1.0976086
40415,1.5423709
40416,2.1154547
40417,2.7565663
40418,2.4203758
40419,1.8159575
40420,0.85879785
40421,1.9370338
40422,2.5199232
40423,1.5039681
40424,3.9319744
40425,1.2189658
40426,2.9990926
40427,1.631534
40428,2.354328
40429,1.2202739
40430,1.2025942
40431,4.8445215
40432,3.5144584
40433,1.1671116
40434,1.2403326
40435,1.9952521
40436,0.78714836
40437,3.5682619
40438,4.9023533
40439,2.4926047
40440,1.2692298
40441,4.1555724
40442,2.8670611
40443,2.1060407
40444,1.5826567
40445,1.7928822
40446,1.9775329
40447,3.1801722
40448,5.038547
40449,2.3290296
40450,0.9776917
40451,1.8944212
40452,2.8371959
40453,2.2173526
40454,2.4602215
40455,4.3025126
40456,1.9326582
40457,5.247689
40458,3.0983412
40459,0.78697234
40460,2.1927679
40461,4.807144
40462,0.6205334
40463,1.3965187
40464,2.0812905
40465,2.7974784
40466,3.7869818
40467,1.6082397
40468,1.6195474
40469,4.956453
40470,1.9794918
40471,2.8477724
40472,0.7642707
40473,1.5585706
40474,1.0768795
40475,3.6967669
40476,5.1686335
40477,1.1671925
40478,1.4030888
40479,2.1198735
40480,1.7226536
40481,1.788777
40482,2.7384367
40483,2.2758439
40484,2.1942263
40485,3.2696288
40486,1.9309201
40487,2.8138223
40488,0.6322115
40489,2.9760587
40490,1.6355996
40491,1.0150219
40492,2.6299994
40493,3.0542712
40494,2.574237
40495,1.8699389
40496,1.4113235
40497,2.5989625
40498,0.96077013
40499,2.7579577
40500,1.1697199
40501,2.9419482
40502,2.8620353
40503,3.7782493
40504,0.9971737
40505,3.1316824
40506,3.8471065
40507,1.3310256
40508,3.229859
40509,3.1231866
40510,1.8678186
40511,4.642078
40512,4.0869102
40513,0.78860295
40514,2.4973729
40515,2.6715481
40516,0.8314655
40517,3.6176853
40518,1.947065
40519,1.3374141
40520,1.0175763
40521,1.677697
40522,1.4835727
40523,1.2834618
40524,1.3428156
40525,3.5048845
40526,1.953834
40527,1.534999
40528,3.0604453
40529,0.48304582
40530,3.302306
40531,1.0798995
40532,3.2844636
40533,1.9613867
40534,2.4627476
40535,0.9105058
40536,2.9084454
40537,2.1585002
40538,1.090463
40539,1.9485139
40540,0.6186194
40541,2.6971662
40542,1.8252964
40543,1.061595
40544,3.3671875
40545,2.85587
40546,1.1226436
40547,3.5792406
40548,2.995572
40549,3.3733892
40550,2.437102
40551,2.1379395
40552,4.357151
40553,1.715211
40554,0.81966364
40555,4.1045804
40556,1.8563893
40557,1.5193366
40558,2.6498804
40559,0.73521125
40560,0.6407976
40561,1.0064775
40562,2.2078173
40563,1.148374
40564,1.2915126
40565,3.2310545
40566,1.2378243
40567,1.7557476
40568,1.5063366
40569,3.1648932
40570,1.1468692
40571,2.837476
40572,1.2884593
40573,1.5996244
40574,2.331594
40575,3.0278184
40576,1.7605505
40577,1.9853883
40578,0.9632613
40579,1.241366
40580,0.7528967
40581,1.5266832
40582,3.7539845
40583,0.91452855
40584,2.4531093
40585,2.4478688
40586,1.2260587
40587,1.8475955
40588,1.2180339
40589,0.89523685
40590,1.5083617
40591,0.8579049
40592,2.1135461
40593,2.4841166
40594,0.7905226
40595,1.9740536
40596,4.8518057
40597,1.4685382
40598,2.4811885
40599,2.9299345
40600,1.2142841
40601,2.8111315
40602,2.9448037
40603,1.2983087
40604,1.0071518
40605,1.059989
40606,1.7089431
40607,2.045752
40608,2.398608
40609,3.829957
40610,1.4378239
40611,4.4593854
40612,1.1120727
40613,1.0766764
40614,1.6819462
40615,2.101691
40616,2.1699579
40617,1.8259629
40618,3.3651605
40619,2.562286
40620,2.1792352
40621,1.7847313
40622,1.5274231
40623,2.2111197
40624,0.95052737
40625,1.9607749
40626,1.2439022
40627,4.805082
40628,2.5304859
40629,0.6904559
40630,3.5388255
40631,0.5159255
40632,0.94794166
40633,3.5520499
40634,2.5549245
40635,0.79547197
40636,4.2217307
40637,1.5098679
40638,1.2436699
40639,1.7237587
40640,4.115032
40641,2.3310456
40642,0.77410036
40643,4.070896
40644,2.3344116
40645,1.7402664
40646,0.8713146
40647,1.9700869
40648,1.8384423
40649,2.8877597
40650,2.2922692
40651,2.208486
40652,3.8838742
40653,1.1274823
40654,0.9230384
40655,4.4925337
40656,1.1976358
40657,2.050869
40658,1.6169969
40659,3.2763877
40660,3.3202837
40661,1.5312304
40662,1.3154337
40663,1.1150117
40664,0.9346401
40665,2.7410243
40666,2.5160542
40667,1.6926204
40668,1.1794589
40669,1.4319822
40670,1.9056991
40671,1.2271358
40672,1.5576352
40673,3.4070864
40674,1.3123584
40675,3.4651551
40676,0.5492882
40677,3.1664286
40678,1.1797235
40679,1.2791698
40680,0.80333596
40681,2.0513375
40682,1.0001019
40683,1.4372115
40684,3.9969888
40685,3.3983383
40686,2.1930206
40687,0.51253223
40688,3.8597786
40689,2.03888
40690,3.0917103
40691,2.3465405
40692,2.9713655
40693,3.888274
40694,1.1617781
40695,2.4025
40696,1.6580303
40697,3.0390441
40698,0.9816637
40699,1.050579
40700,4.8369474
40701,1.395812
40702,2.2146013
40703,1.5280923
40704,0.70231676
40705,0.9320028
40706,1.3361269
40707,0.9300926
40708,2.497552
40709,3.3183556
40710,1.8764341
40711,2.4567819
40712,1.5992694
40713,1.914649
40714,1.4661
40715,0.7691314
40716,1.6500705
40717,3.7013614
40718,1.2118695
40719,1.2686323
40720,3.0290859
40721,1.6008844
40722,0.8585876
40723,1.3012248
40724,0.7434796
40725,0.720535
40726,0.81585485
40727,1.787538
40728,0.69000584
40729,2.0182178
40730,1.0997267
40731,1.8936871
40732,2.5969853
40733,1.275845
40734,4.583878
40735,1.7753702
40736,1.6687226
40737,2.453769
40738,2.30989
40739,1.0056217
40740,1.8984318
40741,3.0251734
40742,4.692619
40743,2.713289
40744,2.593238
40745,3.5214543
40746,1.8457953
40747,1.4841895
40748,1.6168987
40749,3.25836
40750,2.5035589
40751,2.033762
40752,2.0985894
40753,2.324762
40754,1.286897
40755,3.4950905
40756,1.1682471
40757,3.1440985
40758,4.112984
40759,2.540956
40760,0.8254518
40761,2.9426293
40762,2.3338056
40763,2.0944417
40764,1.0532045
40765,0.7037507
40766,4.728843
40767,1.816178
40768,3.1946044
40769,1.514209
40770,1.1800492
40771,1.5406735
40772,3.3811088
40773,2.4667408
40774,1.8267521
40775,1.402505
40776,2.0438232
40777,1.3664678
40778,3.0657554
40779,2.8825488
40780,1.8295919
40781,2.2145436
40782,0.6735437
40783,3.172205
40784,1.6333828
40785,0.7765461
40786,1.7673205
40787,4.6928315
40788,2.88521
40789,1.7452962
40790,1.1367615
40791,3.9614823
40792,1.252403
40793,3.6650867
40794,0.9270641
40795,3.5130615
40796,2.4717789
40797,1.880328
40798,4.3796544
40799,1.1668439
40800,2.8288276
40801,1.0643541
40802,1.0589069
40803,0.628086
40804,3.3541715
40805,1.2849213
40806,2.2468524
40807,1.6672823
40808,1.3267862
40809,0.59964913
40810,1.4855455
40811,0.73925734
40812,2.5338173
40813,1.7453806
40814,2.158954
40815,1.5948695
40816,1.2801198
40817,2.0238297
40818,1.442283
40819,2.4302342
40820,4.4956293
40821,1.1858284
40822,2.6629176
40823,1.7893031
40824,2.2639277
40825,1.125551
40826,2.2320538
40827,2.760563
40828,2.3373315
40829,1.7369407
40830,3.2288196
40831,2.5257695
40832,2.8395152
40833,2.1645122
40834,1.4248918
40835,2.3972504
40836,1.6667054
40837,1.2590101
40838,3.550231
40839,0.7682932
40840,1.8043298
40841,2.9349606
40842,1.7478827
40843,4.312442
40844,0.55094814
40845,1.8165584
40846,2.0456939
40847,2.6741576
40848,5.0770435
40849,1.0596328
40850,0.6503251
40851,2.4026437
40852,1.4774146
40853,1.2942773
40854,2.8613613
40855,1.1440058
40856,1.747953
40857,1.5280781
40858,1.4043063
40859,1.1806377
40860,3.9343207
40861,0.8732565
40862,2.6361623
40863,1.6361519
40864,2.4887257
40865,2.6961188
40866,1.9443562
40867,2.896255
40868,2.9700158
40869,1.7393106
40870,1.3075727
40871,4.3893313
40872,1.489128
40873,2.1161306
40874,0.71049917
40875,1.4487574
40876,3.8790731
40877,1.814056
40878,0.9669179
40879,1.0720655
40880,4.843508
40881,2.846066
40882,2.5377536
40883,1.1343659
40884,3.4429343
40885,1.6434424
40886,3.5843847
40887,4.861578
40888,1.1692271
40889,3.4818149
40890,1.8644394
40891,1.1119303
40892,3.416081
40893,1.0761402
40894,3.8662755
40895,0.7249216
40896,2.999808
40897,2.093649
40898,0.74470365
40899,2.428899
40900,3.513435
40901,2.8527465
40902,2.1871722
40903,2.851729
40904,1.7030499
40905,1.1500405
40906,4.6785755
40907,3.0409098
40908,1.6827203
40909,4.0951805
40910,1.6471453
40911,3.9971292
40912,4.1431127
40913,3.7166135
40914,4.473254
40915,4.8476667
40916,2.645902
40917,0.74492764
40918,1.392609
40919,1.1192826
40920,3.6497614
40921,1.8995093
40922,2.0061662
40923,2.2059562
40924,3.4794428
40925,1.918226
40926,1.7155503
40927,1.3464139
40928,1.3152446
40929,1.5085505
40930,3.1517859
40931,3.3978212
40932,2.6094584
40933,3.3931546
40934,1.4271039
40935,3.5703359
40936,2.547792
40937,1.4436854
40938,1.3145938
40939,4.512312
40940,1.9773995
40941,0.8719485
40942,3.51488
40943,1.8018451
40944,1.0302532
40945,3.611824
40946,3.2145517
40947,1.0073178
40948,0.6218123
40949,1.1732987
40950,1.6813715
40951,4.042952
40952,1.6021777
40953,1.9139824
40954,3.7003286
40955,0.88141197
40956,2.9909945
40957,1.9976282
40958,3.2872586
40959,1.1374385
40960,0.88324916
40961,2.134089
40962,3.7347107
40963,1.349081
40964,0.73369855
40965,2.0552173
40966,2.2447333
40967,2.0466995
40968,1.8787212
40969,1.5777485
40970,1.9250573
40971,1.4899691
40972,2.23556
40973,1.0001366
40974,2.2073786
40975,0.712344
40976,2.6267097
40977,0.8299878
40978,2.6209
40979,3.1486435
40980,0.7001098
40981,2.9943476
40982,0.6559539
40983,2.2897415
40984,1.7329503
40985,2.5073254
40986,1.0057447
40987,2.2939515
40988,3.8924098
40989,2.5662336
40990,1.9638832
40991,2.3175488
40992,1.6275581
40993,3.2597737
40994,0.89062715
40995,1.2174069
40996,4.398726
40997,1.2728055
40998,0.99739015
40999,1.1394426
41000,4.9594283
41001,1.9891769
41002,1.5305132
41003,0.71960163
41004,2.0859053
41005,1.8530638
41006,2.048826
41007,1.911212
41008,2.301802
41009,2.04773
41010,1.9499958
41011,0.69641733
41012,5.040971
41013,2.6538355
41014,1.5847557
41015,1.9015102
41016,2.198293
41017,3.257092
41018,2.4173503
41019,3.3330994
41020,1.5073099
41021,0.68516743
41022,1.8936167
41023,2.317085
41024,1.7288404
41025,1.8135747
41026,1.32258
41027,1.1469318
41028,3.0802543
41029,1.5690525
41030,1.682034
41031,2.4486935
41032,1.6196091
41033,1.8274204
41034,1.4590209
41035,2.5699778
41036,3.467413
41037,1.7526767
41038,4.5717254
41039,2.0849195
41040,0.7309418
41041,1.6985552
41042,3.3618052
41043,2.0981827
41044,4.4205384
41045,3.07867
41046,2.879551
41047,1.201152
41048,1.4772732
41049,3.6661794
41050,1.1449254
41051,4.6429234
41052,2.214482
41053,0.9152059
41054,2.1478877
41055,3.5398653
41056,1.5565908
41057,1.1110516
41058,1.6770148
41059,1.4476486
41060,1.6389695
41061,2.928999
41062,1.3928683
41063,0.9417124
41064,2.755215
41065,1.9103963
41066,3.3642347
41067,0.7237742
41068,2.6464114
41069,3.2414193
41070,3.205437
41071,0.9589494
41072,0.826894
41073,1.5720483
41074,1.6497817
41075,1.1327957
41076,2.1564176
41077,0.853627
41078,4.5599103
41079,4.3994865
41080,3.2412188
41081,1.2588034
41082,2.1052518
41083,1.0686679
41084,0.95343703
41085,5.110086
41086,0.96741855
41087,2.4380853
41088,1.6602336
41089,1.9894532
41090,1.1139867
41091,2.6760836
41092,1.0451711
41093,1.3949853
41094,1.5375313
41095,1.8048593
41096,2.7440844
41097,1.49801
41098,4.8716383
41099,3.8605125
41100,1.2683862
41101,2.1512942
41102,1.9284759
41103,1.3316882
41104,1.5437933
41105,3.4011714
41106,3.2412214
41107,2.0020893
41108,1.82111
41109,1.2100893
41110,0.60109884
41111,2.8195713
41112,1.716775
41113,0.85049015
41114,1.9058852
41115,0.8025793
41116,0.83917683
41117,1.4511584
41118,1.548491
41119,2.2069228
41120,0.5919445
41121,0.7670473
41122,1.2045329
41123,2.511985
41124,0.71376383
41125,1.7815715
41126,1.0086656
41127,1.2771767
41128,4.1343803
41129,1.879683
41130,2.5940702
41131,1.8808925
41132,1.9109981
41133,0.9836564
41134,1.5963019
41135,1.6033311
41136,1.417434
41137,0.71380585
41138,2.0231497
41139,0.8268785
41140,1.0770471
41141,2.9783194
41142,2.3328404
41143,1.3945
41144,5.1950226
41145,1.3503374
41146,1.8399234
41147,2.0328715
41148,1.4368967
41149,1.6475613
41150,1.7980089
41151,1.2519855
41152,1.4493601
41153,1.5519421
41154,1.1659846
41155,2.4647896
41156,1.4333649
41157,3.8515732
41158,3.0025277
41159,2.3560889
41160,2.6478217
41161,1.6799183
41162,1.2210072
41163,2.172187
41164,3.6038158
41165,4.242079
41166,0.45591894
41167,1.1890972
41168,1.3726876
41169,1.3466095
41170,1.8176624
41171,1.8200445
41172,1.130528
41173,3.358785
41174,1.6915766
41175,3.25142
41176,2.3403797
41177,2.8349264
41178,2.001755
41179,4.533859
41180,2.9513433
41181,4.2606807
41182,1.6871159
41183,1.1971004
41184,1.8928787
41185,2.3556206
41186,1.4467934
41187,1.6246158
41188,1.2901444
41189,1.6950058
41190,1.5473942
41191,0.9749679
41192,1.7677877
41193,1.971015
41194,2.076003
41195,2.3562748
41196,2.7485383
41197,2.9603882
41198,4.1853065
41199,3.0490885
41200,2.141117
41201,1.5587332
41202,0.83829916
41203,4.8068376
41204,1.1858639
41205,2.9480739
41206,1.0221516
41207,1.5403215
41208,2.247231
41209,4.0803947
41210,2.5956788
41211,1.308768
41212,1.4722372
41213,2.4047024
41214,2.1556678
41215,1.8451587
41216,3.6582942
41217,3.2585971
41218,2.7488508
41219,1.7439562
41220,2.82382
41221,2.2177117
41222,2.4260392
41223,3.1919491
41224,3.3313189
41225,0.7978926
41226,0.6345587
41227,2.7824
41228,1.7970212
41229,2.1438696
41230,0.9272335
41231,1.5165684
41232,1.8289976
41233,4.4499774
41234,2.7873435
41235,0.87176687
41236,2.194702
41237,2.0632925
41238,0.91199386
41239,2.1158903
41240,2.8049042
41241,1.3107148
41242,3.316026
41243,0.50091696
41244,1.4824724
41245,0.9980344
41246,2.4142604
41247,4.982324
41248,2.36668
41249,4.597497
41250,1.2282554
41251,4.232522
41252,3.7633443
41253,1.6393689
41254,4.5150156
41255,1.7114948
41256,2.4603026
41257,0.5765226
41258,1.8764528
41259,2.162909
41260,1.4309585
41261,0.9173568
41262,0.9146995
41263,2.0972586
41264,2.0195186
41265,2.110868
41266,1.8663373
41267,1.9690199
41268,3.2478957
41269,2.0154963
41270,0.8609162
41271,2.942721
41272,1.8821776
41273,0.9260894
41274,2.5183034
41275,2.355618
41276,2.7490067
41277,0.66020674
41278,0.88729095
41279,2.9282556
41280,3.385729
41281,1.1374367
41282,1.1567552
41283,1.6499074
41284,0.6766886
41285,1.5363653
41286,2.6579828
41287,0.6239916
41288,3.5092854
41289,1.1695006
41290,1.200025
41291,0.7065577
41292,0.833733
41293,1.9828898
41294,1.6807995
41295,0.74769723
41296,1.2713486
41297,0.99629223
41298,4.8812757
41299,2.943759
41300,1.8608862
41301,1.3766004
41302,4.502011
41303,2.303366
41304,1.5586479
41305,1.3568957
41306,0.67124426
41307,1.8556767
41308,0.8660696
41309,0.5749338
41310,3.4317515
41311,1.6964937
41312,2.8066325
41313,1.5558381
41314,2.8544192
41315,1.220774
41316,0.95143104
41317,2.6699708
41318,2.3731833
41319,1.0609556
41320,2.143988
41321,1.3158387
41322,2.3409004
41323,1.5865271
41324,3.0980067
41325,2.6605318
41326,0.8564647
41327,2.2329407
41328,2.176012
41329,2.0877745
41330,1.8097178
41331,2.6439128
41332,0.52998847
41333,2.3134272
41334,0.8649275
41335,2.5017095
41336,3.528165
41337,1.5502414
41338,1.8757676
41339,1.3462791
41340,2.0592868
41341,2.1127
41342,0.9448792
41343,2.450105
41344,0.9956619
41345,2.495037
41346,2.1527095
41347,2.3915238
41348,0.8657935
41349,2.8886063
41350,1.7957536
41351,2.2716002
41352,1.5592108
41353,4.8936343
41354,1.6777297
41355,1.88094
41356,2.1810768
41357,2.285188
41358,1.7015461
41359,1.6176794
41360,1.7562656
41361,1.0709559
41362,0.7898744
41363,2.484407
41364,2.574504
41365,2.3940325
41366,1.513123
41367,1.4357231
41368,2.8121748
41369,1.4543504
41370,3.5078743
41371,3.8716524
41372,0.94415003
41373,1.5284729
41374,1.4680266
41375,0.93704665
41376,1.5758365
41377,0.8235758
41378,1.822376
41379,2.0735078
41380,1.9168606
41381,1.2158626
41382,0.70975626
41383,2.6250727
41384,1.648098
41385,0.69919354
41386,1.7215939
41387,2.6814396
41388,3.4036953
41389,1.1851757
41390,1.3552986
41391,2.0175805
41392,3.2034285
41393,2.7923074
41394,3.9446123
41395,1.3015268
41396,1.372665
41397,1.7852967
41398,1.6359466
41399,1.4051244
41400,0.81843084
41401,0.80738884
41402,1.6633171
41403,1.9412557
41404,1.6584418
41405,4.9170947
41406,1.4885267
41407,0.8912448
41408,0.8380907
41409,1.7465668
41410,1.760888
41411,1.3071045
41412,1.0012715
41413,4.024413
41414,2.1171508
41415,0.76969033
41416,3.3449433
41417,0.702165
41418,0.8283579
41419,1.00129
41420,1.8423645
41421,3.3514924
41422,4.2572117
41423,3.4123116
41424,2.9901934
41425,0.6405383
41426,1.1024693
41427,2.9117126
41428,1.6643925
41429,0.88819915
41430,1.7349827
41431,1.7186826
41432,2.1433136
41433,1.5220788
41434,4.2065773
41435,1.8953325
41436,1.0825264
41437,0.9075516
41438,2.7150548
41439,1.3253706
41440,5.001128
41441,2.7989566
41442,3.5161445
41443,1.6464117
41444,0.9158882
41445,1.1968857
41446,0.8720037
41447,2.3164623
41448,2.0721085
41449,1.0873748
41450,1.8855956
41451,2.1107488
41452,3.8799224
41453,1.2260002
41454,1.3982284
41455,3.57975
41456,2.2874658
41457,1.3696021
41458,3.1072705
41459,1.3726321
41460,3.4339156
41461,1.4974389
41462,2.2522204
41463,1.5461055
41464,1.2906073
41465,2.4628935
41466,3.0913913
41467,1.3620968
41468,4.555269
41469,1.4097722
41470,0.76044273
41471,0.5470839
41472,1.7586759
41473,0.79857224
41474,0.79511213
41475,3.3611975
41476,1.5718632
41477,2.537702
41478,2.234196
41479,1.2606297
41480,1.3114063
41481,1.7088118
41482,2.0281181
41483,1.6661091
41484,1.2703452
41485,4.294689
41486,0.6016278
41487,1.3014386
41488,2.2994945
41489,4.6106696
41490,2.316091
41491,4.217694
41492,0.50722617
41493,1.3175431
41494,1.8901241
41495,1.4920607
41496,0.6726167
41497,0.5653862
41498,1.4890236
41499,1.3190025
41500,1.7353612
41501,2.2958238
41502,1.7847987
41503,1.1318964
41504,0.7790847
41505,0.53971416
41506,1.8938974
41507,1.457347
41508,0.94694257
41509,1.8512568
41510,1.4405543
41511,3.6361036
41512,0.82474875
41513,2.1362226
41514,3.061595
41515,1.420046
41516,1.6805357
41517,2.273035
41518,0.8687128
41519,1.6815827
41520,3.5613499
41521,2.1241276
41522,1.5211629
41523,1.3297377
41524,2.4626372
41525,0.8187043
41526,3.9571362
41527,1.5577152
41528,2.4152498
41529,1.6455566
41530,2.0483837
41531,1.7401536
41532,2.7119882
41533,1.654919
41534,1.642784
41535,2.967198
41536,2.7160234
41537,4.078074
41538,1.7004156
41539,1.0188926
41540,2.2726517
41541,2.8727334
41542,1.9286869
41543,1.7005768
41544,2.7413125
41545,3.685356
41546,0.9316265
41547,1.5577629
41548,1.8200773
41549,2.245927
41550,0.98042744
41551,2.3877597
41552,0.51902694
41553,2.9002466
41554,2.0606985
41555,3.0044327
41556,2.04318
41557,3.133651
41558,1.1577637
41559,1.5003167
41560,1.9744651
41561,1.3113304
41562,4.5699806
41563,2.567432
41564,2.7038872
41565,1.863391
41566,3.535106
41567,4.112462
41568,1.478305
41569,1.6764611
41570,1.5757293
41571,1.6890919
41572,1.4046137
41573,1.7597517
41574,1.2247653
41575,2.113063
41576,2.6767926
41577,1.3883073
41578,1.5918385
41579,4.635196
41580,1.1959865
41581,2.8006907
41582,2.2551634
41583,1.0468544
41584,1.536931
41585,2.9805682
41586,1.5445509
41587,2.2206113
41588,0.6833427
41589,1.4914246
41590,1.6192997
41591,1.4777174
41592,2.5233793
41593,2.167967
41594,3.6647434
41595,1.0008241
41596,1.7131771
41597,0.6607699
41598,3.0231915
41599,3.3528707
41600,1.2759635
41601,0.47336718
41602,1.6502303
41603,0.7050987
41604,2.4673998
41605,1.7797303
41606,2.1322482
41607,2.1521323
41608,1.7057642
41609,2.3762975
41610,2.732086
41611,0.9423572
41612,3.0109677
41613,3.5964541
41614,1.1781071
41615,1.8403615
41616,3.3965814
41617,3.8199904
41618,2.1845555
41619,2.3086348
41620,4.8701844
41621,3.0237322
41622,3.21107
41623,1.9759715
41624,1.2154526
41625,3.3897183
41626,2.256887
41627,0.87154835
41628,2.0570114
41629,3.7085671
41630,2.9066017
41631,0.91671425
41632,1.8463687
41633,1.1213955
41634,1.8911341
41635,0.9284463
41636,3.173582
41637,3.1963713
41638,2.1185973
41639,1.1038405
41640,1.4684894
41641,2.8289373
41642,0.91800344
41643,2.8500834
41644,1.6768625
41645,2.5747576
41646,4.9154825
41647,1.4404345
41648,1.4052358
41649,2.9464612
41650,0.6433469
41651,0.6665398
41652,2.3181372
41653,1.5910774
41654,4.589522
41655,1.4960015
41656,1.8970402
41657,1.4104846
41658,1.6636455
41659,1.2357042
41660,4.5319915
41661,1.9122705
41662,1.508108
41663,0.9929022
41664,1.7523458
41665,1.1044638
41666,1.8013433
41667,1.1305695
41668,4.8622036
41669,1.9615381
41670,3.2048771
41671,1.0470517
41672,1.8555001
41673,3.1889567
41674,2.9270625
41675,1.239924
41676,1.8395162
41677,2.968015
41678,2.1678376
41679,3.0614893
41680,1.139113
41681,4.0410714
41682,2.510044
41683,1.7105826
41684,1.2652389
41685,1.1454387
41686,3.6824949
41687,1.7390949
41688,1.4754704
41689,1.5594875
41690,2.4297316
41691,3.8818204
41692,0.61854964
41693,1.698075
41694,3.1550272
41695,2.347131
41696,1.9435275
41697,0.5639143
41698,1.6165679
41699,1.4757777
41700,3.048802
41701,2.941308
41702,1.1185172
41703,3.9648395
41704,0.78272986
41705,3.2141826
41706,2.3830156
41707,1.8563863
41708,2.8720593
41709,1.9816473
41710,2.6720948
41711,1.1468709
41712,1.8069198
41713,1.4539295
41714,1.9729418
41715,1.5547202
41716,1.5602272
41717,2.8804646
41718,2.4327817
41719,1.7305502
41720,1.0442455
41721,1.2238982
41722,1.0620347
41723,2.1443264
41724,1.1545738
41725,2.5832698
41726,1.6883101
41727,2.1015701
41728,1.0100349
41729,5.2311325
41730,2.0811832
41731,2.1225657
41732,3.5117536
41733,2.401466
41734,3.0116236
41735,1.7562733
41736,1.059931
41737,1.9358035
41738,1.3903999
41739,1.4507333
41740,2.5614722
41741,0.9629256
41742,1.9146616
41743,1.2514164
41744,1.1148525
41745,1.9554985
41746,3.0915987
41747,2.318056
41748,1.5453236
41749,1.9583435
41750,1.0543119
41751,2.0188086
41752,0.92008424
41753,0.9701336
41754,2.2766685
41755,0.6772402
41756,2.2326512
41757,1.5796508
41758,4.6826377
41759,1.4949688
41760,1.8606387
41761,2.3824701
41762,1.7527696
41763,1.2676866
41764,1.4353286
41765,1.7985576
41766,3.1388497
41767,3.5260997
41768,1.1449875
41769,1.0759921
41770,2.1908815
41771,2.8631594
41772,3.5109947
41773,0.8686274
41774,2.287019
41775,4.8873343
41776,1.8409554
41777,3.2612839
41778,2.0183086
41779,3.6091712
41780,1.2086155
41781,0.6852542
41782,4.1838226
41783,1.8824699
41784,1.8634907
41785,1.8003762
41786,2.070797
41787,1.5820174
41788,0.83663046
41789,1.3584472
41790,1.2084742
41791,3.122907
41792,1.6894299
41793,2.4939497
41794,0.7448886
41795,1.5226732
41796,2.0031953
41797,4.337805
41798,2.0069158
41799,2.163055
41800,0.75841707
41801,1.6105405
41802,1.5063083
41803,0.9218156
41804,3.1668208
41805,1.7461411
41806,1.1719623
41807,2.10771
41808,0.4698882
41809,1.7310817
41810,0.6591407
41811,2.708642
41812,3.1390097
41813,1.0535208
41814,2.412836
41815,1.8688407
41816,1.8374437
41817,2.2103746
41818,1.9937384
41819,1.0499529
41820,3.0978012
41821,2.392011
41822,1.2320459
41823,3.22179
41824,0.74600303
41825,3.8758438
41826,1.1298752
41827,1.3150684
41828,0.9297096
41829,0.9015094
41830,2.2335124
41831,3.7326102
41832,2.547944
41833,1.0798415
41834,1.4507784
41835,4.194016
41836,0.798748
41837,1.4717115
41838,2.8446503
41839,2.4388123
41840,2.8804412
41841,1.3818455
41842,1.7402188
41843,2.7696936
41844,0.78697515
41845,0.93007326
41846,3.7017026
41847,2.3577266
41848,0.6774606
41849,3.0517526
41850,2.9910042
41851,1.4655128
41852,2.9872732
41853,3.1358573
41854,2.5818162
41855,2.474741
41856,2.638754
41857,2.3501534
41858,1.4531639
41859,2.5004363
41860,2.0358183
41861,0.892458
41862,1.3004969
41863,1.499922
41864,0.836958
41865,0.9744765
41866,0.66109025
41867,3.7440755
41868,1.4550327
41869,3.3418038
41870,2.513453
41871,4.261604
41872,4.9172335
41873,2.6487808
41874,1.883979
41875,4.600775
41876,5.114937
41877,1.4548894
41878,1.1933668
41879,1.849087
41880,1.6360257
41881,2.6978776
41882,5.070388
41883,1.8226324
41884,2.3027112
41885,0.83971226
41886,1.166544
41887,1.1365323
41888,2.5597832
41889,0.50407815
41890,1.4841287
41891,1.6410493
41892,2.3627398
41893,1.0680331
41894,1.6439838
41895,2.2512288
41896,1.2505404
41897,2.2436712
41898,1.0062423
41899,0.9380907
41900,4.389413
41901,1.4390208
41902,0.72341365
41903,2.9880192
41904,0.6330781
41905,1.9332854
41906,3.086814
41907,0.79322004
41908,1.2731043
41909,3.2298403
41910,1.114002
41911,1.1756723
41912,1.0867032
41913,2.5228984
41914,2.8427327
41915,1.2053642
41916,0.8586942
41917,2.0908659
41918,3.0410707
41919,1.5183696
41920,1.5829142
41921,2.8011591
41922,1.8723835
41923,2.4894433
41924,3.7016587
41925,3.0727987
41926,3.8278131
41927,2.010886
41928,1.2689301
41929,2.1503785
41930,1.0874648
41931,1.4002477
41932,1.0850047
41933,1.5124797
41934,1.8356074
41935,0.74699634
41936,1.2062538
41937,1.572656
41938,1.5918889
41939,2.0042512
41940,2.2349155
41941,2.1533065
41942,1.3739595
41943,0.8974312
41944,2.1562562
41945,1.5011859
41946,4.6952252
41947,0.6933034
41948,2.9249299
41949,1.6556376
41950,2.2679443
41951,1.9992744
41952,3.268264
41953,2.7269614
41954,1.0447897
41955,2.355651
41956,3.4462988
41957,3.598067
41958,1.8216918
41959,2.1758497
41960,2.5170157
41961,1.6685216
41962,2.1850424
41963,0.86713624
41964,3.032495
41965,3.621279
41966,2.4655929
41967,2.9281795
41968,1.6780704
41969,1.2660906
41970,0.7807837
41971,2.3712735
41972,0.96385044
41973,1.7549144
41974,0.85601515
41975,2.1663513
41976,2.0572329
41977,1.9819843
41978,0.592624
41979,1.0572022
41980,1.722607
41981,2.1222534
41982,0.7965264
41983,2.6278343
41984,1.1041863
41985,1.0402042
41986,1.4648141
41987,0.56199276
41988,0.6273107
41989,1.6397704
41990,2.2774093
41991,2.4902866
41992,1.2125602
41993,1.717155
41994,2.4257665
41995,1.400198
41996,1.244209
41997,3.6581168
41998,2.043993
41999,1.7948884
42000,2.0585284
42001,2.0143237
42002,3.6904728
42003,1.8609365
42004,2.8345928
42005,2.6542847
42006,1.9902706
42007,5.1339355
42008,2.141591
42009,2.6083493
42010,1.2359531
42011,1.5463492
42012,1.9426649
42013,0.5437268
42014,1.7418956
42015,3.00645
42016,3.312466
42017,1.5884303
42018,1.8760543
42019,1.1603655
42020,0.76800835
42021,1.9460176
42022,0.7449512
42023,3.2334473
42024,1.9569924
42025,2.4408882
42026,2.9780529
42027,1.390796
42028,1.5292463
42029,1.4093758
42030,2.4357774
42031,1.723981
42032,1.5953125
42033,3.104528
42034,0.85175204
42035,4.75394
42036,2.7711003
42037,1.1976706
42038,2.6643858
42039,2.5677004
42040,3.912155
42041,2.1542492
42042,2.3450406
42043,1.443957
42044,1.8448775
42045,1.9175694
42046,1.6926409
42047,3.7961478
42048,4.0306087
42049,3.9212263
42050,1.4163857
42051,2.289332
42052,2.506713
42053,3.3696592
42054,1.1623548
42055,2.076292
42056,2.3397548
42057,2.5049927
42058,0.9543381
42059,2.214722
42060,3.3099914
42061,2.900776
42062,1.8851451
42063,2.1978047
42064,1.7061477
42065,3.7289438
42066,1.8423233
42067,3.0356376
42068,0.89527553
42069,0.81186855
42070,1.5401418
42071,4.427355
42072,2.762616
42073,0.69696623
42074,2.891438
42075,1.499469
42076,3.3786519
42077,1.2839786
42078,1.2887626
42079,2.202052
42080,1.7041034
42081,0.6521369
42082,2.0508654
42083,0.78907746
42084,1.584917
42085,3.408684
42086,1.5366454
42087,0.55293006
42088,0.6537686
42089,1.2578621
42090,3.0606358
42091,3.6039627
42092,0.46481252
42093,1.5856516
42094,0.45974892
42095,2.8191166
42096,2.7207901
42097,0.9821602
42098,1.4599702
42099,1.4945909
42100,2.6459348
42101,4.0835886
42102,2.029692
42103,0.9742155
42104,2.1028125
42105,2.0308363
42106,1.2570947
42107,1.7475814
42108,2.055787
42109,1.141827
42110,0.89632046
42111,1.4052331
42112,0.714447
42113,3.7750947
42114,2.9114716
42115,1.1767224
42116,1.8037525
42117,2.1486676
42118,2.0564992
42119,3.0186334
42120,0.6280948
42121,1.7660488
42122,2.3240855
42123,0.7988644
42124,2.3491678
42125,1.564419
42126,0.9088268
42127,2.382556
42128,3.412384
42129,1.1005653
42130,1.2858341
42131,1.5170878
42132,4.9615464
42133,0.8746424
42134,2.4016862
42135,3.4654624
42136,3.7661324
42137,1.2780123
42138,1.4241416
42139,1.6889356
42140,0.83648473
42141,2.1949775
42142,4.808802
42143,3.2470274
42144,3.1457968
42145,0.9971723
42146,1.4607
42147,1.8834236
42148,1.3288684
42149,1.975761
42150,2.0908117
42151,5.158417
42152,0.80330557
42153,1.6707001
42154,1.1205004
42155,3.087555
42156,1.7738552
42157,1.8589857
42158,1.1315124
42159,1.539375
42160,2.2164025
42161,1.2016947
42162,1.5171636
42163,0.7873674
42164,2.3480375
42165,1.6817657
42166,4.9840703
42167,0.518298
42168,1.6716145
42169,3.8726482
42170,0.8874903
42171,1.5285944
42172,1.2544379
42173,1.668502
42174,1.6364143
42175,3.1333816
42176,2.012707
42177,3.280823
42178,2.3921328
42179,4.0013895
42180,3.5965254
42181,1.282811
42182,0.67324054
42183,1.2838936
42184,2.0042973
42185,1.9497513
42186,1.4998072
42187,1.1572052
42188,2.115345
42189,2.1453032
42190,1.2967261
42191,2.688604
42192,0.64826393
42193,2.7756133
42194,0.932721
42195,3.3541248
42196,2.8922443
42197,2.2498364
42198,1.2543156
42199,2.1146472
42200,2.3675365
42201,2.745793
42202,2.4082077
42203,1.1604553
42204,1.8938936
42205,3.9848952
42206,1.461606
42207,1.7622554
42208,2.811135
42209,4.175813
42210,2.1419084
42211,0.5083704
42212,1.4281079
42213,2.6983066
42214,2.637297
42215,2.3151138
42216,2.6477065
42217,1.8871154
42218,2.0129104
42219,2.2439032
42220,2.0814857
42221,2.4622564
42222,2.4281166
42223,2.1887338
42224,2.5595913
42225,2.052568
42226,1.2577286
42227,2.5040574
42228,0.7087742
42229,2.005663
42230,1.7361565
42231,2.8587594
42232,1.3853725
42233,1.1177006
42234,4.542698
42235,1.8123927
42236,2.413464
42237,2.672985
42238,4.2898407
42239,2.4356549
42240,0.6085741
42241,1.7230994
42242,2.0709972
42243,4.727508
42244,2.560586
42245,1.586328
42246,2.2980313
42247,2.7810524
42248,1.6426693
42249,3.3907874
42250,2.9548626
42251,2.8026612
42252,2.414303
42253,2.118813
42254,2.7890358
42255,0.919526
42256,1.6968534
42257,1.234457
42258,4.739758
42259,1.4667604
42260,1.9739603
42261,2.3622818
42262,4.9400673
42263,2.002459
42264,4.5921845
42265,2.3435605
42266,3.760418
42267,1.8135121
42268,0.9430809
42269,2.3842
42270,2.3784845
42271,0.9351856
42272,2.2076097
42273,2.567531
42274,2.6486828
42275,0.8116459
42276,2.4916072
42277,5.145096
42278,1.4037182
42279,3.4703202
42280,2.642515
42281,1.2063358
42282,2.128599
42283,3.21061
42284,2.0395458
42285,1.9551568
42286,1.1615031
42287,1.6990253
42288,1.4223654
42289,2.3671591
42290,3.467144
42291,3.1736276
42292,2.101251
42293,1.3745285
42294,2.0736842
42295,1.2521899
42296,0.67212707
42297,1.1476597
42298,2.670428
42299,0.79448533
42300,4.7183895
42301,1.494965
42302,2.3584177
42303,1.9895883
42304,2.0284462
42305,4.2485657
42306,1.0072151
42307,1.2444425
42308,2.1893194
42309,1.270383
42310,1.9745187
42311,1.2612222
42312,3.4835804
42313,2.7032309
42314,1.7640145
42315,1.1792986
42316,2.4756625
42317,1.3503879
42318,0.7379036
42319,2.074691
42320,1.1201771
42321,1.7789618
42322,1.3680452
42323,1.996145
42324,2.9686894
42325,1.3582639
42326,2.5539515
42327,1.8035014
42328,0.8120722
42329,1.2436734
42330,1.4420719
42331,3.2040224
42332,1.6648662
42333,1.4692214
42334,1.1097844
42335,0.7686559
42336,3.6343048
42337,1.3207046
42338,1.5193312
42339,3.8084455
42340,3.2939472
42341,1.7544833
42342,1.3658936
42343,2.1536548
42344,1.6021768
42345,2.256432
42346,1.2808365
42347,2.1604316
42348,1.7160666
42349,1.794264
42350,0.9152393
42351,1.380328
42352,1.9181111
42353,3.2377412
42354,0.92829555
42355,3.9645414
42356,0.9305432
42357,1.0471302
42358,1.2754002
42359,2.8384202
42360,4.9569387
42361,1.6914583
42362,0.99433863
42363,2.020976
42364,4.5816703
42365,1.56535
42366,1.1410398
42367,1.7646047
42368,1.3836049
42369,0.7498582
42370,1.261382
42371,2.5391235
42372,4.174461
42373,1.4467199
42374,1.031827
42375,1.3161207
42376,2.3339696
42377,2.884022
42378,2.284875
42379,1.6648736
42380,1.5560849
42381,0.9775573
42382,2.2338426
42383,1.4749433
42384,1.9409242
42385,2.0263739
42386,1.901637
42387,2.0012465
42388,0.9507218
42389,1.3818079
42390,0.9530234
42391,1.6195211
42392,1.6119779
42393,1.7097208
42394,1.5398667
42395,3.093168
42396,2.468019
42397,1.4352596
42398,1.8951944
42399,1.7558247
42400,0.8078673
42401,1.0804462
42402,1.6998966
42403,2.418007
42404,2.4633985
42405,4.738936
42406,2.4948173
42407,4.849816
42408,1.1616788
42409,3.2456715
42410,2.1089444
42411,1.4078802
42412,1.3487227
42413,1.0552325
42414,1.7656902
42415,0.6714614
42416,2.9269648
42417,1.2185948
42418,2.6757302
42419,1.5852203
42420,0.68228877
42421,1.614396
42422,2.4041276
42423,0.9189628
42424,2.2595994
42425,1.4462993
42426,1.6306149
42427,3.3635988
42428,3.112961
42429,1.8811253
42430,2.8128908
42431,1.3897396
42432,2.2349534
42433,3.9023533
42434,2.0858455
42435,1.1626034
42436,0.992008
42437,1.5957037
42438,1.150861
42439,1.887643
42440,1.6069074
42441,4.087243
42442,1.5501792
42443,1.8589922
42444,3.0928473
42445,1.2787997
42446,1.6570883
42447,2.8784754
42448,2.7023432
42449,2.7480595
42450,1.4728231
42451,1.9358853
42452,4.0210276
42453,2.4565165
42454,2.7179995
42455,2.2970738
42456,1.2381825
42457,2.5464232
42458,2.3393252
42459,0.33579153
42460,1.5588815
42461,0.60561675
42462,3.9814925
42463,1.7426907
42464,2.2467203
42465,4.216645
42466,1.64801
42467,2.3626218
42468,1.1299822
42469,1.5372689
42470,2.5295765
42471,0.95624334
42472,1.6495473
42473,2.1576009
42474,4.876578
42475,2.8740294
42476,3.4782598
42477,2.2850535
42478,1.8397394
42479,2.114134
42480,1.5065871
42481,0.78475404
42482,3.6312072
42483,1.1925682
42484,1.8297915
42485,0.9827541
42486,1.1603111
42487,1.0989466
42488,1.1808608
42489,0.76005054
42490,2.3853424
42491,1.3206744
42492,1.1842251
42493,2.6010244
42494,3.7842019
42495,1.4552106
42496,4.817345
42497,2.1178925
42498,1.6782143
42499,2.4985874
42500,3.213643
42501,2.1519477
42502,1.4998351
42503,1.7880864
42504,2.7079
42505,1.6738743
42506,3.5067115
42507,3.0825582
42508,0.9967314
42509,1.8699597
42510,3.4566228
42511,2.0327132
42512,0.8859019
42513,3.2982073
42514,2.0584843
42515,1.7109271
42516,0.98278296
42517,3.7605047
42518,3.2454891
42519,1.2298656
42520,1.609844
42521,1.5635889
42522,2.837356
42523,4.6258907
42524,0.81110007
42525,1.2237924
42526,2.215164
42527,1.601884
42528,2.4108324
42529,2.1727288
42530,3.553208
42531,1.8412277
42532,2.412954
42533,2.9843707
42534,3.820776
42535,2.4443295
42536,0.883264
42537,4.686855
42538,1.9874284
42539,2.1980379
42540,2.029184
42541,1.3413632
42542,2.521184
42543,2.525843
42544,0.8422284
42545,0.73254013
42546,2.7855258
42547,0.8546238
42548,4.0269566
42549,1.6516916
42550,0.86183125
42551,2.49252
42552,0.9294103
42553,1.807062
42554,4.5908456
42555,1.3577597
42556,1.8978698
42557,1.0209031
42558,1.4656366
42559,3.076824
42560,0.9511693
42561,1.3234508
42562,1.0923288
42563,4.3953805
42564,3.4105859
42565,2.5167086
42566,0.60622597
42567,1.8960088
42568,1.6308714
42569,0.8509434
42570,1.8429438
42571,2.7981086
42572,1.365635
42573,1.1472268
42574,1.5061129
42575,2.2104068
42576,0.6334558
42577,2.8322303
42578,1.8612747
42579,3.5148392
42580,1.9651029
42581,4.4489365
42582,3.82506
42583,2.1500556
42584,0.9486445
42585,0.85827804
42586,1.8879538
42587,0.8652346
42588,0.9859807
42589,1.9765875
42590,2.1183262
42591,1.9600143
42592,2.8157775
42593,2.275648
42594,1.1093947
42595,1.355599
42596,1.4664705
42597,1.023091
42598,1.5271512
42599,2.1713796
42600,1.9356127
42601,3.048693
42602,0.907336
42603,0.7968775
42604,0.6807654
42605,1.7081076
42606,1.3711351
42607,1.1727598
42608,2.5614212
42609,3.6403897
42610,3.398701
42611,0.8306864
42612,1.3466848
42613,2.1288216
42614,2.184504
42615,1.7323774
42616,2.045842
42617,2.4524527
42618,3.4262354
42619,1.9093177
42620,0.7038062
42621,0.6373748
42622,1.8456583
42623,2.575735
42624,5.0465207
42625,2.5926757
42626,1.5444973
42627,2.4812596
42628,1.6829959
42629,2.2495403
42630,1.3353876
42631,2.9497545
42632,2.1472657
42633,1.5756941
42634,4.7017546
42635,1.1664418
42636,0.8641987
42637,1.5856191
42638,1.6103784
42639,1.3358983
42640,1.1332397
42641,3.904417
42642,1.2086716
42643,3.7791114
42644,1.5482274
42645,0.74107707
42646,2.3360221
42647,1.90307
42648,4.9000626
42649,1.5905783
42650,3.2724252
42651,1.0284011
42652,0.5229633
42653,0.9180434
42654,1.6657777
42655,0.9490292
42656,3.5704427
42657,2.463381
42658,2.1365538
42659,1.3293139
42660,2.6212945
42661,1.8329544
42662,3.0212514
42663,1.0621295
42664,2.9673643
42665,0.85168153
42666,1.3833718
42667,1.2017537
42668,1.7662646
42669,1.4409362
42670,1.0164835
42671,0.89980334
42672,2.1835399
42673,2.3108575
42674,1.1872222
42675,1.9405313
42676,1.083254
42677,1.7534009
42678,1.0860777
42679,3.4110453
42680,2.7543778
42681,2.0789754
42682,5.1877074
42683,0.8790254
42684,0.71462375
42685,1.7718648
42686,0.78956187
42687,1.52389
42688,0.68341434
42689,0.75967526
42690,1.1814978
42691,0.9033713
42692,2.4015436
42693,0.8598391
42694,1.6475998
42695,1.290879
42696,0.903187
42697,0.6008413
42698,1.714218
42699,1.0020286
42700,1.7017648
42701,1.0796316
42702,1.225381
42703,1.6071239
42704,2.57745
42705,0.99552387
42706,0.68088895
42707,0.55320716
42708,4.0209794
42709,3.3173394
42710,1.311224
42711,1.9457523
42712,4.2354918
42713,2.6661668
42714,1.6929985
42715,2.9600377
42716,1.3429626
42717,1.8460059
42718,3.299317
42719,2.0425615
42720,1.3065376
42721,2.3311832
42722,1.2504593
42723,4.424438
42724,3.2283053
42725,1.3426797
42726,0.6867813
42727,3.897227
42728,2.5681303
42729,2.1917994
42730,0.8907854
42731,3.5181355
42732,0.95241404
42733,2.0305507
42734,1.3873152
42735,0.698201
42736,1.0165576
42737,2.5923882
42738,2.706708
42739,1.6701696
42740,4.0884204
42741,2.5073178
42742,1.2340909
42743,1.3737777
42744,2.9081852
42745,0.85525364
42746,2.8488371
42747,2.124965
42748,3.1245806
42749,0.81790537
42750,0.8006913
42751,2.517103
42752,0.85803556
42753,1.4998355
42754,2.2178388
42755,2.4900558
42756,1.7616669
42757,2.595039
42758,1.9261622
42759,2.5252297
42760,2.5330703
42761,0.61147755
42762,1.5065451
42763,0.5504476
42764,1.8885856
42765,3.4262164
42766,1.9580336
42767,1.5948372
42768,0.9965205
42769,1.9517597
42770,3.7738168
42771,1.582291
42772,3.0257554
42773,1.0830433
42774,1.8860074
42775,2.5550854
42776,0.64435095
42777,4.181058
42778,1.9938138
42779,1.8940152
42780,0.9574666
42781,3.1548278
42782,1.4018152
42783,1.275537
42784,2.854894
42785,1.692062
42786,1.7407118
42787,1.4805624
42788,1.5382748
42789,1.8842262
42790,0.71767694
42791,0.8754002
42792,3.047081
42793,2.0592046
42794,1.8388046
42795,2.312702
42796,3.7515383
42797,2.3151927
42798,1.9314888
42799,2.2748578
42800,2.5096667
42801,0.99797654
42802,1.793345
42803,2.0512524
42804,1.2486554
42805,1.8398994
42806,1.2448436
42807,1.9264756
42808,1.5269763
42809,2.792282
42810,1.594227
42811,4.07101
42812,3.0931952
42813,1.301022
42814,4.1517587
42815,1.7388592
42816,2.8330152
42817,2.7712638
42818,2.2256424
42819,2.8159883
42820,1.8992181
42821,0.52897483
42822,4.7611866
42823,2.0043411
42824,1.8523219
42825,1.4614424
42826,1.0762471
42827,3.0837193
42828,2.044316
42829,1.8479538
42830,1.5759109
42831,3.9202778
42832,1.6778464
42833,1.938178
42834,0.7592927
42835,0.923693
42836,1.1513972
42837,0.9561008
42838,1.7835003
42839,1.8889852
42840,0.7501802
42841,1.4066012
42842,1.7474595
42843,1.3813396
42844,2.098294
42845,2.1470451
42846,1.185664
42847,2.1128328
42848,0.9779606
42849,2.9805048
42850,3.2936394
42851,2.8622391
42852,3.0926156
42853,2.503322
42854,4.4046583
42855,1.2946403
42856,3.020521
42857,0.9810659
42858,3.9429219
42859,0.72489774
42860,1.2330656
42861,1.1575822
42862,3.3172503
42863,1.7150105
42864,2.030046
42865,4.7820845
42866,2.402697
42867,2.0608804
42868,1.5794195
42869,0.6235437
42870,3.3951843
42871,1.7146448
42872,1.1414337
42873,4.260996
42874,1.4846439
42875,3.6586988
42876,3.4779499
42877,4.0572376
42878,1.5689163
42879,1.525715
42880,1.8979877
42881,2.6858857
42882,1.0577663
42883,1.0992867
42884,2.6819205
42885,2.052541
42886,0.8376766
42887,1.7004205
42888,0.8564475
42889,0.68226206
42890,0.9649526
42891,1.3803923
42892,2.2141666
42893,2.8254435
42894,1.0016193
42895,2.0016634
42896,4.5734606
42897,1.9064399
42898,1.9954362
42899,1.7507613
42900,3.544025
42901,4.147731
42902,0.4843123
42903,3.2820473
42904,1.5156597
42905,0.5528773
42906,1.7067966
42907,2.423104
42908,1.256159
42909,1.9366893
42910,2.0676205
42911,3.4504673
42912,1.446506
42913,2.3990839
42914,0.7879853
42915,1.7225876
42916,2.225844
42917,0.7891127
42918,1.8141264
42919,4.113407
42920,4.0552807
42921,1.5622823
42922,1.6044316
42923,1.2208234
42924,2.6389387
42925,4.072194
42926,2.8462684
42927,2.662299
42928,0.9249163
42929,1.4601934
42930,1.9428111
42931,1.9613796
42932,1.833245
42933,1.7891225
42934,3.485708
42935,2.3831828
42936,1.8521712
42937,4.568397
42938,2.8395696
42939,1.9562314
42940,1.0219065
42941,2.7539043
42942,2.662544
42943,0.91479707
42944,1.7581136
42945,1.5273523
42946,2.7220912
42947,1.6904427
42948,2.492174
42949,2.0917404
42950,0.82291555
42951,2.7960804
42952,1.6797603
42953,1.015178
42954,1.8729683
42955,2.8546891
42956,2.1383913
42957,1.1718075
42958,2.000952
42959,1.3613071
42960,2.4889796
42961,2.6403658
42962,1.7527173
42963,1.8244185
42964,1.8163841
42965,1.9733018
42966,1.5442641
42967,2.7689884
42968,2.4659364
42969,1.3312148
42970,1.6109555
42971,1.6609746
42972,1.447162
42973,0.92855453
42974,1.9356143
42975,2.9254897
42976,2.3308198
42977,2.1930728
42978,1.5000827
42979,2.15265
42980,2.8316326
42981,1.1156766
42982,4.2858653
42983,3.6644173
42984,2.2972844
42985,0.9125468
42986,1.3845059
42987,0.8236622
42988,1.4376572
42989,2.9296348
42990,2.0799928
42991,0.5516084
42992,1.4867187
42993,0.7161462
42994,1.9710187
42995,2.3806226
42996,1.0035311
42997,1.8884295
42998,1.3401521
42999,2.5912156
43000,2.926938
43001,1.375437
43002,0.6124289
43003,2.651999
43004,0.92672306
43005,2.4992623
43006,2.0795667
43007,1.9879485
43008,1.3385099
43009,3.1182384
43010,0.8248356
43011,1.8842012
43012,0.54380745
43013,0.72603464
43014,1.3784363
43015,2.4590328
43016,3.9865215
43017,1.3366365
43018,0.9092846
43019,1.8004256
43020,2.0175543
43021,1.5544153
43022,1.9179395
43023,1.7832327
43024,2.3942723
43025,2.3263981
43026,2.4545174
43027,1.8675731
43028,2.4741924
43029,2.3137567
43030,1.7744557
43031,2.0343583
43032,4.1804533
43033,2.9687753
43034,1.5342396
43035,1.4819467
43036,2.1931558
43037,2.340665
43038,1.3104324
43039,1.9891112
43040,0.9449568
43041,4.795949
43042,2.1108963
43043,1.3040905
43044,3.550493
43045,2.2035828
43046,0.8429062
43047,1.9660491
43048,2.7938375
43049,0.90355575
43050,1.8418489
43051,5.1444697
43052,1.2887044
43053,2.359607
43054,3.6734796
43055,2.2839217
43056,1.8188107
43057,1.5104208
43058,4.3185387
43059,1.2931224
43060,0.6821074
43061,1.9281077
43062,1.4141836
43063,3.2262843
43064,1.8834695
43065,1.2869762
43066,3.6581254
43067,3.9681904
43068,1.8835444
43069,1.5784259
43070,2.7054558
43071,1.257986
43072,1.2059675
43073,4.515814
43074,0.7451898
43075,1.1824787
43076,1.0930122
43077,2.168062
43078,1.6481327
43079,2.8435473
43080,1.3540933
43081,1.2547113
43082,0.48083267
43083,3.723567
43084,1.0274484
43085,2.3735914
43086,2.0621064
43087,1.672086
43088,0.9029488
43089,1.1614076
43090,2.1544638
43091,1.8188056
43092,1.9030268
43093,1.3979943
43094,1.8117087
43095,3.4153755
43096,0.96009964
43097,3.1198025
43098,0.9869781
43099,1.3123819
43100,1.9833953
43101,2.0457115
43102,1.2195325
43103,3.2171128
43104,1.7123004
43105,2.5168893
43106,2.6399028
43107,1.2925435
43108,1.4122629
43109,0.8030589
43110,1.5508556
43111,2.143527
43112,2.3483024
43113,1.8018607
43114,3.8041837
43115,4.6532803
43116,0.93673986
43117,1.5912911
43118,2.369214
43119,1.5113242
43120,1.5663412
43121,2.577016
43122,4.6203723
43123,1.84287
43124,1.9206705
43125,0.9638893
43126,1.7657189
43127,3.1768255
43128,2.7839725
43129,1.2971925
43130,3.9192662
43131,2.1131048
43132,2.6192327
43133,0.8376312
43134,0.7921976
43135,0.8993882
43136,2.7492867
43137,0.93128383
43138,3.297483
43139,1.8036925
43140,1.6505827
43141,0.9121138
43142,1.2882107
43143,2.0544274
43144,1.6542461
43145,0.8871887
43146,1.7104608
43147,1.6169729
43148,3.07327
43149,1.9017801
43150,1.9435623
43151,3.97291
43152,1.3351338
43153,3.391825
43154,1.4320288
43155,1.4792179
43156,1.3660878
43157,2.118218
43158,0.5639323
43159,0.8209778
43160,0.8007039
43161,2.5869098
43162,2.6608672
43163,0.7642033
43164,2.0536613
43165,0.81508064
43166,3.081437
43167,4.139371
43168,1.3770527
43169,1.1609784
43170,3.3378086
43171,1.1469228
43172,3.7717056
43173,1.1773752
43174,1.8086555
43175,1.5249059
43176,3.845323
43177,0.8404708
43178,1.7445735
43179,3.4843438
43180,1.3378112
43181,1.7614747
43182,1.8549876
43183,1.4045653
43184,1.2238413
43185,2.7679133
43186,3.016345
43187,1.9769559
43188,2.9226573
43189,1.9249613
43190,1.0643798
43191,2.0398107
43192,2.689776
43193,2.2314222
43194,0.90020365
43195,1.0326061
43196,0.95115507
43197,1.7702281
43198,3.0989087
43199,1.8796581
43200,1.5024875
43201,2.029031
43202,1.4088585
43203,1.047588
43204,2.7428048
43205,1.4433628
43206,1.2367839
43207,1.753866
43208,1.7345917
43209,0.8475009
43210,3.967594
43211,1.8974763
43212,2.3068588
43213,1.4124919
43214,3.3699515
43215,1.2320248
43216,2.7995095
43217,0.6862085
43218,1.8083215
43219,1.9278674
43220,1.1929508
43221,1.066639
43222,1.2608391
43223,2.2944374
43224,1.4901307
43225,0.7014324
43226,1.8590639
43227,0.80388117
43228,1.9216322
43229,3.082588
43230,3.9937725
43231,1.3004155
43232,5.082453
43233,1.5518494
43234,1.3875047
43235,4.8589725
43236,2.4708323
43237,1.5831031
43238,4.9672494
43239,1.4815892
43240,1.8910053
43241,1.268354
43242,1.9713392
43243,1.7488848
43244,2.2437506
43245,0.97431207
43246,0.7667756
43247,3.0009565
43248,1.6570054
43249,2.3323517
43250,0.8213095
43251,3.3154876
43252,4.0238767
43253,3.8132036
43254,2.6110468
43255,2.307956
43256,1.10197
43257,1.571941
43258,2.9720573
43259,1.1593506
43260,1.6916757
43261,2.0736306
43262,2.5550542
43263,1.945366
43264,1.1117969
43265,0.8753935
43266,1.5056851
43267,2.0522647
43268,3.8951676
43269,1.5652695
43270,1.4330194
43271,2.3553534
43272,1.2692307
43273,1.8842789
43274,3.1467865
43275,1.3875791
43276,2.0597744
43277,4.525093
43278,1.0591254
43279,1.7603465
43280,2.1153626
43281,0.8882389
43282,0.96367955
43283,1.7241235
43284,2.8844283
43285,1.08164
43286,1.9134779
43287,3.0849166
43288,2.9520445
43289,1.4069008
43290,2.1809072
43291,3.4001853
43292,1.8758042
43293,1.4314835
43294,0.7227685
43295,0.71195537
43296,1.0241121
43297,2.5963101
43298,2.380796
43299,1.5360764
43300,1.0674669
43301,0.7552221
43302,3.385071
43303,1.5480045
43304,0.5255327
43305,2.1251526
43306,2.657399
43307,1.0043393
43308,1.9468102
43309,1.1009786
43310,3.1183813
43311,1.9714569
43312,1.3219105
43313,1.9502584
43314,5.157764
43315,0.7964871
43316,2.3279781
43317,2.1908293
43318,3.8438513
43319,1.1101288
43320,1.2786582
43321,1.7515022
43322,1.9432809
43323,2.4098127
43324,1.6921271
43325,4.0190754
43326,4.6294246
43327,4.740116
43328,2.004067
43329,2.6045585
43330,0.6837125
43331,0.93842435
43332,0.524872
43333,2.059088
43334,2.2871275
43335,1.1094236
43336,4.2689614
43337,1.5031972
43338,1.0564265
43339,4.288557
43340,1.7886506
43341,4.233818
43342,1.5031197
43343,2.166802
43344,1.5594857
43345,0.8746844
43346,2.6805742
43347,1.2344685
43348,2.3980017
43349,1.9717379
43350,1.7809242
43351,0.7814686
43352,1.5923091
43353,1.1537769
43354,2.4902103
43355,0.90302724
43356,2.9456313
43357,1.992925
43358,3.3243587
43359,4.266835
43360,1.6751769
43361,1.2335569
43362,1.6332493
43363,1.5955696
43364,2.9946718
43365,1.870381
43366,3.5807462
43367,1.4604357
43368,1.9588912
43369,1.7160956
43370,1.7258873
43371,0.8315233
43372,2.5128777
43373,1.605361
43374,1.0329975
43375,2.6603212
43376,4.320733
43377,0.9196228
43378,1.9560125
43379,1.802327
43380,1.4726331
43381,1.372725
43382,2.9688601
43383,1.4405925
43384,2.1367788
43385,3.363932
43386,1.8478711
43387,1.8977118
43388,2.9444015
43389,2.5852573
43390,2.1524408
43391,1.3919464
43392,0.8108052
43393,2.3757992
43394,2.6060224
43395,0.7859766
43396,5.066873
43397,1.5126839
43398,1.1725214
43399,2.2940578
43400,1.7877127
43401,3.9890404
43402,1.1775774
43403,4.991622
43404,4.25359
43405,1.3212087
43406,1.9481233
43407,1.1142372
43408,3.4254386
43409,1.3810091
43410,1.1294515
43411,1.5910956
43412,2.6916692
43413,2.30212
43414,1.2541053
43415,2.5560253
43416,3.1458712
43417,1.7986554
43418,2.7799416
43419,1.1161796
43420,1.233672
43421,0.7386274
43422,0.71754164
43423,3.7650208
43424,4.6273713
43425,0.8656125
43426,1.276542
43427,2.1476815
43428,3.1024845
43429,1.2912136
43430,1.7797433
43431,1.5353587
43432,1.5489045
43433,2.5994618
43434,2.209399
43435,1.4686742
43436,2.8718512
43437,1.3757842
43438,1.6639956
43439,1.5761065
43440,2.8505874
43441,3.246076
43442,3.9008021
43443,1.0771195
43444,1.3834224
43445,4.5945997
43446,0.92068875
43447,0.7884055
43448,1.6524079
43449,2.9118383
43450,1.1265789
43451,1.7133614
43452,2.746968
43453,1.4492275
43454,1.5679839
43455,2.5115726
43456,2.7100322
43457,1.4726596
43458,3.5818946
43459,4.0381055
43460,2.2280877
43461,3.036401
43462,1.3114752
43463,2.147224
43464,1.5242852
43465,5.003961
43466,3.4573386
43467,1.6758575
43468,4.3461785
43469,1.0781659
43470,1.0678327
43471,1.0893682
43472,2.6694655
43473,1.8243896
43474,1.4331994
43475,0.6840185
43476,0.8112151
43477,1.3194153
43478,1.5740582
43479,1.3804263
43480,2.0050235
43481,1.7855021
43482,1.0629325
43483,2.0223448
43484,1.6944928
43485,2.746769
43486,3.4761386
43487,2.194549
43488,3.9918842
43489,1.6411048
43490,2.8746467
43491,1.4580117
43492,0.7741994
43493,1.5870339
43494,1.323407
43495,3.0851536
43496,2.0878103
43497,2.755802
43498,2.4829583
43499,3.5488017
43500,2.5838645
43501,0.7405301
43502,0.7995918
43503,4.1641517
43504,0.6103324
43505,3.6783743
43506,5.195434
43507,1.1013324
43508,1.3313073
43509,3.073767
43510,3.800662
43511,0.8934639
43512,4.109835
43513,2.4911416
43514,2.500466
43515,1.9751077
43516,3.0780413
43517,1.4762917
43518,1.8821543
43519,1.4720948
43520,0.752261
43521,2.5957825
43522,1.3830873
43523,1.786201
43524,0.6403089
43525,2.1924248
43526,2.396117
43527,2.1348972
43528,2.4519384
43529,4.320294
43530,1.5197588
43531,1.5176495
43532,2.3875544
43533,1.7743789
43534,1.5087714
43535,4.6374187
43536,1.4871927
43537,1.4331869
43538,1.8526293
43539,1.9814576
43540,1.6362755
43541,3.3438807
43542,1.6577787
43543,1.9237607
43544,2.2001572
43545,0.78588337
43546,0.92589355
43547,1.4519657
43548,1.8766153
43549,4.7700486
43550,2.881812
43551,1.4459813
43552,1.1157384
43553,1.558101
43554,5.1062284
43555,0.85484385
43556,1.5111585
43557,3.741613
43558,1.8558743
43559,1.3880069
43560,1.9282877
43561,1.9567796
43562,4.1691384
43563,2.3260298
43564,2.4089017
43565,2.1078956
43566,2.3610442
43567,1.5406631
43568,1.8325689
43569,3.5589097
43570,1.6816953
43571,3.182611
43572,5.3101435
43573,1.2913591
43574,4.215844
43575,1.0787932
43576,1.6993331
43577,0.5317127
43578,1.5680565
43579,1.6449833
43580,0.9978611
43581,1.994448
43582,1.6508079
43583,0.8287358
43584,1.6955987
43585,2.3255644
43586,1.5696734
43587,1.9781199
43588,2.5985377
43589,1.3759763
43590,2.0692644
43591,2.8779652
43592,0.66901374
43593,1.5808352
43594,3.0860314
43595,3.6499152
43596,1.8156114
43597,0.47865433
43598,2.5712953
43599,2.7286968
43600,2.0133955
43601,1.6945696
43602,2.4564903
43603,1.3861566
43604,1.2229075
43605,2.2159142
43606,1.0999618
43607,1.2640625
43608,2.3787272
43609,1.4935335
43610,1.8898861
43611,1.9987514
43612,2.5754583
43613,2.2121143
43614,1.5150284
43615,1.0077883
43616,2.9413564
43617,0.82060736
43618,1.4989771
43619,2.8010368
43620,2.4749956
43621,1.4445479
43622,2.0090122
43623,2.4406667
43624,2.9081798
43625,1.6883919
43626,1.6065621
43627,2.8550386
43628,1.6361907
43629,2.188829
43630,3.6576624
43631,1.1745601
43632,0.83201027
43633,1.1346287
43634,0.81478494
43635,1.2559886
43636,1.5919869
43637,0.63581866
43638,4.2168183
43639,2.6300085
43640,2.242145
43641,1.311991
43642,2.1547558
43643,0.69204265
43644,2.1997466
43645,1.2516491
43646,1.9522967
43647,1.0057601
43648,2.7209735
43649,2.0199378
43650,5.1692
43651,2.005388
43652,2.0249336
43653,1.3774167
43654,4.5833874
43655,4.0871162
43656,0.89469665
43657,0.63251513
43658,1.160228
43659,1.3033738
43660,2.2506263
43661,1.0940505
43662,3.5445802
43663,3.0386262
43664,0.6119434
43665,3.109594
43666,3.4491913
43667,4.340736
43668,4.2643976
43669,2.1311455
43670,2.3076198
43671,2.3287547
43672,2.5329323
43673,1.9718382
43674,0.7031038
43675,1.0924549
43676,1.8757155
43677,1.9975065
43678,2.847356
43679,1.5896277
43680,1.3910365
43681,1.2304918
43682,0.945247
43683,2.1734762
43684,1.17744
43685,2.0636098
43686,1.9968603
43687,0.795914
43688,2.6064816
43689,1.800821
43690,1.4738631
43691,0.6290265
43692,1.1906416
43693,1.2269243
43694,1.2250805
43695,2.4618013
43696,3.2543004
43697,1.691081
43698,2.228321
43699,1.3565739
43700,1.9129949
43701,1.7478694
43702,1.350354
43703,1.1256187
43704,1.429912
43705,1.8276732
43706,1.8235445
43707,0.78358215
43708,1.4596399
43709,1.8960422
43710,2.7381942
43711,4.8566537
43712,1.9112575
43713,1.5061717
43714,4.5312576
43715,0.9694471
43716,1.1548172
43717,0.85935736
43718,4.229696
43719,3.7835512
43720,3.7399426
43721,4.418279
43722,1.3846774
43723,1.1475462
43724,1.694008
43725,1.5754863
43726,1.976543
43727,1.0177206
43728,3.2590775
43729,2.6854155
43730,1.7213998
43731,2.855731
43732,1.8896619
43733,3.4421694
43734,1.1334933
43735,2.274356
43736,4.7542043
43737,1.6321017
43738,3.3803148
43739,1.4388587
43740,1.3366671
43741,1.284543
43742,3.689393
43743,4.314443
43744,1.9964637
43745,1.6541444
43746,2.8763497
43747,2.8440588
43748,1.2655373
43749,0.7903165
43750,0.71073186
43751,2.1167276
43752,1.8381996
43753,1.8247436
43754,2.8730705
43755,1.8451571
43756,1.4012309
43757,1.4863952
43758,3.0400825
43759,1.7543097
43760,2.7578764
43761,4.2326856
43762,1.4144018
43763,1.8307751
43764,1.1890124
43765,2.2128472
43766,2.4188082
43767,1.338502
43768,4.6440525
43769,1.6089677
43770,1.1483359
43771,0.63521034
43772,1.6017339
43773,0.7300561
43774,2.0198982
43775,1.1920241
43776,1.5748692
43777,1.5513139
43778,2.4834597
43779,1.9007834
43780,1.6318654
43781,3.1862843
43782,1.6313124
43783,0.65946436
43784,2.6234047
43785,2.556181
43786,1.9451382
43787,2.4245555
43788,1.1831292
43789,2.008553
43790,1.6512625
43791,1.3552647
43792,3.272234
43793,1.5378598
43794,2.3893397
43795,0.9554747
43796,3.6489668
43797,2.068877
43798,1.8359016
43799,2.2938447
43800,2.385642
43801,0.92596257
43802,3.0879223
43803,1.2751087
43804,3.5000727
43805,3.1244519
43806,2.515952
43807,1.2831559
43808,1.1809709
43809,1.7916355
43810,1.093181
43811,1.5641562
43812,0.98030126
43813,2.1507425
43814,2.4577014
43815,1.9385545
43816,0.7667841
43817,2.1429362
43818,1.6223142
43819,1.6999544
43820,4.7987404
43821,3.6401515
43822,1.1632013
43823,1.3763987
43824,2.4953783
43825,1.743435
43826,2.7438
43827,1.2018116
43828,0.8392045
43829,1.5628703
43830,0.5982971
43831,2.045864
43832,2.498419
43833,1.7863005
43834,3.8640134
43835,4.2001405
43836,2.745054
43837,2.056691
43838,2.2000709
43839,2.288865
43840,1.7492067
43841,2.5607662
43842,0.8123849
43843,0.7382827
43844,1.5472115
43845,2.1621044
43846,4.230129
43847,1.1620435
43848,4.2002864
43849,1.6981003
43850,2.238055
43851,2.3901594
43852,0.82373816
43853,2.500371
43854,0.8632338
43855,0.7268204
43856,2.2599332
43857,2.2545953
43858,2.3340778
43859,2.126292
43860,2.1269124
43861,1.6170397
43862,1.26879
43863,1.3395327
43864,2.8628314
43865,3.5263803
43866,1.4742156
43867,2.2942069
43868,2.14176
43869,3.1516244
43870,1.2795306
43871,1.5770873
43872,3.3876467
43873,1.761141
43874,2.0868182
43875,2.2674277
43876,3.7407196
43877,3.9119773
43878,3.8992894
43879,3.8946078
43880,1.1889955
43881,1.4331228
43882,2.2664723
43883,2.1854513
43884,3.032755
43885,5.1793833
43886,2.1629746
43887,0.48945212
43888,0.6986326
43889,1.5930544
43890,1.0524955
43891,2.9439862
43892,1.2873586
43893,1.259781
43894,1.835318
43895,2.1156528
43896,3.7991054
43897,1.0141244
43898,3.2569163
43899,2.3855698
43900,0.5631366
43901,1.4539218
43902,3.391492
43903,1.6458907
43904,3.0707395
43905,2.859388
43906,1.4964634
43907,1.7426941
43908,1.7516807
43909,1.3656974
43910,0.69870335
43911,2.2645786
43912,1.3654829
43913,2.4231913
43914,1.0944684
43915,1.9528129
43916,1.9073426
43917,1.1261052
43918,0.81525683
43919,1.1829114
43920,1.8895292
43921,0.78162944
43922,3.0474024
43923,2.5187037
43924,1.6379209
43925,0.898382
43926,3.5349183
43927,1.3201772
43928,1.8885279
43929,2.9697425
43930,1.4649565
43931,1.4579905
43932,1.1411922
43933,4.0412836
43934,2.758799
43935,2.8127759
43936,3.5634217
43937,1.0638897
43938,2.5825243
43939,2.2010095
43940,3.5529604
43941,4.302653
43942,3.858324
43943,1.8231528
43944,1.5039263
43945,2.0118377
43946,1.9196272
43947,2.4234154
43948,3.8551257
43949,1.8941715
43950,1.1172794
43951,1.3063728
43952,1.9242852
43953,0.9734456
43954,1.837561
43955,1.8284006
43956,1.2040181
43957,1.514123
43958,1.2693129
43959,1.486226
43960,2.3396876
43961,1.5100213
43962,1.0272403
43963,0.7968678
43964,1.4450111
43965,1.5078272
43966,2.7486782
43967,4.4317894
43968,2.1951873
43969,2.1383944
43970,1.3879744
43971,1.9828507
43972,4.720679
43973,0.9072425
43974,1.6496607
43975,1.5899768
43976,1.1028401
43977,0.94236195
43978,1.938718
43979,2.1986113
43980,0.90913445
43981,2.0789173
43982,1.0139383
43983,2.2883132
43984,1.4796166
43985,1.6174386
43986,2.3560736
43987,2.1466444
43988,1.039528
43989,2.2006018
43990,1.2158359
43991,2.0775175
43992,1.6992017
43993,1.4675006
43994,1.8042073
43995,1.0387408
43996,1.9544936
43997,3.07489
43998,1.6188071
43999,1.2844696
44000,1.1569787
44001,3.1005216
44002,3.0023003
44003,1.2266371
44004,1.852024
44005,1.8313835
44006,1.4514478
44007,0.7906983
44008,4.0298367
44009,1.862732
44010,2.5801623
44011,2.9485197
44012,3.258372
44013,1.6960022
44014,1.5357808
44015,2.2878234
44016,2.111099
44017,0.7237623
44018,1.8359615
44019,2.2434251
44020,2.292619
44021,1.9497803
44022,0.8916324
44023,2.156414
44024,1.1812634
44025,2.0910716
44026,1.7396896
44027,2.650317
44028,1.8195056
44029,1.4460585
44030,0.9394577
44031,1.9770856
44032,2.9497695
44033,1.7122633
44034,1.7053505
44035,1.9164248
44036,1.9597
44037,2.028617
44038,1.2282566
44039,0.91766787
44040,1.2407427
44041,2.0615358
44042,0.85135597
44043,1.367485
44044,4.0239697
44045,2.497825
44046,1.9066812
44047,1.9512532
44048,1.2758666
44049,2.4867013
44050,1.8950968
44051,0.89446896
44052,3.7563753
44053,2.4717638
44054,1.5918524
44055,4.30699
44056,0.8315054
44057,2.4417741
44058,2.55026
44059,1.8766874
44060,1.7595912
44061,1.8212329
44062,1.8645298
44063,1.8051053
44064,1.6905305
44065,3.743117
44066,2.5963445
44067,3.3210313
44068,1.7916598
44069,3.1410718
44070,0.5508697
44071,1.2292949
44072,2.5118146
44073,3.2607856
44074,2.4808192
44075,1.496958
44076,4.2938704
44077,1.5611144
44078,5.3337865
44079,1.8772812
44080,2.623858
44081,1.129432
44082,2.6771135
44083,2.1354423
44084,3.2748842
44085,1.7345451
44086,4.792594
44087,0.8536838
44088,2.0122466
44089,0.83934075
44090,1.400198
44091,1.0429357
44092,1.0858804
44093,2.077256
44094,2.1739783
44095,1.0296681
44096,2.5569525
44097,1.3211322
44098,1.6523776
44099,3.6022906
44100,2.0304565
44101,1.7942119
44102,2.7899942
44103,1.7359272
44104,3.2078605
44105,4.937139
44106,2.90448
44107,5.1236577
44108,0.6593907
44109,2.3079047
44110,4.0517206
44111,1.6696416
44112,1.6927711
44113,3.4156947
44114,3.1699185
44115,0.64070874
44116,1.9216657
44117,2.2366178
44118,1.8166509
44119,0.65253544
44120,2.2216823
44121,1.4300308
44122,1.5441823
44123,2.5028028
44124,3.4956877
44125,0.9631321
44126,3.1795652
44127,1.7821786
44128,0.9798069
44129,1.125453
44130,2.111151
44131,1.6911343
44132,2.7706132
44133,3.2277694
44134,1.3900257
44135,4.554599
44136,4.6084604
44137,0.94262946
44138,1.7392906
44139,2.4181986
44140,2.2484412
44141,0.7467358
44142,2.3067777
44143,1.4216274
44144,1.8430789
44145,1.3191159
44146,2.2895648
44147,1.3425994
44148,2.279395
44149,3.246566
44150,1.5004674
44151,3.2861028
44152,1.6239394
44153,0.6330468
44154,1.0000613
44155,0.8277623
44156,1.4719731
44157,2.2350852
44158,1.045209
44159,1.6451722
44160,2.3343668
44161,0.48748237
44162,1.5084363
44163,1.6182396
44164,2.9674304
44165,1.8743786
44166,0.9211994
44167,1.3888011
44168,1.1488335
44169,3.5067484
44170,0.83014077
44171,2.0489666
44172,2.509742
44173,5.1310687
44174,2.6059337
44175,1.2411069
44176,1.1542529
44177,4.847949
44178,1.4890946
44179,0.73951095
44180,2.6844242
44181,1.2274069
44182,1.381287
44183,2.343811
44184,1.6044047
44185,3.7159905
44186,2.701201
44187,0.61161345
44188,1.5507718
44189,2.6230795
44190,1.0158638
44191,0.6584373
44192,1.8833218
44193,0.8892979
44194,3.3774612
44195,2.1022022
44196,2.8872082
44197,2.5307055
44198,1.4507161
44199,1.622559
44200,3.6939185
44201,2.886897
44202,0.89770573
44203,1.4444528
44204,3.6310382
44205,2.3247569
44206,1.1806479
44207,0.70127934
44208,1.4023646
44209,2.2440646
44210,1.31402
44211,0.8427595
44212,1.9237294
44213,0.93219775
44214,0.6055677
44215,1.7278616
44216,2.0300167
44217,4.779802
44218,1.0642323
44219,1.1094375
44220,3.7231061
44221,4.986264
44222,0.63159007
44223,1.6831522
44224,1.8457236
44225,2.094039
44226,2.2034748
44227,0.9078233
44228,1.0277314
44229,1.2980464
44230,2.6335595
44231,0.9019487
44232,2.2099395
44233,2.597511
44234,1.2190397
44235,2.2998908
44236,2.467693
44237,2.8862696
44238,1.2674317
44239,1.6465209
44240,1.1764525
44241,2.004826
44242,2.497898
44243,2.1483593
44244,2.5774212
44245,1.4365835
44246,1.751711
44247,3.9878874
44248,1.0225968
44249,3.8255877
44250,2.7995722
44251,0.75855184
44252,2.8290992
44253,1.1812305
44254,1.8392864
44255,4.5889926
44256,2.2624445
44257,0.7493406
44258,0.73473686
44259,2.6452708
44260,1.3665729
44261,2.0644307
44262,3.4466894
44263,2.4926205
44264,2.6152248
44265,1.4733621
44266,1.2607803
44267,1.6711493
44268,0.96036124
44269,1.0130501
44270,3.3787458
44271,1.799382
44272,1.9776679
44273,1.4749215
44274,2.4652362
44275,1.495423
44276,2.2808251
44277,1.5487283
44278,1.604225
44279,0.9272185
44280,1.7709397
44281,3.5510426
44282,1.7132746
44283,2.8618605
44284,1.2525592
44285,1.3023126
44286,2.761841
44287,1.0451012
44288,3.0626695
44289,1.269392
44290,4.831854
44291,4.899866
44292,3.0300395
44293,1.5496315
44294,1.7078578
44295,2.1362762
44296,1.1659971
44297,0.49850243
44298,2.1601095
44299,2.435976
44300,1.7881379
44301,1.3560998
44302,1.5686599
44303,1.5478323
44304,1.4351414
44305,1.2108742
44306,2.2324283
44307,1.7770355
44308,2.6925533
44309,1.8084139
44310,1.4506093
44311,3.287943
44312,2.5453086
44313,2.049681
44314,2.6681273
44315,1.5559385
44316,3.943404
44317,2.110601
44318,2.9984438
44319,1.0929219
44320,4.043973
44321,1.8625125
44322,1.8646352
44323,1.9851017
44324,3.1998153
44325,2.1306188
44326,2.1301348
44327,1.3308876
44328,0.8900349
44329,0.61319184
44330,1.9113634
44331,0.5783613
44332,1.9452343
44333,2.6977515
44334,1.7259548
44335,1.149294
44336,4.928992
44337,1.5368078
44338,1.5522869
44339,1.2635854
44340,1.9093099
44341,2.0399477
44342,0.596686
44343,1.08298
44344,1.5500185
44345,0.660777
44346,1.2141651
44347,2.5321202
44348,3.2288058
44349,0.7588545
44350,0.77352476
44351,1.8020393
44352,1.5976101
44353,3.2388015
44354,4.264073
44355,3.5127003
44356,2.8595393
44357,3.1648726
44358,1.6917964
44359,0.9741238
44360,1.4069133
44361,2.480478
44362,1.6792763
44363,1.3374298
44364,0.83545303
44365,1.3118918
44366,2.7783666
44367,3.3338459
44368,0.4772175
44369,1.265502
44370,1.5233481
44371,1.0333545
44372,2.1573663
44373,2.2343643
44374,1.790253
44375,2.2514806
44376,2.0421476
44377,1.8439199
44378,2.51572
44379,3.2272668
44380,1.5587754
44381,2.453961
44382,1.2395328
44383,3.06344
44384,2.8891346
44385,3.4703507
44386,1.8561627
44387,0.8575755
44388,2.2134666
44389,4.4884562
44390,3.1665626
44391,1.455772
44392,1.627065
44393,0.9810932
44394,3.0612345
44395,1.1847792
44396,3.9881194
44397,1.3164908
44398,1.6445678
44399,2.4771194
44400,1.6465589
44401,1.4197465
44402,4.4723163
44403,1.8074938
44404,1.1533723
44405,1.0222837
44406,1.6808187
44407,1.5124811
44408,3.347905
44409,3.0606375
44410,1.064932
44411,2.4986665
44412,1.8127326
44413,2.618247
44414,0.9462752
44415,1.4018601
44416,3.650904
44417,2.2248118
44418,2.3415444
44419,1.219353
44420,1.0347514
44421,0.7194256
44422,2.0073788
44423,2.200306
44424,1.2631491
44425,1.6096214
44426,0.8121993
44427,0.5374501
44428,5.007428
44429,1.6402225
44430,3.725772
44431,1.781463
44432,3.176792
44433,2.4162946
44434,1.5222207
44435,2.5752819
44436,1.37412
44437,3.7925107
44438,2.1765165
44439,1.6968864
44440,3.6962917
44441,0.9226736
44442,1.3395889
44443,1.5527095
44444,3.5046122
44445,2.65339
44446,2.771813
44447,1.5132108
44448,2.5373619
44449,2.19618
44450,0.90411705
44451,1.5730112
44452,1.6810868
44453,1.8599972
44454,2.2878559
44455,2.3955953
44456,1.8896495
44457,3.3974283
44458,1.910036
44459,0.7588361
44460,1.8357946
44461,2.1675012
44462,2.344293
44463,1.0896971
44464,2.0754867
44465,3.2635036
44466,1.029629
44467,1.9435632
44468,4.8998475
44469,0.7326338
44470,1.2515175
44471,1.960514
44472,3.1337073
44473,1.2587458
44474,2.1375759
44475,3.033266
44476,1.9877975
44477,1.1690676
44478,2.0351562
44479,4.5716763
44480,0.68965286
44481,1.8294351
44482,1.6082492
44483,1.2349089
44484,3.0884387
44485,1.5023303
44486,4.844813
44487,2.7632062
44488,1.957331
44489,1.4386564
44490,2.6321902
44491,2.5626824
44492,1.8718331
44493,2.536519
44494,0.67535865
44495,1.3988137
44496,1.9161533
44497,2.8148704
44498,1.5055103
44499,2.200045
44500,2.182903
44501,1.5659058
44502,1.7216156
44503,4.2211375
44504,1.3773947
44505,1.4857962
44506,2.2135615
44507,0.6473369
44508,1.1408926
44509,1.359566
44510,1.4744025
44511,1.3409892
44512,1.6394229
44513,1.3117083
44514,2.6422641
44515,2.740554
44516,1.7514042
44517,2.1287336
44518,0.7849284
44519,4.5230937
44520,2.0122676
44521,0.8013042
44522,3.998072
44523,1.7472326
44524,2.030093
44525,1.84584
44526,2.3229866
44527,1.03338
44528,4.937123
44529,2.4281433
44530,1.0470612
44531,0.7539706
44532,1.374577
44533,1.9573705
44534,5.0008054
44535,1.2284155
44536,2.1456645
44537,2.470295
44538,2.031578
44539,1.4133438
44540,2.123462
44541,2.0250611
44542,0.9663022
44543,1.378373
44544,1.6244205
44545,1.2823384
44546,2.2672043
44547,1.0901016
44548,2.79119
44549,0.77305484
44550,2.2354794
44551,2.4964337
44552,1.4015056
44553,4.2949576
44554,5.128497
44555,2.0058343
44556,1.4887632
44557,4.5926294
44558,2.167744
44559,2.0749612
44560,2.4537516
44561,3.9876497
44562,1.7420512
44563,3.667751
44564,2.5028994
44565,1.6007048
44566,1.0170206
44567,2.4125032
44568,2.16903
44569,1.5325266
44570,4.398307
44571,2.439787
44572,1.0387669
44573,1.5036749
44574,2.4237697
44575,2.3805919
44576,1.5338112
44577,1.670312
44578,2.6058755
44579,1.2145903
44580,2.632789
44581,0.5840592
44582,1.5390682
44583,1.4265044
44584,1.065593
44585,1.0049272
44586,2.3894427
44587,1.530832
44588,2.9388156
44589,0.7064576
44590,3.419132
44591,0.65379554
44592,3.810097
44593,2.92984
44594,1.6778917
44595,1.7251343
44596,0.8274536
44597,2.1844094
44598,2.5013885
44599,0.5988137
44600,2.060723
44601,3.478108
44602,3.3384027
44603,2.4416122
44604,1.3793447
44605,1.0348148
44606,3.8425827
44607,1.9070475
44608,2.997681
44609,2.6584532
44610,1.80813
44611,2.0258813
44612,2.9679766
44613,1.0091364
44614,1.1079556
44615,2.4804714
44616,0.44168773
44617,2.8715804
44618,1.727344
44619,2.4490285
44620,3.0968118
44621,2.5714054
44622,2.043076
44623,1.797518
44624,2.1955447
44625,0.9333672
44626,1.8049266
44627,1.7451373
44628,0.98977107
44629,0.65387577
44630,3.873989
44631,2.7563503
44632,2.530995
44633,2.4803567
44634,1.7663985
44635,2.5300624
44636,1.7388675
44637,1.0794455
44638,1.5664815
44639,0.38398898
44640,1.8845994
44641,1.2275344
44642,4.1227956
44643,2.010637
44644,2.790016
44645,1.8312076
44646,1.8344604
44647,2.4952672
44648,1.6436235
44649,0.9826306
44650,2.0596633
44651,1.1693796
44652,2.1887887
44653,2.442811
44654,0.66336197
44655,2.596785
44656,0.7681027
44657,1.9663373
44658,1.3933127
44659,1.9740568
44660,1.1610547
44661,2.7205365
44662,2.3076138
44663,0.72004324
44664,2.3797634
44665,1.5745373
44666,2.1696777
44667,1.333198
44668,2.1736321
44669,1.2165757
44670,1.6864202
44671,1.2506803
44672,3.7609775
44673,2.7267826
44674,4.4851
44675,1.8490661
44676,2.877366
44677,0.6924181
44678,1.5608696
44679,0.8479496
44680,1.9996765
44681,0.124094784
44682,1.3644599
44683,2.8152423
44684,1.0643189
44685,1.9747844
44686,0.8060445
44687,1.0142848
44688,1.9459246
44689,0.83923453
44690,1.3200161
44691,3.1559954
44692,1.6724226
44693,1.1013507
44694,1.0724605
44695,1.420148
44696,0.7100261
44697,2.5330346
44698,2.5145996
44699,1.6074163
44700,1.2142159
44701,3.5718572
44702,2.2210557
44703,2.3863885
44704,1.4629554
44705,1.65005
44706,2.4955933
44707,1.7475284
44708,2.7390873
44709,0.6210395
44710,2.0905988
44711,2.2048578
44712,3.763273
44713,2.475514
44714,2.2197137
44715,1.5732288
44716,1.5608801
44717,2.4998887
44718,1.379007
44719,1.2560902
44720,1.0711004
44721,2.5065002
44722,2.7140307
44723,3.790994
44724,3.4976196
44725,5.15746
44726,1.0097692
44727,0.76822335
44728,4.3138957
44729,2.819468
44730,3.3506608
44731,4.182273
44732,2.9545114
44733,1.3376786
44734,1.7136506
44735,3.8869119
44736,1.2341145
44737,4.0246696
44738,1.1956127
44739,1.0815268
44740,0.8206996
44741,2.1177843
44742,2.702307
44743,1.4801296
44744,3.7260695
44745,1.1078974
44746,0.9188587
44747,2.1506414
44748,2.7382183
44749,3.4387436
44750,4.6773405
44751,1.0323935
44752,1.2263733
44753,2.154001
44754,1.46237
44755,0.7701188
44756,2.2299547
44757,3.5385082
44758,1.5591395
44759,2.2528443
44760,2.0409694
44761,1.9371643
44762,2.197228
44763,2.3819005
44764,1.7308657
44765,1.7860235
44766,0.63064355
44767,0.7569725
44768,1.1614578
44769,0.7481047
44770,1.533479
44771,3.5409129
44772,0.86905456
44773,1.5639992
44774,2.3636918
44775,3.9029942
44776,1.6721792
44777,1.6958256
44778,1.159431
44779,2.138849
44780,1.7122537
44781,1.6273235
44782,3.2996302
44783,2.009742
44784,1.6435499
44785,2.3447335
44786,1.9177725
44787,2.2672493
44788,1.6105356
44789,1.9446893
44790,2.268356
44791,3.4639208
44792,2.831889
44793,1.5735598
44794,1.3252405
44795,1.7076101
44796,1.1109654
44797,3.3759146
44798,4.344768
44799,1.2996881
44800,1.5182749
44801,1.6342231
44802,1.6235188
44803,1.755589
44804,2.2484455
44805,1.9612905
44806,2.6010745
44807,0.94858164
44808,0.98341924
44809,2.869836
44810,1.1803277
44811,2.053081
44812,2.506244
44813,3.1318073
44814,1.9329315
44815,3.2671695
44816,1.7640412
44817,1.7567407
44818,3.170005
44819,2.274308
44820,0.9297055
44821,4.613071
44822,1.2714314
44823,0.84538513
44824,3.9248219
44825,1.55284
44826,1.7633443
44827,1.863535
44828,1.1131861
44829,1.5971023
44830,0.7528768
44831,4.8608522
44832,2.2708638
44833,1.3033665
44834,1.9322267
44835,1.0627774
44836,2.620427
44837,1.237982
44838,0.8043263
44839,3.1993923
44840,1.5955349
44841,2.1916506
44842,0.8735493
44843,1.8934541
44844,1.384127
44845,1.8967662
44846,2.7600107
44847,2.8074574
44848,3.644314
44849,4.9716387
44850,0.56007856
44851,3.633895
44852,1.5846232
44853,1.9732714
44854,1.9129939
44855,1.965125
44856,2.3664825
44857,0.7526221
44858,3.8933768
44859,4.55897
44860,1.3642161
44861,1.2798728
44862,1.6165959
44863,3.5762243
44864,0.9078189
44865,1.5519096
44866,1.3896154
44867,1.4366852
44868,1.5763932
44869,3.9319906
44870,2.3501017
44871,5.1551733
44872,2.6185768
44873,0.59390587
44874,1.6500247
44875,2.6100416
44876,1.3659228
44877,1.2951825
44878,2.6666508
44879,2.2796788
44880,2.1848023
44881,2.904711
44882,1.9850885
44883,2.7610502
44884,2.3834848
44885,1.118568
44886,1.1701725
44887,1.4997358
44888,4.056698
44889,2.8105118
44890,2.0267682
44891,2.0804784
44892,1.9599634
44893,1.2914233
44894,2.0152297
44895,0.94964784
44896,1.8831697
44897,1.8399376
44898,1.649739
44899,3.020591
44900,1.2911074
44901,1.5379143
44902,2.6827376
44903,1.0186226
44904,1.3551357
44905,2.5899076
44906,3.1539268
44907,0.69616264
44908,0.6737223
44909,1.6145444
44910,1.6068388
44911,4.407132
44912,1.6586878
44913,1.9817235
44914,1.43337
44915,1.1113201
44916,1.6011187
44917,1.8795433
44918,1.2471324
44919,2.4913688
44920,3.8482692
44921,1.6641382
44922,1.8137953
44923,2.1574116
44924,1.7543561
44925,2.770111
44926,1.9370492
44927,3.6731114
44928,1.4029222
44929,5.1744504
44930,1.6563224
44931,2.1229792
44932,1.9782757
44933,3.6014059
44934,2.236031
44935,1.7257226
44936,1.268917
44937,1.1744581
44938,1.5239218
44939,2.3437278
44940,1.3673446
44941,4.766524
44942,2.804745
44943,2.918394
44944,0.609527
44945,3.099967
44946,0.91908085
44947,3.1647992
44948,1.4246491
44949,1.8886318
44950,2.7861607
44951,1.1193596
44952,1.888637
44953,3.4107895
44954,1.8860631
44955,0.564359
44956,3.0103562
44957,0.744339
44958,2.0016544
44959,2.6915348
44960,4.2846065
44961,1.9605094
44962,4.1633115
44963,4.02739
44964,0.9342127
44965,1.2303798
44966,2.2327569
44967,4.1543818
44968,0.52106106
44969,1.4749482
44970,3.7892218
44971,1.7107764
44972,1.7184827
44973,0.90563023
44974,1.6998026
44975,3.6113904
44976,1.6234016
44977,2.2505932
44978,2.489192
44979,1.174335
44980,1.0839051
44981,2.062596
44982,0.67323667
44983,2.5186582
44984,4.30357
44985,1.0735289
44986,0.73901343
44987,2.4034295
44988,1.3581843
44989,3.590645
44990,1.667682
44991,1.0563816
44992,2.6897194
44993,2.1444228
44994,4.0619297
44995,1.411699
44996,3.321017
44997,0.97607297
44998,2.1417644
44999,0.5918048
45000,1.8630399
45001,1.4002491
45002,2.3285925
45003,1.1343373
45004,1.450006
45005,2.3375323
45006,2.817333
45007,1.863635
45008,2.3196077
45009,1.8166863
45010,2.1557524
45011,1.9374788
45012,2.9770436
45013,0.5868956
45014,1.83084
45015,2.6126873
45016,1.1385858
45017,2.7081697
45018,3.735422
45019,1.3520588
45020,1.3153204
45021,2.9654431
45022,4.5489016
45023,0.81124026
45024,1.8365971
45025,3.0668874
45026,0.8723469
45027,2.8909917
45028,2.193802
45029,2.3288233
45030,0.78514516
45031,1.7493836
45032,2.7545793
45033,2.7616823
45034,1.3546904
45035,1.8999798
45036,0.84147197
45037,3.246889
45038,3.2607954
45039,2.940175
45040,1.1203358
45041,0.49085167
45042,3.0195692
45043,3.7414052
45044,0.81826496
45045,1.3887146
45046,2.2595284
45047,2.6827626
45048,4.9437513
45049,0.85170615
45050,0.8191657
45051,2.3325818
45052,1.652961
45053,2.2095613
45054,1.964155
45055,2.5153532
45056,2.2603927
45057,2.505707
45058,0.81498706
45059,2.7088785
45060,1.9114369
45061,2.5899448
45062,4.8005095
45063,2.6985147
45064,2.8311577
45065,0.8972025
45066,3.7606795
45067,3.9118602
45068,1.1969643
45069,2.765186
45070,2.7840269
45071,2.0993822
45072,2.873017
45073,1.6016968
45074,1.363653
45075,1.2680656
45076,1.105528
45077,3.0087712
45078,2.7021754
45079,2.1374662
45080,0.81586957
45081,1.1632102
45082,1.0535015
45083,1.4941888
45084,4.14176
45085,2.1536217
45086,1.0738246
45087,3.3431447
45088,4.8915796
45089,3.8738463
45090,2.5201666
45091,1.4308753
45092,2.9719281
45093,1.6542965
45094,2.7680807
45095,1.9321833
45096,0.6232299
45097,1.3095803
45098,1.944579
45099,1.3401991
45100,3.2050743
45101,2.6666427
45102,2.6867614
45103,0.82203823
45104,0.890057
45105,1.5590091
45106,3.0573637
45107,0.607071
45108,1.494473
45109,0.6859259
45110,2.7912977
45111,2.1471746
45112,3.509488
45113,1.8562065
45114,2.0320911
45115,2.6028047
45116,1.2240397
45117,3.8320355
45118,1.6762912
45119,2.264313
45120,1.8045812
45121,2.934394
45122,2.1854866
45123,1.1321443
45124,2.2141476
45125,2.2779565
45126,2.42877
45127,3.0560212
45128,1.719217
45129,1.3096592
45130,3.24061
45131,1.8882569
45132,0.89868844
45133,0.9246239
45134,1.6711116
45135,1.9066464
45136,1.2805734
45137,1.4986347
45138,3.1250122
45139,1.4202001
45140,1.6825895
45141,4.5471683
45142,0.815915
45143,3.0993822
45144,1.5078032
45145,0.6634568
45146,0.95317316
45147,0.7838486
45148,2.305029
45149,1.2957206
45150,1.2789439
45151,1.2166504
45152,2.7792583
45153,0.74460495
45154,2.0328102
45155,1.293496
45156,1.6143292
45157,1.447404
45158,1.7178193
45159,2.60156
45160,3.1815825
45161,2.0600798
45162,2.6148806
45163,3.5877752
45164,1.5962093
45165,1.9241815
45166,1.0139561
45167,1.1385437
45168,3.1249802
45169,1.2449127
45170,0.63765043
45171,0.60722226
45172,1.6059934
45173,1.5724348
45174,0.6919515
45175,1.2666922
45176,1.4617406
45177,0.7272838
45178,3.2584615
45179,0.7745465
45180,0.7784239
45181,3.8555536
45182,1.7059206
45183,1.5488945
45184,1.2342954
45185,2.3822744
45186,1.0928702
45187,3.496068
45188,1.0548993
45189,4.623814
45190,1.5685844
45191,3.3654704
45192,1.1826179
45193,1.7137415
45194,1.8866804
45195,0.926515
45196,1.9046795
45197,1.0749217
45198,2.2981925
45199,4.6482005
45200,2.199855
45201,1.5192441
45202,2.0148988
45203,0.6714946
45204,1.2827423
45205,1.7175481
45206,1.7745651
45207,1.4583042
45208,3.5818272
45209,1.1412752
45210,0.47913584
45211,3.511542
45212,0.9804869
45213,3.0521429
45214,1.6496845
45215,3.636635
45216,1.7816967
45217,2.9056265
45218,2.7160952
45219,1.9994164
45220,3.5837595
45221,1.8139733
45222,3.558336
45223,1.4807439
45224,1.5115023
45225,1.8254085
45226,2.857227
45227,1.8747694
45228,2.2473257
45229,1.1255664
45230,2.8075364
45231,2.488216
45232,2.8993573
45233,3.5326977
45234,1.3699778
45235,0.7804505
45236,1.9096097
45237,2.4810102
45238,2.0093944
45239,4.170428
45240,2.8498592
45241,0.8202372
45242,1.255784
45243,3.7671046
45244,0.8470739
45245,1.3326092
45246,3.5381272
45247,3.127801
45248,2.344668
45249,1.0660127
45250,1.1089246
45251,3.6023922
45252,1.71593
45253,2.765378
45254,1.7663034
45255,2.0730033
45256,1.6966854
45257,2.8335216
45258,0.7109735
45259,2.3125207
45260,1.992902
45261,1.833218
45262,1.3947896
45263,1.6232378
45264,1.3215216
45265,2.680467
45266,1.6633965
45267,1.7512581
45268,0.80679303
45269,3.2763278
45270,2.5549748
45271,4.6374664
45272,2.590802
45273,1.7412816
45274,1.6650933
45275,2.5945008
45276,0.80141056
45277,2.7403624
45278,1.2523414
45279,2.728846
45280,1.6589869
45281,1.270619
45282,1.6114808
45283,1.6784145
45284,2.172673
45285,1.688849
45286,2.6813138
45287,4.1127334
45288,0.46536744
45289,3.7667792
45290,2.9715378
45291,1.3697547
45292,1.3503653
45293,0.5661182
45294,2.7703981
45295,2.8612914
45296,3.0088258
45297,4.3595614
45298,2.7145648
45299,0.9298659
45300,3.1851964
45301,2.7529538
45302,1.6693906
45303,1.8616694
45304,1.013549
45305,1.2761385
45306,1.4206125
45307,5.255557
45308,1.0236895
45309,2.1950514
45310,2.9586015
45311,1.5993443
45312,3.7454474
45313,1.6535954
45314,4.045587
45315,1.9703587
45316,0.8923674
45317,1.3431515
45318,1.8976493
45319,1.0200438
45320,3.452991
45321,1.686531
45322,2.2011743
45323,1.231963
45324,1.9859178
45325,2.3556695
45326,1.631668
45327,1.1891223
45328,1.422341
45329,2.820723
45330,0.8378544
45331,0.59683603
45332,2.2162316
45333,4.3610787
45334,2.3633535
45335,0.6593983
45336,1.4722582
45337,1.394635
45338,1.0082712
45339,3.0230021
45340,0.6920871
45341,2.276797
45342,0.77283174
45343,1.9428824
45344,3.9024222
45345,3.9710724
45346,2.0236218
45347,1.8185141
45348,2.6359258
45349,0.9896197
45350,1.2780513
45351,1.9750525
45352,3.351436
45353,1.9903041
45354,1.0095357
45355,3.8245263
45356,0.90300256
45357,0.8561177
45358,2.1659417
45359,1.6515968
45360,2.0310893
45361,1.0351685
45362,2.4705586
45363,3.2150028
45364,1.6940918
45365,1.658197
45366,1.0003257
45367,1.7723588
45368,0.80811954
45369,2.105239
45370,0.7177771
45371,2.6324894
45372,0.5968701
45373,0.6700576
45374,1.1094689
45375,3.5712264
45376,2.077955
45377,1.9591038
45378,2.2431335
45379,2.4347458
45380,0.9368437
45381,3.1305263
45382,2.4924107
45383,1.7777911
45384,3.1355214
45385,1.4437102
45386,1.2069659
45387,2.0238776
45388,1.5037519
45389,0.90849173
45390,2.2975264
45391,1.2436157
45392,2.9478552
45393,4.222698
45394,1.1637678
45395,3.1235194
45396,2.531885
45397,0.96811414
45398,1.5619386
45399,1.4806364
45400,1.8185617
45401,1.2984799
45402,1.7998686
45403,1.828247
45404,1.2198805
45405,3.049796
45406,1.4169695
45407,2.1068153
45408,2.3911824
45409,1.3949755
45410,1.5035176
45411,2.556645
45412,3.5341756
45413,0.9842449
45414,0.815976
45415,1.6095625
45416,1.9586928
45417,1.2880888
45418,3.282823
45419,3.1256192
45420,1.7454818
45421,1.175036
45422,0.740605
45423,3.9953814
45424,1.5415192
45425,1.5645036
45426,4.045833
45427,1.2526217
45428,3.5183587
45429,1.6696314
45430,2.4287474
45431,2.5911314
45432,2.4192815
45433,1.4913046
45434,1.2451042
45435,3.080917
45436,1.1388773
45437,2.1472878
45438,2.035772
45439,1.481392
45440,3.5460632
45441,1.3116893
45442,2.0420008
45443,3.2284176
45444,4.5721917
45445,2.0365639
45446,1.1677953
45447,2.1007717
45448,1.1391035
45449,3.0127392
45450,3.287669
45451,1.6561587
45452,1.6558038
45453,0.4914119
45454,0.8773128
45455,0.56188715
45456,4.944128
45457,1.2779179
45458,4.5514154
45459,1.615373
45460,2.5191114
45461,3.7567217
45462,2.545827
45463,2.798437
45464,1.5236002
45465,1.79009
45466,4.660769
45467,2.0234635
45468,1.8485689
45469,1.992726
45470,2.3665345
45471,1.5099144
45472,3.4422507
45473,2.2159462
45474,1.4045997
45475,1.2522244
45476,2.0717957
45477,2.6045876
45478,1.3610375
45479,1.2961403
45480,2.3394525
45481,2.9484565
45482,0.5078664
45483,1.4159569
45484,2.5491457
45485,1.8423878
45486,0.6637238
45487,2.8587606
45488,3.6019354
45489,3.870683
45490,1.9931275
45491,1.6656328
45492,3.787302
45493,0.5310515
45494,1.5254377
45495,2.1464317
45496,0.9665475
45497,0.57900196
45498,0.48271206
45499,0.86205566
45500,1.0915372
45501,3.6214836
45502,0.93078333
45503,2.4826903
45504,3.1681097
45505,1.8351574
45506,1.8360983
45507,1.9870174
45508,1.5297221
45509,3.17417
45510,0.6504867
45511,1.1913781
45512,3.1139925
45513,2.2488623
45514,3.114336
45515,1.5713925
45516,2.2761703
45517,2.4463556
45518,3.630122
45519,1.027808
45520,3.1343522
45521,1.1425619
45522,1.9940099
45523,1.643749
45524,1.8587749
45525,1.63165
45526,0.984189
45527,1.4044435
45528,3.4743197
45529,2.1397705
45530,1.7076813
45531,2.3884575
45532,1.6808832
45533,0.63154656
45534,2.154777
45535,0.9202581
45536,0.64883304
45537,1.5783894
45538,3.757
45539,2.5930483
45540,1.9391891
45541,1.334242
45542,1.4771093
45543,3.01534
45544,1.8238261
45545,1.9235837
45546,1.8553026
45547,2.3330815
45548,3.5685196
45549,3.2888875
45550,1.0324614
45551,3.3572872
45552,5.2754035
45553,3.3948755
45554,3.487379
45555,1.4927777
45556,3.7793603
45557,1.5581106
45558,5.0663586
45559,3.332819
45560,4.026012
45561,1.8158427
45562,2.006361
45563,0.80417174
45564,2.3406477
45565,1.8293436
45566,1.7243974
45567,1.5948577
45568,0.67136216
45569,1.6941919
45570,4.4230294
45571,1.7851876
45572,3.5969932
45573,0.9031656
45574,3.4532785
45575,0.76310074
45576,1.1038105
45577,1.4689147
45578,3.812276
45579,1.5030642
45580,2.5980134
45581,1.767302
45582,2.0173538
45583,2.860828
45584,4.316973
45585,0.6614046
45586,1.0032855
45587,1.2280229
45588,1.8558758
45589,3.5345185
45590,1.5886849
45591,1.3298908
45592,0.7225334
45593,1.8283397
45594,2.2158442
45595,2.6547809
45596,1.9852684
45597,1.845177
45598,0.9479414
45599,2.6971617
45600,1.196799
45601,3.6648183
45602,1.5458325
45603,2.9336073
45604,3.0842273
45605,2.4120421
45606,2.1275406
45607,0.76108104
45608,1.9216487
45609,1.1427394
45610,1.885661
45611,0.9427961
45612,3.7435741
45613,0.6376086
45614,1.638725
45615,1.1182139
45616,1.2558516
45617,2.1552095
45618,2.1648047
45619,1.29007
45620,2.7698102
45621,2.5497959
45622,2.363275
45623,1.2196281
45624,1.8130542
45625,2.0478563
45626,5.184719
45627,1.0229876
45628,1.562789
45629,1.566768
45630,2.6759734
45631,1.5459464
45632,1.9574918
45633,1.9844872
45634,1.8212057
45635,2.4099917
45636,3.7417126
45637,0.8918504
45638,1.4807475
45639,4.227975
45640,1.4570202
45641,2.9168992
45642,2.8487735
45643,4.406037
45644,4.072633
45645,2.755929
45646,2.1346204
45647,2.4137084
45648,2.6945918
45649,0.6374835
45650,2.9433756
45651,1.5098749
45652,2.0670123
45653,2.6694212
45654,2.2102883
45655,1.9728293
45656,1.0352552
45657,2.5438185
45658,1.2306252
45659,1.4182346
45660,3.967867
45661,2.9302545
45662,2.2125657
45663,3.8595703
45664,1.9877727
45665,1.9804982
45666,2.0753899
45667,1.6787698
45668,2.3161154
45669,1.298306
45670,1.9859707
45671,0.8762301
45672,1.3173355
45673,1.5620081
45674,2.6694293
45675,1.0000257
45676,1.7821821
45677,2.2026
45678,2.272329
45679,1.2741399
45680,3.181638
45681,0.58911824
45682,1.61093
45683,2.056605
45684,1.8323089
45685,2.3291936
45686,3.5517976
45687,1.5416298
45688,1.3959548
45689,2.3707569
45690,1.0747081
45691,2.951814
45692,1.4703823
45693,1.7230362
45694,1.9683219
45695,4.4133396
45696,1.8218495
45697,1.006675
45698,1.1827687
45699,0.6056769
45700,1.2306535
45701,1.8503479
45702,1.0083799
45703,3.5658276
45704,2.5274415
45705,1.1363983
45706,1.4010025
45707,3.324413
45708,4.6980476
45709,0.90605485
45710,1.9518313
45711,1.3193418
45712,1.4969809
45713,4.0523396
45714,1.0901843
45715,0.88213456
45716,2.1688044
45717,2.671299
45718,1.0924124
45719,0.82736933
45720,2.8808467
45721,1.8810177
45722,0.9889507
45723,1.1631029
45724,1.6583735
45725,3.1949675
45726,3.304599
45727,1.0041096
45728,3.218627
45729,2.8950405
45730,3.0100784
45731,0.6519869
45732,1.0699527
45733,3.3339431
45734,0.67636335
45735,1.1228335
45736,1.5347024
45737,2.709939
45738,0.9762536
45739,1.1374733
45740,1.4864467
45741,1.6527598
45742,1.5234524
45743,2.1546671
45744,2.8722272
45745,2.172551
45746,2.205527
45747,1.6537584
45748,1.2329885
45749,2.7237055
45750,4.333742
45751,3.9665644
45752,3.5397007
45753,2.2145984
45754,2.4008102
45755,2.1185617
45756,0.84060705
45757,0.9550971
45758,2.6507742
45759,0.9868221
45760,2.1763752
45761,1.939304
45762,4.381303
45763,1.3172605
45764,2.0031662
45765,2.6708238
45766,2.2416122
45767,0.7744839
45768,1.9357141
45769,2.0805926
45770,0.79743093
45771,1.061553
45772,3.5812926
45773,1.7222998
45774,2.3870056
45775,2.0745156
45776,2.3641047
45777,4.5623574
45778,1.1863041
45779,1.2869083
45780,1.4678959
45781,2.0081906
45782,2.1082895
45783,1.9396533
45784,1.4479856
45785,1.6576307
45786,0.70354736
45787,1.7207894
45788,2.8322086
45789,0.9063898
45790,2.2172248
45791,1.5131407
45792,0.60211474
45793,2.7232015
45794,1.8534477
45795,1.7952272
45796,0.99337965
45797,1.4570024
45798,1.5229719
45799,2.5812757
45800,2.151764
45801,1.0097537
45802,1.8207169
45803,1.2535555
45804,1.784051
45805,2.1797087
45806,1.6629473
45807,1.8264749
45808,0.67800784
45809,3.2388108
45810,3.2756305
45811,1.1790855
45812,0.853467
45813,1.2060908
45814,1.0119092
45815,1.608767
45816,5.0410833
45817,1.532681
45818,5.0674767
45819,3.7956572
45820,2.0967793
45821,3.0614913
45822,1.2913402
45823,0.6960787
45824,2.0128217
45825,0.9450657
45826,1.7232132
45827,0.54581016
45828,1.935744
45829,0.7824374
45830,0.9805733
45831,1.8619599
45832,1.5835481
45833,1.3924615
45834,3.2170491
45835,1.6568788
45836,2.6237397
45837,1.8853656
45838,0.6225421
45839,2.2287478
45840,0.48957196
45841,1.4205204
45842,0.4896117
45843,1.7783571
45844,0.9471736
45845,0.92119783
45846,1.4458036
45847,1.7493012
45848,1.9057338
45849,3.909606
45850,2.7277672
45851,2.461369
45852,4.508559
45853,1.5989321
45854,3.1921132
45855,2.2902114
45856,2.157487
45857,1.6031678
45858,2.5986922
45859,3.156873
45860,1.7886151
45861,2.0178545
45862,4.78054
45863,2.512692
45864,1.9571109
45865,1.2191759
45866,0.99038327
45867,3.14432
45868,0.6450845
45869,1.8339307
45870,0.43635747
45871,1.7618196
45872,2.069173
45873,3.4167936
45874,1.0728294
45875,3.0386424
45876,2.4932806
45877,0.78300595
45878,1.2040108
45879,1.0492262
45880,2.781498
45881,1.5252172
45882,1.5498387
45883,1.1472182
45884,3.611667
45885,1.7358645
45886,1.2237163
45887,2.91471
45888,3.5344267
45889,0.59996295
45890,4.2939773
45891,1.8129197
45892,2.155946
45893,0.8420632
45894,1.1989653
45895,2.3861797
45896,0.7642332
45897,1.9378095
45898,2.5150118
45899,1.5657556
45900,0.9486047
45901,2.9556558
45902,2.0050027
45903,2.7155516
45904,2.3111017
45905,2.2393672
45906,1.749513
45907,0.54640096
45908,1.561419
45909,0.9406978
45910,2.3792715
45911,1.1273215
45912,0.88682646
45913,0.63854975
45914,1.2077854
45915,4.2176275
45916,0.8906558
45917,0.97121185
45918,1.8465807
45919,1.8674498
45920,1.0199955
45921,3.4110148
45922,1.7300068
45923,2.1838315
45924,1.1471689
45925,1.899191
45926,3.0558662
45927,1.2006787
45928,1.4103067
45929,2.8796914
45930,1.637242
45931,1.3712442
45932,1.8073932
45933,1.1395973
45934,3.1887581
45935,3.3979688
45936,3.7866614
45937,3.896351
45938,2.0069776
45939,1.0193523
45940,1.5859436
45941,1.8354933
45942,3.1578083
45943,4.901967
45944,1.024802
45945,1.878907
45946,1.8278582
45947,2.0492117
45948,1.5963743
45949,1.0124785
45950,1.7232268
45951,1.0119992
45952,1.4287986
45953,2.174788
45954,1.3931153
45955,1.7273355
45956,2.1101828
45957,2.2387993
45958,2.2384412
45959,4.0025487
45960,1.258286
45961,2.8431468
45962,0.74465966
45963,2.6251228
45964,2.0400648
45965,1.9067197
45966,1.0430855
45967,1.3277968
45968,2.7985556
45969,1.3718987
45970,1.1675313
45971,2.6430802
45972,4.3167567
45973,1.4544741
45974,1.245043
45975,1.8718106
45976,3.1593626
45977,1.8697038
45978,0.9707338
45979,2.7739286
45980,1.4732928
45981,1.1358422
45982,1.9787449
45983,2.4120839
45984,2.6322448
45985,1.5084507
45986,0.9101416
45987,0.6548076
45988,1.534503
45989,1.5999532
45990,3.112921
45991,1.4113796
45992,1.634805
45993,1.8775078
45994,4.190625
45995,2.505883
45996,1.1425505
45997,4.736425
45998,1.327774
45999,2.0727968
46000,1.3174299
46001,1.9071006
46002,1.5288652
46003,3.3814006
46004,1.3059341
46005,1.3018543
46006,1.0233029
46007,0.82063884
46008,0.80123425
46009,1.2592651
46010,0.8538816
46011,1.5068064
46012,3.035385
46013,2.1073577
46014,1.186526
46015,0.76950186
46016,2.2107763
46017,2.5578969
46018,2.5668547
46019,1.1083579
46020,2.1897786
46021,2.4548664
46022,0.6286008
46023,1.0284958
46024,1.2581357
46025,0.9422305
46026,1.4169538
46027,1.4966717
46028,1.7163129
46029,2.0249577
46030,4.7214
46031,2.1873012
46032,1.0542512
46033,3.434348
46034,1.9810722
46035,1.9286681
46036,2.7814114
46037,0.7217838
46038,3.4372997
46039,2.7850003
46040,2.155749
46041,2.6591966
46042,3.5051928
46043,2.068594
46044,4.6737556
46045,2.5274756
46046,2.7237544
46047,1.37175
46048,1.6080323
46049,0.5627571
46050,1.575566
46051,1.9000237
46052,3.3233566
46053,1.4843948
46054,2.4441051
46055,1.7583379
46056,1.0242829
46057,4.1435537
46058,0.59218043
46059,2.3492076
46060,1.211054
46061,1.7639791
46062,2.2823
46063,2.2549386
46064,1.7657608
46065,2.2684484
46066,0.58906585
46067,0.9421869
46068,0.9135021
46069,3.5480711
46070,1.1546284
46071,2.59131
46072,1.1335706
46073,3.2715254
46074,1.3646289
46075,1.1977298
46076,0.72637755
46077,4.8018084
46078,1.532799
46079,2.660463
46080,1.5777428
46081,0.843046
46082,1.0894494
46083,1.742692
46084,1.5098525
46085,2.0474226
46086,1.3651612
46087,1.7067124
46088,5.0065613
46089,2.0847313
46090,3.8192348
46091,1.170953
46092,2.3171751
46093,1.5087022
46094,3.1302054
46095,0.7854538
46096,1.4059277
46097,2.0707576
46098,0.49819112
46099,1.4709471
46100,1.3327906
46101,1.1675631
46102,0.68362486
46103,1.6922534
46104,2.0261195
46105,2.336817
46106,0.9673951
46107,1.1173364
46108,1.8515795
46109,2.4606526
46110,3.4601867
46111,0.44833353
46112,2.2987654
46113,1.8368576
46114,1.0649657
46115,2.7024004
46116,4.9118953
46117,1.8000398
46118,2.7614276
46119,2.898134
46120,3.8472083
46121,1.3678303
46122,1.3679032
46123,1.0069507
46124,0.5636744
46125,1.3533725
46126,3.072054
46127,2.0546727
46128,1.3882146
46129,4.1647725
46130,2.6996806
46131,3.0782273
46132,0.88714194
46133,2.9840963
46134,4.3124824
46135,1.3009723
46136,3.2837813
46137,2.4024525
46138,1.7827296
46139,1.3784662
46140,1.4509813
46141,1.5981876
46142,1.4057337
46143,1.6717721
46144,1.8329694
46145,1.794279
46146,0.74235535
46147,2.1835608
46148,2.298456
46149,2.869316
46150,2.199932
46151,1.2593629
46152,3.3862994
46153,2.9141972
46154,2.8527565
46155,1.7602416
46156,2.1766777
46157,0.7086626
46158,0.89294344
46159,1.610802
46160,3.6766784
46161,2.2660024
46162,1.891632
46163,2.2779033
46164,1.4192942
46165,0.87169546
46166,1.5842584
46167,1.4493209
46168,2.4609087
46169,2.6883378
46170,1.0878297
46171,2.4848137
46172,3.0114138
46173,1.5195255
46174,1.6431442
46175,2.0696015
46176,1.321766
46177,3.4585488
46178,1.2966402
46179,2.4021006
46180,2.6515682
46181,1.622607
46182,2.6527
46183,2.1679463
46184,3.3555903
46185,2.2630198
46186,3.1357157
46187,3.3960977
46188,2.0328135
46189,0.70304096
46190,1.572068
46191,2.9425392
46192,1.4913492
46193,2.2323377
46194,1.6795405
46195,3.1581874
46196,1.361349
46197,1.1244702
46198,2.472448
46199,2.7540457
46200,2.0938368
46201,3.9736195
46202,2.2290597
46203,1.891216
46204,2.2535331
46205,2.1529613
46206,2.1408396
46207,3.194586
46208,1.8953878
46209,1.4700559
46210,1.380598
46211,1.3956004
46212,2.0721493
46213,1.9872129
46214,2.1897073
46215,0.8834786
46216,1.0264455
46217,2.424402
46218,2.1237183
46219,1.068388
46220,2.5348809
46221,2.6667318
46222,1.8084784
46223,0.81282526
46224,2.268677
46225,1.8607558
46226,2.0077198
46227,2.2529166
46228,3.2560842
46229,1.4355173
46230,4.2794056
46231,0.9418095
46232,2.0063992
46233,0.8137951
46234,1.0365028
46235,2.838421
46236,4.4278126
46237,3.16666
46238,2.1459181
46239,1.4387096
46240,1.7792128
46241,4.70536
46242,2.8448107
46243,0.75798196
46244,1.7029699
46245,1.3976059
46246,1.4948443
46247,3.7799757
46248,1.4518929
46249,2.997346
46250,1.6768397
46251,2.8025854
46252,1.614029
46253,2.8134978
46254,1.0265322
46255,4.1291814
46256,2.7660706
46257,1.9318304
46258,3.7441902
46259,1.3489473
46260,0.69167864
46261,1.4550241
46262,2.825393
46263,1.9303974
46264,1.0652266
46265,1.9454858
46266,2.712304
46267,1.7364985
46268,2.8965728
46269,0.7876308
46270,2.3403099
46271,1.4076566
46272,2.7446136
46273,3.7093096
46274,2.4308307
46275,2.8365624
46276,4.046511
46277,1.9975028
46278,1.1704208
46279,1.1667595
46280,2.6452084
46281,2.2303362
46282,1.6569289
46283,1.580487
46284,2.2590718
46285,1.9234412
46286,1.7709274
46287,2.1692696
46288,1.5587475
46289,1.7764704
46290,1.7153243
46291,1.9035655
46292,1.3687718
46293,1.8858362
46294,2.4789596
46295,0.9100277
46296,1.6106263
46297,2.9132562
46298,3.0883377
46299,2.4905052
46300,1.8803449
46301,3.2447708
46302,2.6922784
46303,2.1903136
46304,2.1358757
46305,1.8687278
46306,2.0168014
46307,1.737035
46308,1.2995659
46309,1.8801334
46310,1.7931044
46311,2.096909
46312,0.90414864
46313,0.9303127
46314,3.4453034
46315,2.21112
46316,2.5503345
46317,3.4321833
46318,2.4361134
46319,0.60451084
46320,1.5252887
46321,0.88986796
46322,2.2441256
46323,2.610485
46324,1.0735481
46325,2.283086
46326,0.615289
46327,1.8166937
46328,1.6059711
46329,3.3838751
46330,1.2788748
46331,3.6434486
46332,1.7606145
46333,3.7441142
46334,3.7389324
46335,1.1965197
46336,3.6226833
46337,4.9984045
46338,2.2303653
46339,3.7118752
46340,1.5599514
46341,2.2260175
46342,1.1745714
46343,4.9067907
46344,2.95557
46345,4.5840597
46346,1.1001253
46347,0.6901921
46348,1.6785209
46349,2.7510118
46350,1.9496529
46351,2.9933562
46352,1.7655729
46353,1.6458025
46354,1.2004534
46355,1.7337589
46356,0.77713406
46357,3.0746756
46358,2.0117612
46359,0.9864811
46360,0.82789004
46361,2.056031
46362,1.237557
46363,2.6279464
46364,2.9192908
46365,1.3326327
46366,1.1098119
46367,0.5838292
46368,4.6994557
46369,0.50840783
46370,2.5438356
46371,0.69077414
46372,1.5590386
46373,1.3237526
46374,2.0918841
46375,2.7624173
46376,2.0347707
46377,1.2256408
46378,1.7519023
46379,1.7601566
46380,1.5723999
46381,3.6593723
46382,3.708876
46383,2.8959553
46384,1.2366364
46385,3.0991037
46386,1.2471571
46387,1.0472585
46388,0.8938445
46389,0.6455297
46390,2.2613933
46391,4.276693
46392,2.0539024
46393,2.2138922
46394,2.5666184
46395,0.7993114
46396,1.0034063
46397,1.03836
46398,2.0854087
46399,0.88282377
46400,4.9281993
46401,2.1995482
46402,1.2585514
46403,0.6580561
46404,0.9829609
46405,2.7862577
46406,1.6864556
46407,1.7030232
46408,3.16119
46409,2.640517
46410,1.2533678
46411,0.9185712
46412,1.1811336
46413,2.0194092
46414,1.3220662
46415,0.51966816
46416,2.893104
46417,1.7948189
46418,2.5280542
46419,0.66915685
46420,1.0189114
46421,1.153749
46422,3.7850754
46423,2.5029879
46424,2.5867481
46425,0.47307944
46426,1.5372039
46427,0.7106334
46428,1.0830983
46429,0.81970584
46430,1.8539754
46431,3.217664
46432,2.9414337
46433,1.5208489
46434,3.1878326
46435,2.824118
46436,0.9990531
46437,1.396412
46438,2.5073483
46439,1.5766094
46440,2.8050792
46441,3.0465548
46442,4.8033066
46443,4.9497337
46444,1.8261166
46445,1.1442007
46446,2.7805514
46447,2.1493187
46448,4.283462
46449,2.73644
46450,0.43804657
46451,0.9153552
46452,2.088237
46453,2.043496
46454,0.8782582
46455,1.0939846
46456,0.9832811
46457,1.3296326
46458,1.6702828
46459,0.92086387
46460,1.2705534
46461,2.5856323
46462,1.3064088
46463,1.6460701
46464,2.5294714
46465,2.7205627
46466,0.82601625
46467,0.73768955
46468,1.4990488
46469,2.263926
46470,0.90246165
46471,1.0626595
46472,0.65353554
46473,4.9411645
46474,1.767539
46475,0.7528934
46476,1.9951736
46477,1.9398401
46478,0.9374096
46479,2.0683267
46480,2.498953
46481,4.23513
46482,3.4867315
46483,4.991237
46484,2.7669082
46485,2.8969724
46486,2.2913156
46487,2.1057646
46488,2.6179304
46489,1.2989446
46490,1.0025041
46491,1.4880424
46492,3.0111578
46493,1.5281504
46494,2.3796735
46495,2.7389321
46496,1.639114
46497,1.0332866
46498,2.919226
46499,1.475236
46500,3.9556572
46501,0.89833605
46502,1.0580893
46503,1.9807625
46504,0.71674746
46505,0.810888
46506,1.797188
46507,1.7529482
46508,0.924113
46509,1.0988904
46510,1.5077556
46511,4.6572433
46512,1.5668339
46513,1.7681766
46514,1.2065281
46515,1.7894601
46516,2.5788305
46517,1.6439095
46518,2.447251
46519,2.511655
46520,2.2228558
46521,2.6169314
46522,2.7187202
46523,0.5905792
46524,2.2212896
46525,1.9011154
46526,2.3255882
46527,3.3626616
46528,1.4282193
46529,1.3009602
46530,0.85749793
46531,2.6910625
46532,1.6458495
46533,4.3509974
46534,2.8730783
46535,4.5857553
46536,1.9961929
46537,0.9777172
46538,1.9465462
46539,3.6931374
46540,2.3237793
46541,2.1990635
46542,2.4667556
46543,0.7120824
46544,0.75316066
46545,1.4722595
46546,2.1836848
46547,1.3333769
46548,2.4005718
46549,2.0562773
46550,1.0599645
46551,1.6609809
46552,2.915975
46553,3.0214415
46554,2.4100342
46555,3.7248893
46556,2.0179353
46557,0.8255748
46558,1.3623685
46559,2.548885
46560,1.8198539
46561,1.1369249
46562,0.7564605
46563,0.8069711
46564,2.0077612
46565,1.2780607
46566,5.1096907
46567,3.1856325
46568,1.9247863
46569,0.7684432
46570,1.3712785
46571,1.7904054
46572,1.3458867
46573,1.780915
46574,2.4788632
46575,1.9841543
46576,1.9277399
46577,2.3939064
46578,2.1305072
46579,1.5087429
46580,0.92437464
46581,0.72151285
46582,1.2163837
46583,3.116335
46584,1.8520513
46585,1.3639549
46586,2.7722304
46587,1.0781091
46588,1.7393756
46589,3.170041
46590,0.5953553
46591,1.0317898
46592,1.6485263
46593,2.0617826
46594,1.5575591
46595,1.9641554
46596,1.9478222
46597,0.9104696
46598,0.6127549
46599,1.1970291
46600,0.9276614
46601,1.9291041
46602,0.52639997
46603,0.9146079
46604,3.5248663
46605,1.9094843
46606,0.7927417
46607,1.3676516
46608,1.97086
46609,1.8025366
46610,0.98149407
46611,2.370888
46612,2.5289729
46613,1.8465137
46614,1.1889386
46615,2.1458461
46616,0.9161755
46617,1.2834774
46618,1.141429
46619,1.5444505
46620,3.2987442
46621,0.70778924
46622,1.6122228
46623,2.2663264
46624,1.1848307
46625,1.7648005
46626,4.334917
46627,2.5386932
46628,1.3478653
46629,2.0279794
46630,2.8537316
46631,1.1031696
46632,1.2601666
46633,2.9068587
46634,1.9191588
46635,3.6692097
46636,2.989346
46637,0.5915024
46638,4.020163
46639,0.8455974
46640,2.1018631
46641,2.8525903
46642,1.1208737
46643,1.9335772
46644,0.9226519
46645,1.6137768
46646,1.2537854
46647,2.8501215
46648,1.5555006
46649,1.4435796
46650,1.863276
46651,1.6295929
46652,1.2568784
46653,1.1255906
46654,1.1030354
46655,0.6711097
46656,3.3738546
46657,1.6940958
46658,3.1018245
46659,1.5553663
46660,3.413876
46661,3.7017696
46662,1.9066132
46663,1.4797816
46664,1.1503085
46665,1.6418025
46666,2.9134817
46667,3.2453396
46668,0.9082169
46669,2.6522226
46670,4.5126266
46671,4.1240335
46672,1.309032
46673,1.3540633
46674,3.0160959
46675,1.5918815
46676,4.824183
46677,2.19945
46678,1.3382454
46679,1.8969312
46680,1.1793108
46681,1.0388762
46682,0.70816475
46683,3.4786055
46684,3.7742825
46685,1.8572613
46686,2.1517904
46687,3.0144506
46688,2.714119
46689,4.917263
46690,3.9176424
46691,3.4282234
46692,2.7500455
46693,3.452404
46694,1.4142506
46695,1.6499904
46696,1.6070216
46697,1.3383343
46698,3.1670835
46699,1.8054764
46700,1.8597213
46701,1.5304223
46702,2.3690865
46703,1.0334333
46704,2.4854062
46705,1.5183493
46706,1.217848
46707,2.7237718
46708,2.8293688
46709,3.4558132
46710,1.2675605
46711,1.4955202
46712,2.0512269
46713,2.1070182
46714,3.8773744
46715,3.0336492
46716,0.59103584
46717,1.2831503
46718,4.8256397
46719,1.8701698
46720,1.7150301
46721,2.0313623
46722,1.9500225
46723,2.528386
46724,1.1801602
46725,1.5881689
46726,1.330766
46727,2.8996544
46728,2.2726228
46729,1.6219599
46730,3.0794017
46731,1.541416
46732,4.6263566
46733,1.0032556
46734,0.9083887
46735,1.6701604
46736,1.6402501
46737,5.221406
46738,0.8417225
46739,1.7962078
46740,2.288225
46741,1.2429341
46742,0.90607375
46743,1.7205364
46744,1.9165738
46745,2.6413717
46746,2.3277254
46747,3.469671
46748,3.2359955
46749,1.2350554
46750,0.8137939
46751,3.064401
46752,1.2328916
46753,1.8583952
46754,1.5900306
46755,0.95921415
46756,0.84654814
46757,2.5925024
46758,1.0841441
46759,2.1144443
46760,2.132595
46761,1.8514595
46762,1.8638062
46763,2.4334972
46764,1.3996162
46765,1.2228942
46766,5.4500246
46767,2.2303252
46768,1.925479
46769,2.2654903
46770,1.2233431
46771,2.4421072
46772,3.916301
46773,3.3635213
46774,2.972431
46775,4.5397673
46776,4.223709
46777,0.7172111
46778,1.9431864
46779,4.932769
46780,1.5035253
46781,1.1328771
46782,1.5735537
46783,1.1473185
46784,2.2039928
46785,1.3608085
46786,3.154265
46787,4.9688706
46788,1.7297668
46789,2.267733
46790,2.5841982
46791,1.3781029
46792,1.1328135
46793,1.2221743
46794,1.5321298
46795,2.248265
46796,1.6461228
46797,0.5688589
46798,2.5242698
46799,1.916624
46800,1.7377776
46801,1.8840123
46802,0.9942327
46803,2.091609
46804,2.4983635
46805,3.8296833
46806,3.2452984
46807,0.57294965
46808,0.98789114
46809,0.6137726
46810,0.99129385
46811,2.919438
46812,2.8757784
46813,0.870032
46814,0.7689798
46815,2.454854
46816,2.1946402
46817,2.528366
46818,1.7158532
46819,1.4752762
46820,1.867034
46821,2.639797
46822,1.368227
46823,1.1202573
46824,2.0634406
46825,3.346939
46826,3.7419271
46827,1.9008663
46828,2.7386105
46829,1.6374713
46830,3.1741526
46831,2.0818489
46832,1.449674
46833,2.3138795
46834,2.5630257
46835,4.1762214
46836,2.6144938
46837,1.3249825
46838,2.3665886
46839,4.6856503
46840,1.8545239
46841,1.8438795
46842,1.2052207
46843,1.6306968
46844,0.9495192
46845,1.900128
46846,4.3308535
46847,0.9585848
46848,2.7772923
46849,1.0996306
46850,3.3744938
46851,4.7268844
46852,1.6804523
46853,0.91837746
46854,1.1476403
46855,0.55056465
46856,1.5296731
46857,1.1975381
46858,3.1974015
46859,0.87098294
46860,0.62830025
46861,1.7356336
46862,2.9945128
46863,0.790783
46864,2.8977776
46865,1.3368815
46866,1.6961235
46867,1.7611184
46868,4.269545
46869,2.2984467
46870,2.855172
46871,1.6768043
46872,1.5259187
46873,1.283556
46874,0.9932937
46875,1.9098414
46876,3.3547719
46877,0.7800502
46878,3.5336287
46879,2.6981275
46880,2.7157805
46881,3.5504925
46882,0.9881929
46883,0.85829073
46884,2.6507857
46885,1.646372
46886,2.3450594
46887,1.6129189
46888,1.350333
46889,1.8350508
46890,2.3627148
46891,0.55675673
46892,0.99321824
46893,2.5317745
46894,1.5745497
46895,1.539369
46896,0.9773063
46897,2.9581594
46898,0.72027034
46899,4.3019323
46900,2.254254
46901,1.517267
46902,1.0715064
46903,2.827647
46904,2.3167095
46905,3.9177988
46906,1.1671928
46907,0.75650364
46908,2.3199928
46909,1.262414
46910,4.1781955
46911,3.471881
46912,2.8762717
46913,2.8905714
46914,0.68520373
46915,1.812118
46916,2.2266188
46917,0.8063451
46918,3.1578991
46919,1.5200708
46920,0.8775118
46921,4.3432155
46922,1.9057603
46923,2.60793
46924,4.8959103
46925,1.9947191
46926,1.6423128
46927,1.9792554
46928,1.6727376
46929,1.977475
46930,1.370674
46931,1.6076446
46932,1.2916178
46933,2.8263166
46934,2.292469
46935,3.3391533
46936,1.2108634
46937,2.3973064
46938,1.175189
46939,2.3011456
46940,3.1247628
46941,1.3887274
46942,1.4033631
46943,1.326899
46944,1.3944083
46945,2.2066267
46946,1.4923023
46947,1.7331921
46948,1.0927409
46949,1.0935925
46950,2.2483819
46951,2.4864552
46952,1.8850079
46953,1.1443253
46954,0.75495356
46955,3.2644398
46956,2.0926204
46957,1.874127
46958,2.1541858
46959,3.531824
46960,4.4809656
46961,1.4685787
46962,0.7850201
46963,1.6054595
46964,1.8465809
46965,3.7164607
46966,1.9566201
46967,1.0082
46968,1.4710667
46969,2.8028536
46970,2.6842196
46971,0.8130983
46972,1.095312
46973,0.93101317
46974,2.3811967
46975,1.5122806
46976,1.9473253
46977,3.5797656
46978,1.5647715
46979,1.8791614
46980,0.6292862
46981,1.9062127
46982,2.3810632
46983,1.7092739
46984,2.075034
46985,1.6155727
46986,3.0968115
46987,2.075557
46988,2.294448
46989,2.198783
46990,3.2951486
46991,2.805863
46992,1.5224667
46993,1.9360908
46994,1.6180551
46995,1.6192
46996,2.2019114
46997,3.425408
46998,1.6770914
46999,3.5113842
47000,3.559368
47001,1.5543593
47002,1.7139649
47003,3.2605796
47004,3.5032356
47005,0.7902634
47006,2.2298527
47007,5.007209
47008,0.7891942
47009,1.211633
47010,2.5788484
47011,2.2503068
47012,2.867064
47013,0.653091
47014,1.0852793
47015,2.968149
47016,2.3241851
47017,2.4052136
47018,1.3179736
47019,1.681255
47020,1.7400265
47021,2.0907888
47022,2.370119
47023,1.4574851
47024,3.711742
47025,1.5416445
47026,1.8722794
47027,2.5056388
47028,2.1186895
47029,1.9968418
47030,3.2351708
47031,0.88393897
47032,2.2038705
47033,3.3424616
47034,0.7905753
47035,3.2082376
47036,1.7641445
47037,1.1287076
47038,1.316101
47039,0.56905323
47040,0.6033929
47041,3.1030042
47042,1.8360382
47043,2.244284
47044,2.252166
47045,0.6839922
47046,1.8980867
47047,2.0123954
47048,1.3153034
47049,0.6905121
47050,2.1168814
47051,0.574569
47052,1.1017677
47053,1.8838599
47054,2.7908123
47055,3.6796062
47056,1.0741057
47057,0.9454618
47058,1.9610518
47059,2.4420052
47060,2.117395
47061,2.0317345
47062,2.397296
47063,1.6132911
47064,1.1038975
47065,1.9044673
47066,2.9480014
47067,2.3715734
47068,1.3819574
47069,3.3371365
47070,0.62820923
47071,0.54021364
47072,1.703874
47073,2.742822
47074,1.7837412
47075,3.767627
47076,1.7759578
47077,1.6170316
47078,2.0267925
47079,1.8808016
47080,1.9898669
47081,1.8028086
47082,1.3250797
47083,1.7762152
47084,1.8977808
47085,1.3625643
47086,2.895065
47087,1.715653
47088,1.7928519
47089,2.80929
47090,2.0703604
47091,1.6364692
47092,1.6727904
47093,1.5612998
47094,3.7300572
47095,1.565324
47096,2.1920028
47097,2.7798316
47098,1.0814615
47099,1.2522391
47100,1.6295708
47101,1.903568
47102,1.1172129
47103,0.8554798
47104,1.0140485
47105,3.1102796
47106,1.75249
47107,2.438859
47108,1.4980828
47109,1.8189054
47110,2.925158
47111,0.9736674
47112,2.3423197
47113,3.9558377
47114,1.0178312
47115,1.0654821
47116,3.6634367
47117,2.6534705
47118,1.2649765
47119,1.6265873
47120,2.7696853
47121,1.7633977
47122,4.2299027
47123,1.4320282
47124,4.8369083
47125,1.5018226
47126,1.5467383
47127,3.7265975
47128,0.5675159
47129,2.0528054
47130,0.6746031
47131,2.043058
47132,1.5816457
47133,2.053756
47134,1.2981328
47135,2.939685
47136,2.3237886
47137,2.0444765
47138,2.1526432
47139,1.8226104
47140,1.6915153
47141,0.99011886
47142,2.8305323
47143,0.7894537
47144,1.3499167
47145,1.0477273
47146,0.8088697
47147,1.8528781
47148,1.6168506
47149,1.7276218
47150,2.2538009
47151,1.4534935
47152,1.8590057
47153,0.95238996
47154,3.2756097
47155,2.707569
47156,4.92423
47157,1.4414158
47158,0.56677186
47159,1.533478
47160,3.6199183
47161,2.0375092
47162,1.2824111
47163,2.6660259
47164,1.179363
47165,1.1532273
47166,1.4630365
47167,1.73137
47168,3.3165734
47169,1.9970498
47170,2.2876596
47171,3.3140688
47172,2.2477596
47173,2.2695682
47174,3.0847352
47175,3.69886
47176,1.5075198
47177,0.7879659
47178,0.8526259
47179,1.4719468
47180,1.0179664
47181,2.002566
47182,1.4467169
47183,1.2875787
47184,0.9540923
47185,0.79632646
47186,0.90539414
47187,2.302202
47188,0.7256627
47189,1.5618564
47190,1.4822615
47191,0.8261415
47192,1.430748
47193,0.8418954
47194,3.837093
47195,0.6299626
47196,1.4877094
47197,1.1921252
47198,2.4362125
47199,2.5967736
47200,1.8667928
47201,1.5020268
47202,4.9871335
47203,2.4028714
47204,1.2235736
47205,2.9010336
47206,3.0146215
47207,3.1801395
47208,1.9906931
47209,3.2957923
47210,2.9353707
47211,1.3662057
47212,1.5898671
47213,2.7342725
47214,1.9466759
47215,1.6640877
47216,1.3529581
47217,1.76084
47218,1.3098599
47219,2.0519588
47220,1.7866877
47221,2.0698004
47222,2.7230256
47223,1.808134
47224,0.87919897
47225,1.2983364
47226,0.93472135
47227,1.7388895
47228,1.767422
47229,2.3487422
47230,2.1918747
47231,2.7143373
47232,3.2435086
47233,0.8151004
47234,1.3518664
47235,1.5779991
47236,2.7164915
47237,1.1152239
47238,2.6346714
47239,2.0327623
47240,0.5170245
47241,0.49308905
47242,3.5777073
47243,3.020491
47244,1.2618941
47245,1.1349005
47246,1.2557019
47247,1.5039599
47248,3.2049541
47249,1.7107946
47250,2.8677685
47251,1.9087812
47252,3.3528466
47253,1.0607718
47254,1.4943824
47255,2.1891475
47256,1.2869694
47257,1.5941553
47258,2.660509
47259,2.9401371
47260,2.2241464
47261,1.56035
47262,1.4644978
47263,2.3895571
47264,1.6063871
47265,1.857306
47266,1.7776463
47267,2.7259939
47268,1.3465455
47269,1.8340626
47270,2.6382356
47271,1.2515482
47272,3.2145042
47273,0.5655821
47274,3.1318173
47275,0.9096819
47276,2.219256
47277,1.0189123
47278,1.1770661
47279,0.975225
47280,2.0772586
47281,1.5858072
47282,0.8397255
47283,2.6027577
47284,0.9180121
47285,2.626409
47286,2.169721
47287,2.2799945
47288,1.8411001
47289,3.4552627
47290,2.3765035
47291,1.6353077
47292,3.1146796
47293,0.8418702
47294,2.0384984
47295,2.3739953
47296,1.7558786
47297,1.5207955
47298,2.8866198
47299,1.8292943
47300,0.73136747
47301,1.7801168
47302,1.9912348
47303,1.008457
47304,2.3454823
47305,1.5292178
47306,1.1339082
47307,4.0105734
47308,4.0708055
47309,1.5456436
47310,1.6923157
47311,0.7866368
47312,3.4587524
47313,1.3405693
47314,1.9666704
47315,1.9897538
47316,2.8398554
47317,1.4943936
47318,1.4423139
47319,4.6483345
47320,2.3319407
47321,3.073694
47322,4.493011
47323,2.3865194
47324,3.0306194
47325,1.9527453
47326,2.5724099
47327,1.6662977
47328,2.0520346
47329,2.8815033
47330,4.097553
47331,2.7652001
47332,3.4734528
47333,1.9868485
47334,5.1591825
47335,0.98404056
47336,1.386001
47337,1.8705059
47338,1.2177718
47339,2.1175516
47340,2.0068674
47341,1.4440727
47342,1.3982173
47343,1.2377017
47344,0.82671136
47345,0.79086316
47346,1.909782
47347,1.3810132
47348,1.316108
47349,3.1085505
47350,2.058108
47351,0.82186276
47352,2.4160814
47353,1.197456
47354,3.5164206
47355,2.7376876
47356,1.1729466
47357,3.9866319
47358,4.189989
47359,0.80715215
47360,3.6689725
47361,0.6641235
47362,0.99470544
47363,4.422758
47364,1.5482478
47365,2.153781
47366,2.2255208
47367,3.2836008
47368,1.527586
47369,1.3991821
47370,2.1426136
47371,1.2932708
47372,1.2131807
47373,1.1435578
47374,1.3329804
47375,2.7329557
47376,1.5208536
47377,2.2399414
47378,4.416658
47379,2.9334633
47380,2.2388413
47381,0.5253826
47382,1.5828806
47383,2.3178225
47384,5.1850038
47385,0.88507646
47386,0.67936736
47387,1.058462
47388,1.7739954
47389,1.2530787
47390,1.6401916
47391,4.351234
47392,1.7792143
47393,2.1017318
47394,2.68629
47395,2.4893012
47396,2.8257034
47397,5.15445
47398,2.6592705
47399,1.5005541
47400,2.1435697
47401,1.6095822
47402,3.5052454
47403,2.0511343
47404,4.04072
47405,1.3572736
47406,0.9504703
47407,2.2518768
47408,0.6026475
47409,2.1553814
47410,1.3169131
47411,2.4277222
47412,1.1903745
47413,4.019043
47414,2.755314
47415,1.7830756
47416,1.5629545
47417,0.48997325
47418,3.1779163
47419,0.93720114
47420,1.9666715
47421,2.5432425
47422,3.8959506
47423,1.1952789
47424,1.9394977
47425,1.5680492
47426,1.3935909
47427,3.114235
47428,1.0957042
47429,2.0493143
47430,2.9766667
47431,2.2696831
47432,1.303728
47433,3.3926618
47434,2.5266073
47435,1.8438292
47436,4.091969
47437,1.8861817
47438,3.890261
47439,2.107824
47440,1.6327814
47441,0.9931244
47442,2.884246
47443,1.5662779
47444,1.1567706
47445,4.5450406
47446,2.1169252
47447,1.2576246
47448,2.2550502
47449,4.798425
47450,2.1700766
47451,1.5783812
47452,0.89300996
47453,0.76395524
47454,3.156925
47455,2.2566717
47456,2.1444914
47457,1.3674134
47458,0.9887638
47459,1.729185
47460,0.96148616
47461,2.1996796
47462,0.4932907
47463,2.0593894
47464,3.663061
47465,2.3887458
47466,2.7547274
47467,1.6876726
47468,1.195603
47469,2.90802
47470,0.6023732
47471,1.9478514
47472,1.3090237
47473,2.0654745
47474,3.6940591
47475,1.8670548
47476,4.7786226
47477,2.666435
47478,2.0455058
47479,1.2958931
47480,2.8946562
47481,0.9539687
47482,2.3589518
47483,3.7839425
47484,2.1365352
47485,2.4913857
47486,2.4210682
47487,1.6285447
47488,0.89987797
47489,1.5295699
47490,2.763991
47491,0.78293824
47492,1.7428916
47493,2.3255703
47494,3.1525247
47495,2.0349195
47496,1.4857646
47497,2.2566745
47498,1.9207834
47499,1.6886964
47500,2.0415356
47501,1.1523745
47502,1.847307
47503,1.5390341
47504,1.7282827
47505,2.602502
47506,0.7036053
47507,1.3893147
47508,1.9650894
47509,1.2396084
47510,1.9557805
47511,1.8630261
47512,3.0985618
47513,1.9850165
47514,1.0039628
47515,0.8824863
47516,0.71714157
47517,4.568372
47518,2.9806504
47519,1.4141192
47520,0.6794121
47521,1.1945692
47522,2.4491947
47523,3.2173355
47524,1.9487228
47525,2.4279099
47526,1.2167336
47527,1.6811252
47528,1.8530549
47529,1.5348082
47530,1.1083483
47531,2.4124024
47532,1.2473619
47533,2.1921668
47534,1.6666443
47535,1.7877607
47536,2.6019702
47537,3.830245
47538,5.338628
47539,1.569691
47540,2.0552363
47541,2.965759
47542,0.9402679
47543,2.6420612
47544,2.049838
47545,3.0410643
47546,2.132448
47547,1.4111323
47548,1.3359199
47549,3.740463
47550,2.4407592
47551,1.8451748
47552,0.93874407
47553,3.0958686
47554,0.9416848
47555,2.401616
47556,1.8536606
47557,3.0620525
47558,4.624222
47559,2.287604
47560,2.3658526
47561,2.9850001
47562,0.5977338
47563,2.01164
47564,3.6154823
47565,0.58009136
47566,4.1366763
47567,2.3407252
47568,3.1130996
47569,1.4362885
47570,2.123743
47571,1.3306873
47572,1.2746136
47573,2.2775688
47574,1.8356559
47575,3.0929585
47576,0.9680877
47577,1.5429264
47578,3.0655591
47579,2.199929
47580,0.46924633
47581,2.7112253
47582,2.1049566
47583,1.7937169
47584,0.73445934
47585,0.91931796
47586,3.427793
47587,1.8848538
47588,1.6797528
47589,1.4698695
47590,1.0030687
47591,1.9507174
47592,3.3542552
47593,2.3480709
47594,2.8497703
47595,2.7736032
47596,1.3839786
47597,1.6032459
47598,1.251994
47599,2.5510626
47600,3.0681927
47601,2.3912075
47602,2.5234418
47603,2.0925293
47604,2.008382
47605,3.0447028
47606,1.0379237
47607,0.62863183
47608,2.1509447
47609,2.187367
47610,2.4921415
47611,2.1149502
47612,1.2022413
47613,3.494612
47614,2.9409938
47615,4.007231
47616,4.0008364
47617,2.421409
47618,1.8469459
47619,2.5917046
47620,1.4912229
47621,1.2592505
47622,2.4933443
47623,1.4806236
47624,2.5854554
47625,3.7969918
47626,0.54089135
47627,2.599153
47628,1.7803202
47629,2.6346517
47630,1.312354
47631,3.8889618
47632,1.386664
47633,3.4736078
47634,1.7413846
47635,1.706508
47636,0.66622376
47637,1.0151418
47638,2.5476885
47639,2.1215098
47640,2.753087
47641,2.564915
47642,1.5123886
47643,3.8894994
47644,1.0529022
47645,1.4839193
47646,2.0683904
47647,1.8317847
47648,2.8316016
47649,1.138942
47650,1.3611207
47651,2.168132
47652,1.0799662
47653,1.4049876
47654,1.1880215
47655,1.8549292
47656,1.9608555
47657,1.6601083
47658,2.5664465
47659,1.8742119
47660,4.4578404
47661,0.9605724
47662,1.7312108
47663,0.8737115
47664,3.5091326
47665,2.1350331
47666,2.5921984
47667,3.8165212
47668,2.374896
47669,1.1148447
47670,2.0487332
47671,2.4363513
47672,1.7675189
47673,2.2626247
47674,0.9756959
47675,1.0508169
47676,3.9192166
47677,0.7926458
47678,1.9592762
47679,2.3594913
47680,2.1377797
47681,4.0338545
47682,1.7547847
47683,2.196247
47684,3.5175843
47685,1.3262001
47686,1.4159042
47687,1.4820994
47688,2.4437118
47689,1.6388681
47690,1.9342878
47691,1.9323566
47692,2.0760496
47693,1.8076675
47694,1.3082682
47695,1.1186451
47696,1.370081
47697,0.6140774
47698,3.3007843
47699,0.8890647
47700,1.6468285
47701,1.2987914
47702,5.2068367
47703,3.0328681
47704,1.8949918
47705,1.1234121
47706,1.3432013
47707,1.415148
47708,4.0602827
47709,1.4503831
47710,1.5717032
47711,2.4053907
47712,0.9636396
47713,0.84490776
47714,2.4355474
47715,2.0082686
47716,2.9523618
47717,1.3037183
47718,1.7015495
47719,1.2483183
47720,1.3260396
47721,3.5595834
47722,1.9032259
47723,1.6773679
47724,2.864008
47725,1.2481985
47726,1.0551664
47727,2.1595736
47728,2.072972
47729,2.971439
47730,4.677866
47731,2.6092818
47732,3.5862985
47733,1.8063562
47734,2.479258
47735,1.7728082
47736,3.723448
47737,2.880558
47738,3.0111372
47739,0.56261444
47740,1.1447796
47741,2.1496992
47742,2.1780937
47743,3.6063309
47744,1.1107965
47745,2.0515306
47746,2.7972877
47747,0.9290646
47748,2.8330393
47749,2.7400086
47750,2.5321782
47751,2.4320605
47752,1.8907845
47753,2.223558
47754,2.4885051
47755,4.1769094
47756,1.0628954
47757,2.0550232
47758,1.8777586
47759,1.0029204
47760,2.6863866
47761,1.2027694
47762,0.8285339
47763,1.468429
47764,1.4484662
47765,2.6808162
47766,2.1747117
47767,2.3439376
47768,2.009169
47769,1.5395404
47770,2.2510426
47771,3.8077867
47772,2.047194
47773,1.337171
47774,2.4639454
47775,1.9407707
47776,0.8138925
47777,1.2798586
47778,4.748451
47779,1.927947
47780,1.4422164
47781,1.3778726
47782,0.63463914
47783,2.812516
47784,3.0656471
47785,3.4662433
47786,2.453538
47787,1.7270746
47788,1.8623449
47789,2.4043777
47790,0.8635266
47791,2.8989022
47792,1.1078442
47793,1.0224481
47794,2.8455482
47795,2.2682445
47796,1.7706096
47797,2.945363
47798,1.1420726
47799,1.0040246
47800,1.2928492
47801,4.32699
47802,3.926202
47803,0.8218947
47804,1.6881855
47805,2.3926873
47806,1.4984126
47807,1.0085212
47808,1.2859619
47809,3.3770695
47810,1.6762434
47811,3.4995387
47812,2.008692
47813,2.373372
47814,1.0760856
47815,0.5131375
47816,2.0822744
47817,1.7516389
47818,1.6911938
47819,1.5279089
47820,1.7024823
47821,2.8433702
47822,2.2895498
47823,3.208294
47824,0.5954586
47825,1.9799309
47826,1.7293581
47827,2.4363728
47828,2.6117623
47829,5.0870605
47830,1.3375424
47831,1.7751038
47832,2.6458702
47833,2.2982185
47834,1.207867
47835,1.6947052
47836,1.1084032
47837,1.6938125
47838,0.5474448
47839,1.4602083
47840,1.3008083
47841,3.1850271
47842,1.5714082
47843,1.4217641
47844,1.642644
47845,0.9838044
47846,1.9232659
47847,1.9629239
47848,3.0617719
47849,2.3056474
47850,1.0188583
47851,1.2096778
47852,3.1822286
47853,0.6628573
47854,2.5598123
47855,4.0777435
47856,1.5406097
47857,3.0417366
47858,2.6034594
47859,4.786674
47860,1.9131638
47861,3.1388345
47862,2.6313148
47863,3.343799
47864,0.5202627
47865,1.2641695
47866,2.2091136
47867,2.8580558
47868,1.4459071
47869,1.4673588
47870,0.8512036
47871,2.6766655
47872,1.7012882
47873,1.2145803
47874,0.9525922
47875,0.52627236
47876,2.9889717
47877,1.6209376
47878,1.6965635
47879,4.067964
47880,0.8692828
47881,1.564042
47882,1.5875256
47883,1.5151949
47884,2.743851
47885,2.6623926
47886,2.9104834
47887,0.6052491
47888,1.1591656
47889,1.3043631
47890,2.0276642
47891,1.4969481
47892,1.9199977
47893,1.6491557
47894,0.8451345
47895,1.570212
47896,2.7496634
47897,1.217394
47898,2.1338208
47899,1.2862918
47900,1.3520397
47901,0.49528167
47902,1.435626
47903,1.9640005
47904,2.6508024
47905,0.53538966
47906,2.0232718
47907,1.0149857
47908,3.0734243
47909,1.731175
47910,1.5834635
47911,0.85414505
47912,1.1290289
47913,1.5546039
47914,1.9944141
47915,1.8798387
47916,1.0437912
47917,1.4189291
47918,3.4540548
47919,1.2806095
47920,4.0555105
47921,1.6221814
47922,3.1462233
47923,1.7274336
47924,5.1029367
47925,1.105589
47926,3.8273528
47927,1.1639458
47928,1.3762672
47929,2.1505187
47930,2.3239486
47931,2.7218382
47932,4.797491
47933,1.095229
47934,1.7213683
47935,1.9376475
47936,0.95451415
47937,0.9940505
47938,1.5123255
47939,3.9987824
47940,2.3294103
47941,1.6151448
47942,2.3200786
47943,4.4933224
47944,1.316432
47945,1.5286051
47946,0.7826465
47947,1.0288608
47948,2.0562544
47949,2.8930638
47950,0.6355062
47951,3.5664964
47952,1.3654056
47953,2.680166
47954,4.9089108
47955,2.6390045
47956,1.0950146
47957,3.033216
47958,2.6196575
47959,3.087122
47960,2.0527253
47961,2.6767104
47962,1.468573
47963,2.1674519
47964,2.3395753
47965,4.623759
47966,4.9039216
47967,1.7911512
47968,0.94539225
47969,4.3623524
47970,2.5980937
47971,2.1261692
47972,1.4700387
47973,0.67224354
47974,1.388361
47975,2.3156636
47976,2.9234414
47977,2.5820992
47978,1.1972365
47979,2.2725089
47980,1.6976947
47981,1.5854553
47982,2.0392895
47983,2.120727
47984,1.4003731
47985,2.092616
47986,1.5795863
47987,1.0667394
47988,0.89992535
47989,1.7129612
47990,3.0765924
47991,1.4786689
47992,1.4364603
47993,1.0633475
47994,0.9633922
47995,2.3789284
47996,2.4475245
47997,1.6800947
47998,2.166618
47999,3.3657665
48000,1.9093246
48001,3.0578306
48002,2.3723047
48003,2.2983227
48004,4.5542526
48005,2.2566001
48006,1.2226229
48007,2.5919816
48008,2.251964
48009,2.389749
48010,3.0937326
48011,1.5213897
48012,1.1440465
48013,3.058539
48014,1.7298979
48015,3.5427415
48016,3.5200608
48017,3.4683285
48018,1.0654778
48019,1.6187689
48020,1.6748148
48021,1.6995308
48022,2.541153
48023,4.4817543
48024,2.739446
48025,1.8821346
48026,4.1615114
48027,1.5548632
48028,2.9307396
48029,1.9115903
48030,1.5127695
48031,2.2156348
48032,1.7630587
48033,1.6400017
48034,0.77408916
48035,1.3616318
48036,2.734116
48037,1.0193739
48038,1.62451
48039,1.870613
48040,0.73426783
48041,4.205322
48042,2.3726153
48043,1.1885158
48044,1.2750901
48045,1.520266
48046,1.3059642
48047,1.7154412
48048,2.8688338
48049,2.4313931
48050,2.8861465
48051,1.0209358
48052,4.0615506
48053,0.86864364
48054,1.4945045
48055,0.7976341
48056,2.3062906
48057,4.300998
48058,1.466559
48059,1.9579861
48060,0.54740775
48061,4.683812
48062,3.2921531
48063,1.7833712
48064,3.230881
48065,1.356973
48066,0.62207174
48067,1.1360588
48068,0.77219105
48069,1.4097174
48070,3.7009869
48071,2.1911263
48072,1.1803917
48073,2.3293884
48074,3.1205177
48075,1.9028697
48076,1.6472826
48077,2.6174936
48078,0.58454275
48079,1.459058
48080,0.6297306
48081,4.679447
48082,0.70922136
48083,1.1378659
48084,1.36315
48085,2.0312345
48086,2.0463207
48087,1.0325199
48088,1.3279976
48089,2.3137999
48090,1.7275242
48091,2.4241126
48092,1.9610212
48093,1.5611022
48094,1.2758898
48095,1.8376926
48096,1.2847407
48097,2.2381783
48098,3.6442115
48099,3.3198276
48100,1.8082007
48101,1.2559909
48102,2.2842867
48103,0.73166233
48104,1.0845371
48105,2.00494
48106,1.6562562
48107,1.0483884
48108,2.945256
48109,1.2071171
48110,2.1214812
48111,1.1352596
48112,0.86446184
48113,2.819871
48114,2.8788462
48115,1.4431044
48116,1.3600371
48117,0.52788085
48118,2.2980309
48119,1.4175091
48120,3.0830963
48121,1.2362071
48122,0.6462059
48123,1.2986495
48124,0.7089012
48125,3.5140514
48126,0.91989595
48127,0.6445636
48128,2.0835493
48129,2.4367297
48130,2.9965036
48131,0.657769
48132,2.6399574
48133,1.8000388
48134,2.2542655
48135,1.5762279
48136,2.2965875
48137,1.2926306
48138,1.6266016
48139,1.9794848
48140,1.4628916
48141,2.4242299
48142,5.162302
48143,1.9062744
48144,3.1749513
48145,2.1455414
48146,0.8939524
48147,0.8589197
48148,2.7627954
48149,0.8525634
48150,1.6602997
48151,1.3201015
48152,1.492714
48153,1.8087721
48154,3.4615548
48155,1.0350834
48156,2.3370202
48157,4.410826
48158,1.8781543
48159,2.1089175
48160,1.1690772
48161,2.4646761
48162,1.8538243
48163,1.2948616
48164,2.0686522
48165,1.6894789
48166,0.6331908
48167,2.010575
48168,2.217908
48169,4.9801593
48170,2.560446
48171,2.5513875
48172,3.4978278
48173,2.0880435
48174,0.8855233
48175,2.8712552
48176,2.2453034
48177,1.5349494
48178,2.7066154
48179,1.4157977
48180,1.9149401
48181,0.6747165
48182,1.3247452
48183,0.5468212
48184,3.2338073
48185,5.1064477
48186,1.6499015
48187,2.8375661
48188,1.4466447
48189,2.0864613
48190,1.2817253
48191,2.105114
48192,1.667024
48193,2.0807123
48194,1.0422347
48195,0.66693807
48196,3.4553256
48197,1.7231944
48198,0.9568779
48199,0.93660706
48200,2.0092726
48201,1.6844276
48202,1.6076678
48203,1.8859339
48204,2.448664
48205,2.097563
48206,3.8676088
48207,2.0935404
48208,2.8198364
48209,3.3107328
48210,1.6109544
48211,0.5557791
48212,2.9238908
48213,0.76810956
48214,1.5727241
48215,4.1872106
48216,2.4881318
48217,1.2935454
48218,3.267208
48219,0.7309814
48220,0.85954756
48221,2.4716744
48222,2.7799695
48223,1.0289263
48224,2.7280731
48225,2.3897676
48226,3.719651
48227,1.8068712
48228,0.85307825
48229,3.1038558
48230,3.183959
48231,1.7900337
48232,2.4759321
48233,1.0263149
48234,1.8739159
48235,4.9489594
48236,2.3301163
48237,2.9595034
48238,1.3552939
48239,1.6820096
48240,2.7507386
48241,4.1466017
48242,2.5028453
48243,2.7878716
48244,0.65165645
48245,2.0710986
48246,1.892256
48247,3.244186
48248,2.7647672
48249,2.922422
48250,1.6206251
48251,1.8465564
48252,1.1013608
48253,0.6872837
48254,0.94581175
48255,1.2314103
48256,0.64011455
48257,0.8991758
48258,3.6505094
48259,2.0457797
48260,3.4666867
48261,2.3948522
48262,2.1244824
48263,2.3142178
48264,2.127451
48265,1.6316911
48266,1.4214942
48267,4.8627186
48268,3.895197
48269,2.802722
48270,2.004144
48271,3.4232957
48272,2.7383902
48273,1.7668064
48274,3.0676658
48275,3.8833036
48276,1.7904445
48277,3.6389782
48278,1.6192919
48279,2.7184381
48280,1.0130342
48281,2.6578898
48282,4.091638
48283,2.8559072
48284,3.690259
48285,1.3547461
48286,0.76549447
48287,4.4385877
48288,2.5452254
48289,1.7918187
48290,1.6316472
48291,0.7408073
48292,1.2114811
48293,2.0078251
48294,0.54601604
48295,2.1763618
48296,1.8262792
48297,2.7528837
48298,2.8590364
48299,0.5885725
48300,0.74173015
48301,3.5542676
48302,2.2138999
48303,1.3280482
48304,2.7060826
48305,2.8906133
48306,1.8172766
48307,2.3266537
48308,1.813033
48309,2.7947276
48310,1.3555764
48311,2.5851612
48312,1.7580136
48313,1.0645857
48314,1.3546245
48315,1.074153
48316,2.5433085
48317,4.4409385
48318,2.5498247
48319,1.5512528
48320,1.4916605
48321,1.0950955
48322,0.85169333
48323,2.7101226
48324,2.5939078
48325,1.5488738
48326,2.1553552
48327,1.3745604
48328,1.7926021
48329,4.929136
48330,2.5551322
48331,0.73747355
48332,1.7371799
48333,1.5518415
48334,1.3653259
48335,4.10988
48336,1.4079344
48337,5.2415986
48338,1.9438171
48339,2.2340138
48340,2.2957356
48341,1.3490152
48342,0.5164792
48343,1.0956033
48344,2.8824627
48345,2.041616
48346,1.7387598
48347,2.6687868
48348,1.446227
48349,1.6725584
48350,2.0123093
48351,2.4652007
48352,1.589627
48353,0.78575563
48354,0.79983824
48355,1.1743237
48356,0.6263303
48357,1.3767234
48358,1.8729827
48359,1.4362409
48360,1.300401
48361,4.11265
48362,3.6504433
48363,1.3371359
48364,2.1509402
48365,1.577588
48366,0.49084374
48367,0.48990783
48368,3.9594595
48369,1.1105912
48370,1.2110856
48371,2.6064074
48372,3.3223932
48373,1.866963
48374,0.83221096
48375,1.5189329
48376,2.008253
48377,3.5389707
48378,2.0674803
48379,2.7763512
48380,0.80793065
48381,2.029597
48382,2.4749432
48383,1.2417853
48384,1.6792865
48385,1.860139
48386,1.9052441
48387,2.7855775
48388,0.91458416
48389,1.5597721
48390,1.3062004
48391,2.4960544
48392,1.5728339
48393,2.2601008
48394,1.4985392
48395,2.1435866
48396,2.287079
48397,1.0776925
48398,1.05145
48399,0.8288187
48400,4.169357
48401,2.4070761
48402,1.0761396
48403,1.0057217
48404,4.223906
48405,1.9629711
48406,1.694662
48407,1.6955217
48408,1.3933109
48409,1.477253
48410,0.7067673
48411,3.1101406
48412,3.2300632
48413,1.7422704
48414,1.2880762
48415,0.98437035
48416,1.0048691
48417,1.2070603
48418,2.004189
48419,2.3283966
48420,2.4101143
48421,1.5771924
48422,0.7921134
48423,2.3347778
48424,2.1779783
48425,0.7966589
48426,4.6049395
48427,1.0187994
48428,1.116994
48429,1.3923987
48430,4.0576663
48431,3.4778395
48432,1.5047721
48433,0.994447
48434,1.7703735
48435,3.2682793
48436,0.84466815
48437,2.9293923
48438,1.7797084
48439,0.72475433
48440,2.9549425
48441,0.61744046
48442,2.5031497
48443,1.5873466
48444,2.0924668
48445,2.564458
48446,0.7705409
48447,1.8787823
48448,2.4894302
48449,3.090399
48450,4.636412
48451,2.254449
48452,2.6438057
48453,1.9338858
48454,2.2433457
48455,2.1803813
48456,1.0912787
48457,4.399603
48458,2.0641053
48459,2.4476938
48460,2.161492
48461,4.2309628
48462,1.6179334
48463,2.4890575
48464,0.6965951
48465,1.7502254
48466,2.3530777
48467,1.9065149
48468,3.67978
48469,2.685102
48470,2.290808
48471,3.0433505
48472,1.9913971
48473,1.8874998
48474,3.4641724
48475,1.3150462
48476,1.5610477
48477,1.590603
48478,2.232731
48479,1.0045156
48480,2.3349493
48481,2.1486392
48482,2.3291094
48483,1.6670657
48484,1.042187
48485,3.0277138
48486,4.2304626
48487,3.2279348
48488,1.8956681
48489,2.645739
48490,3.006662
48491,1.7787582
48492,2.401831
48493,1.2738496
48494,3.2072237
48495,4.8771467
48496,3.4588206
48497,2.9150267
48498,2.338927
48499,4.5012856
48500,0.5578286
48501,2.1849928
48502,2.04909
48503,2.444299
48504,0.591727
48505,1.4817932
48506,3.021013
48507,1.9057138
48508,1.1117816
48509,1.022894
48510,1.620398
48511,4.530586
48512,2.269637
48513,1.8952037
48514,1.4743463
48515,1.9282701
48516,1.714157
48517,0.9250991
48518,5.1081953
48519,2.5620198
48520,4.7954025
48521,1.9630715
48522,1.5704805
48523,2.3690164
48524,1.1777153
48525,1.2825807
48526,0.7905488
48527,2.3814795
48528,4.029124
48529,1.8836678
48530,0.7313184
48531,0.74340314
48532,1.229867
48533,2.6476753
48534,0.61880493
48535,1.6888584
48536,4.023032
48537,1.0832175
48538,1.689916
48539,0.94057685
48540,3.535294
48541,2.0977144
48542,3.7489922
48543,1.6995744
48544,1.8398609
48545,2.9349496
48546,1.4144812
48547,1.005143
48548,1.3542563
48549,2.4186156
48550,0.8395837
48551,0.61134875
48552,1.2666044
48553,1.6225915
48554,1.2907479
48555,1.6844572
48556,1.6338086
48557,0.90231323
48558,3.0364685
48559,2.3912048
48560,0.9387866
48561,3.4602604
48562,2.055145
48563,1.5847908
48564,2.6976914
48565,3.913824
48566,1.4206822
48567,4.8345766
48568,2.2808104
48569,1.1154903
48570,2.8244302
48571,1.6133922
48572,1.4389584
48573,1.0383023
48574,1.1942515
48575,0.83544654
48576,2.1115918
48577,1.6158962
48578,0.7151815
48579,2.883228
48580,3.9899685
48581,0.8616442
48582,2.543648
48583,1.4853526
48584,2.3042426
48585,2.494276
48586,1.9457539
48587,2.9083953
48588,2.135051
48589,0.7549832
48590,0.85567766
48591,0.7143431
48592,1.17791
48593,2.1481822
48594,2.1845405
48595,1.256243
48596,2.6612952
48597,3.9195502
48598,2.8517091
48599,1.3742465
48600,2.0413685
48601,2.5984287
48602,0.9622837
48603,3.4214964
48604,0.84008765
48605,2.866624
48606,3.051356
48607,1.780227
48608,4.625838
48609,1.8208402
48610,0.6158182
48611,2.5033875
48612,1.0211762
48613,1.5891913
48614,0.7474342
48615,1.0834901
48616,2.5483632
48617,0.80911267
48618,0.98360753
48619,3.7368176
48620,1.0883212
48621,1.6704575
48622,2.9302292
48623,1.7284889
48624,2.4221232
48625,2.8583667
48626,0.9144626
48627,3.6268966
48628,1.3399191
48629,1.2722257
48630,2.8682468
48631,4.3195443
48632,2.1246846
48633,1.6623136
48634,1.7737734
48635,2.9417284
48636,2.4984136
48637,4.609704
48638,1.4282472
48639,4.9882946
48640,1.8071942
48641,1.9627119
48642,2.507634
48643,3.5035126
48644,1.6320297
48645,4.8862796
48646,2.621142
48647,1.2267383
48648,1.5465888
48649,1.9068581
48650,1.7793603
48651,3.1516314
48652,1.5978937
48653,1.7450018
48654,1.9473145
48655,1.272636
48656,2.7205482
48657,0.67181903
48658,1.4494534
48659,0.722582
48660,2.6468976
48661,1.3446532
48662,1.677474
48663,1.4857572
48664,0.6784432
48665,1.325306
48666,1.8866328
48667,0.94141537
48668,0.5040038
48669,4.3566365
48670,1.2529254
48671,3.4140987
48672,3.2853563
48673,2.0561275
48674,2.1458824
48675,2.5305805
48676,1.3776215
48677,2.4567327
48678,2.0442383
48679,1.7704489
48680,2.3993979
48681,0.77491415
48682,1.1407464
48683,1.8081951
48684,1.4229578
48685,1.9630907
48686,1.1815635
48687,0.55598
48688,3.3844259
48689,1.1913844
48690,1.5129924
48691,1.0826428
48692,1.3061601
48693,1.9816244
48694,1.4084237
48695,1.0054368
48696,1.8389492
48697,1.1120616
48698,0.763029
48699,3.9705772
48700,1.9585333
48701,2.5293417
48702,4.164931
48703,1.3960167
48704,1.8441743
48705,2.8214526
48706,0.7771239
48707,1.9380635
48708,1.2959903
48709,1.3881046
48710,2.5500712
48711,2.2230442
48712,0.98738146
48713,2.138527
48714,1.0821396
48715,4.421791
48716,2.2249885
48717,1.5937562
48718,4.55574
48719,2.9712596
48720,3.0379493
48721,1.6977971
48722,2.7149355
48723,0.73250777
48724,1.4941885
48725,1.8200202
48726,1.4383254
48727,2.74207
48728,1.5213524
48729,1.4253579
48730,1.0594856
48731,2.3507853
48732,1.9164257
48733,2.2134151
48734,0.95545316
48735,2.535308
48736,1.3363607
48737,2.3448095
48738,1.7273906
48739,1.6381485
48740,1.0184791
48741,2.604842
48742,0.91164374
48743,1.609482
48744,0.6496758
48745,1.4978187
48746,1.7006543
48747,2.49754
48748,1.5757455
48749,1.0663965
48750,3.474682
48751,1.5107067
48752,2.1263719
48753,0.9491369
48754,3.265325
48755,2.696206
48756,5.0326676
48757,5.2011566
48758,2.2314243
48759,2.103113
48760,2.1831048
48761,2.7931857
48762,1.0084299
48763,2.3868344
48764,2.9037645
48765,1.2526497
48766,1.7718874
48767,3.4097762
48768,0.9804243
48769,2.9817185
48770,1.4568791
48771,2.9816487
48772,3.0300097
48773,2.2465584
48774,2.6268303
48775,2.6884787
48776,2.5563743
48777,0.5105197
48778,1.938213
48779,1.6143203
48780,1.3353041
48781,2.8227227
48782,1.3760695
48783,1.6604507
48784,1.3579268
48785,1.6844901
48786,1.608993
48787,0.84247684
48788,1.4391328
48789,1.4745908
48790,1.7860463
48791,2.186145
48792,1.1528198
48793,2.191176
48794,1.427748
48795,2.7962441
48796,0.95377314
48797,0.83207846
48798,2.6427088
48799,3.8330135
48800,2.3416684
48801,1.4083968
48802,2.7507937
48803,1.6192448
48804,1.1640003
48805,0.81985635
48806,1.205863
48807,0.7987382
48808,1.9034356
48809,2.289068
48810,1.9365809
48811,2.6283512
48812,3.0424352
48813,5.010266
48814,1.3732806
48815,3.0070596
48816,1.2256773
48817,1.6011206
48818,0.958133
48819,3.1233573
48820,1.789512
48821,0.52221185
48822,3.4001083
48823,2.5606349
48824,1.6407751
48825,0.9585383
48826,1.4352801
48827,1.1043215
48828,2.954112
48829,1.7351761
48830,1.4848859
48831,1.6402811
48832,2.5804074
48833,0.73318785
48834,1.7940879
48835,2.3167088
48836,2.0948877
48837,1.2136741
48838,0.88737714
48839,1.0823615
48840,2.0228767
48841,1.0667019
48842,1.2666625
48843,2.7895088
48844,2.1375356
48845,1.502201
48846,2.0497544
48847,1.8511019
48848,2.6947837
48849,2.2565715
48850,1.928046
48851,3.0231137
48852,2.1737328
48853,1.7463219
48854,0.92133135
48855,3.4114766
48856,3.6283166
48857,1.1800125
48858,2.9341936
48859,2.1
48860,2.7053385
48861,2.380817
48862,4.929906
48863,2.986096
48864,2.0848505
48865,1.0263894
48866,1.9254805
48867,2.8082345
48868,1.431187
48869,3.6509075
48870,1.8583233
48871,1.6417218
48872,2.9185975
48873,1.7868874
48874,1.5123688
48875,1.4685731
48876,3.927254
48877,1.8705126
48878,1.8634846
48879,2.4308243
48880,1.6413374
48881,1.6399778
48882,2.046139
48883,0.90690714
48884,1.5727998
48885,1.3024485
48886,2.3617423
48887,2.04291
48888,1.8053622
48889,1.1405748
48890,3.8705933
48891,1.2694389
48892,0.7598401
48893,2.0370197
48894,3.4986684
48895,0.751165
48896,3.229227
48897,1.6081575
48898,1.3489058
48899,1.1556412
48900,1.2827867
48901,1.4434587
48902,1.053934
48903,0.9056788
48904,2.2545383
48905,4.98947
48906,2.407978
48907,4.9154625
48908,4.6234674
48909,0.6867476
48910,2.0572853
48911,1.7889532
48912,1.5031997
48913,1.7823147
48914,1.9350051
48915,1.7222425
48916,4.501281
48917,2.974488
48918,1.5606667
48919,2.67142
48920,1.2126124
48921,1.3173778
48922,1.6721095
48923,3.4805086
48924,2.3576543
48925,1.37476
48926,2.9447868
48927,1.547869
48928,1.0240961
48929,3.5816526
48930,1.6347498
48931,0.8811986
48932,2.1113381
48933,1.6939198
48934,4.3190017
48935,1.7446839
48936,2.4973407
48937,3.5854597
48938,2.3306153
48939,1.3548963
48940,2.3367348
48941,3.33454
48942,0.8532198
48943,1.9989384
48944,4.26692
48945,2.0539107
48946,1.7151897
48947,1.7724727
48948,1.2706497
48949,1.8640821
48950,0.885474
48951,1.4622667
48952,2.5837176
48953,2.3712535
48954,2.8715093
48955,2.2719994
48956,3.7747827
48957,1.6656771
48958,2.3226745
48959,1.310699
48960,1.2475501
48961,0.679634
48962,1.4584823
48963,1.1692647
48964,2.209335
48965,1.3240623
48966,2.1436412
48967,1.358935
48968,2.1435385
48969,2.1241512
48970,1.7252139
48971,1.6788255
48972,0.91475344
48973,1.85417
48974,1.4823668
48975,0.55890006
48976,0.7457635
48977,0.99291974
48978,2.2396047
48979,1.2092602
48980,2.042037
48981,1.5518824
48982,2.3494976
48983,2.7678926
48984,3.1420295
48985,2.9781363
48986,2.3490155
48987,3.1324706
48988,2.794293
48989,1.8429129
48990,1.6811368
48991,1.0888295
48992,0.97028494
48993,2.0207345
48994,1.5917896
48995,2.485842
48996,1.0303767
48997,1.075795
48998,1.1103857
48999,2.285734
49000,2.2764773
49001,2.2552757
49002,2.0646467
49003,1.1495938
49004,1.5320482
49005,1.7115898
49006,1.8217691
49007,1.9933095
49008,1.5556967
49009,0.56942666
49010,4.2648463
49011,4.3056555
49012,1.9125091
49013,0.9618644
49014,1.2121801
49015,3.459494
49016,1.3296561
49017,3.103357
49018,1.9991446
49019,4.2197256
49020,1.096368
49021,1.4333115
49022,2.238792
49023,1.6932244
49024,1.8000993
49025,1.4570068
49026,1.0132303
49027,2.0698617
49028,2.3514283
49029,2.2653883
49030,1.1977288
49031,1.2626171
49032,4.113799
49033,1.4396881
49034,1.5505298
49035,3.2625124
49036,1.9642997
49037,3.0121925
49038,1.591581
49039,2.9900732
49040,3.760562
49041,1.8240311
49042,1.2510065
49043,1.598515
49044,2.5019631
49045,1.6469278
49046,2.0122533
49047,2.60024
49048,1.5391942
49049,1.5914084
49050,1.9106932
49051,1.6898389
49052,1.7262865
49053,0.50619566
49054,1.7790185
49055,1.1775124
49056,2.1938708
49057,1.8100264
49058,1.5336826
49059,1.5803934
49060,1.2936208
49061,0.8044944
49062,0.8684504
49063,4.267317
49064,0.5740756
49065,3.06629
49066,0.84777987
49067,1.4110935
49068,2.5192347
49069,1.8742137
49070,4.0832124
49071,1.4814819
49072,1.8380781
49073,1.5054997
49074,1.9386668
49075,3.573441
49076,3.754405
49077,2.0041316
49078,3.2535472
49079,1.6428603
49080,0.92079693
49081,3.7564468
49082,1.1659013
49083,2.170043
49084,2.8051832
49085,0.86385584
49086,1.6374514
49087,1.7100228
49088,1.3337665
49089,1.9281842
49090,2.1122613
49091,2.2568223
49092,1.4806545
49093,3.0803812
49094,4.135176
49095,1.8232201
49096,2.6269717
49097,1.7592026
49098,0.8176257
49099,2.2890077
49100,1.9982285
49101,1.2486432
49102,1.9216639
49103,4.0021873
49104,3.0756326
49105,3.6113787
49106,2.9249394
49107,1.1332012
49108,2.5047233
49109,2.443984
49110,3.0890627
49111,4.793896
49112,1.2115756
49113,3.0515256
49114,0.8607989
49115,1.690699
49116,0.7454357
49117,2.0115983
49118,1.2934285
49119,2.2180195
49120,2.5339932
49121,1.4610962
49122,0.37768358
49123,2.4959524
49124,0.8820645
49125,0.7479821
49126,2.6491141
49127,3.379182
49128,1.4609188
49129,1.3557023
49130,1.3081387
49131,2.786996
49132,2.2383633
49133,2.376779
49134,1.5351493
49135,0.5760891
49136,3.487885
49137,0.50427574
49138,2.098741
49139,1.5361315
49140,3.2941606
49141,1.270208
49142,3.0013669
49143,1.0274398
49144,1.7925849
49145,2.4454544
49146,1.7525079
49147,0.6638847
49148,3.545223
49149,1.5659431
49150,1.0856857
49151,1.121248
49152,1.3395557
49153,1.5239071
49154,3.2686539
49155,3.218054
49156,1.1844349
49157,1.0128734
49158,1.3914899
49159,1.388575
49160,1.8241372
49161,1.1586604
49162,1.1759857
49163,1.2985306
49164,3.1478975
49165,1.950235
49166,1.3034214
49167,1.3091708
49168,1.9818625
49169,1.0049661
49170,0.944397
49171,0.76761854
49172,2.4311504
49173,1.5284088
49174,0.7343238
49175,1.0015742
49176,2.1920273
49177,3.7040446
49178,1.5606292
49179,1.9002202
49180,1.3555632
49181,3.261714
49182,3.0726724
49183,1.4245248
49184,2.0163703
49185,0.98634136
49186,1.1550477
49187,1.2387066
49188,1.6633782
49189,2.8616533
49190,2.7072446
49191,3.3846135
49192,2.2379518
49193,1.5575106
49194,2.3424757
49195,1.7068367
49196,1.668489
49197,1.0918425
49198,1.9622425
49199,2.3715942
49200,0.8098404
49201,1.142945
49202,2.7468688
49203,2.037563
49204,2.5157306
49205,4.903546
49206,2.0008583
49207,4.751442
49208,1.5049591
49209,1.9793772
49210,3.3936853
49211,3.4359345
49212,5.1795635
49213,3.326766
49214,3.424819
49215,1.4650794
49216,2.0246532
49217,2.6623452
49218,3.1539598
49219,1.7701123
49220,1.1663736
49221,1.8650831
49222,0.88038456
49223,4.5657377
49224,1.380156
49225,4.779743
49226,1.322178
49227,2.186451
49228,0.6923203
49229,2.7483497
49230,1.4425598
49231,2.0773258
49232,3.002906
49233,1.8572818
49234,0.62307066
49235,2.737494
49236,1.9248224
49237,4.7294245
49238,4.64134
49239,1.3637999
49240,1.5231375
49241,1.4871604
49242,1.1126267
49243,3.8320084
49244,2.3245533
49245,0.67129415
49246,1.6661046
49247,1.5115066
49248,1.3377903
49249,1.8430933
49250,1.3836834
49251,2.2226398
49252,1.2387699
49253,1.9612008
49254,1.7353244
49255,1.3137994
49256,1.8506751
49257,3.725693
49258,1.7826365
49259,1.4806093
49260,4.507359
49261,0.5031923
49262,2.6132054
49263,3.1846662
49264,1.291943
49265,1.5345817
49266,0.72182006
49267,0.6954701
49268,0.8505738
49269,1.7956073
49270,2.7246003
49271,2.1098127
49272,3.4354663
49273,2.3329968
49274,3.7398224
49275,2.5763192
49276,0.52218634
49277,0.8821391
49278,2.0075521
49279,3.2027917
49280,0.69917357
49281,1.7812777
49282,2.5689473
49283,4.0263233
49284,1.8685142
49285,1.7993647
49286,1.8404694
49287,1.9530702
49288,2.3214946
49289,0.87746143
49290,1.7859292
49291,1.3958378
49292,3.9494696
49293,2.0095236
49294,2.4544957
49295,0.96405196
49296,2.1631608
49297,2.4851308
49298,2.6190434
49299,1.7553278
49300,3.150443
49301,1.1761233
49302,2.1357498
49303,1.3218074
49304,1.6248223
49305,3.2290149
49306,3.404981
49307,2.0934517
49308,1.9504753
49309,1.4818146
49310,2.9136338
49311,1.975982
49312,1.0981698
49313,2.7980695
49314,0.886053
49315,1.5766789
49316,3.3255556
49317,1.4080566
49318,1.9733508
49319,1.4656473
49320,2.299661
49321,2.1601193
49322,1.7090762
49323,1.9068708
49324,1.9005502
49325,1.7278078
49326,2.5488892
49327,3.1789823
49328,1.063529
49329,3.5506577
49330,1.8633794
49331,1.3624064
49332,2.5012789
49333,2.0911272
49334,3.436253
49335,2.5491326
49336,4.1279836
49337,2.1589916
49338,2.1272998
49339,0.8252938
49340,2.4643054
49341,2.1123333
49342,2.0324538
49343,0.9774583
49344,3.0373788
49345,1.9840174
49346,3.0615523
49347,3.1747334
49348,1.9651768
49349,2.1712306
49350,1.5344278
49351,1.375601
49352,3.1003196
49353,3.925011
49354,1.6953082
49355,1.3084613
49356,2.1956437
49357,1.4680837
49358,1.4611238
49359,0.8969692
49360,2.2574923
49361,1.7847012
49362,3.3314576
49363,1.0397273
49364,0.95638984
49365,1.5412331
49366,3.422077
49367,4.814148
49368,3.804869
49369,1.2262964
49370,1.4702845
49371,5.015421
49372,2.7069216
49373,3.876582
49374,2.0892212
49375,3.4887207
49376,5.2609673
49377,3.7457407
49378,1.4127761
49379,1.8365395
49380,3.4808478
49381,1.7531115
49382,1.2143573
49383,3.465387
49384,2.3905861
49385,5.154174
49386,2.8075125
49387,1.8584602
49388,1.6423149
49389,2.4060893
49390,2.2431257
49391,2.4027576
49392,1.5142418
49393,0.68625724
49394,1.5052967
49395,0.69904214
49396,3.1552484
49397,1.3898098
49398,1.7872827
49399,2.7968595
49400,1.8028383
49401,0.52531725
49402,3.3334608
49403,1.9502794
49404,0.8166302
49405,0.67677313
49406,2.4112515
49407,0.7091728
49408,1.9291884
49409,1.5830764
49410,2.2197795
49411,2.0712419
49412,1.8878391
49413,1.554715
49414,1.4570498
49415,2.859497
49416,4.365932
49417,0.6158891
49418,2.142848
49419,3.1542318
49420,0.7642669
49421,0.52511996
49422,2.05252
49423,2.5566857
49424,2.2980845
49425,1.6896999
49426,2.958595
49427,2.550678
49428,1.7626606
49429,1.8107108
49430,3.2187934
49431,2.1335092
49432,1.8301564
49433,1.3089212
49434,1.6304697
49435,5.022432
49436,1.3612133
49437,2.6317143
49438,1.6512431
49439,1.4645355
49440,0.6058791
49441,1.5149603
49442,3.1722832
49443,1.740423
49444,1.2675314
49445,0.558122
49446,4.943993
49447,1.6299082
49448,2.0447345
49449,3.2281275
49450,3.3911085
49451,1.9023796
49452,2.4555473
49453,3.7826362
49454,3.3990226
49455,1.5364542
49456,4.4077
49457,2.5220184
49458,1.070886
49459,1.0868536
49460,0.68960166
49461,2.0719728
49462,1.5286115
49463,2.2455904
49464,1.0557455
49465,0.90833056
49466,4.70966
49467,1.0005066
49468,1.774545
49469,0.7493042
49470,1.7084436
49471,0.98410016
49472,1.9838252
49473,1.1768278
49474,4.8688145
49475,1.6824809
49476,1.2286828
49477,0.99446833
49478,1.6500565
49479,1.7581226
49480,0.9503217
49481,2.8291347
49482,4.132778
49483,1.7292128
49484,1.9653561
49485,1.6811773
49486,2.3840055
49487,1.6490152
49488,3.219383
49489,1.0174497
49490,1.0713696
49491,0.6975673
49492,2.4113374
49493,1.3355767
49494,1.3997428
49495,2.2128775
49496,1.469556
49497,2.5194762
49498,2.590841
49499,2.2837255
49500,1.6736652
49501,0.8272234
49502,2.3871484
49503,2.5057912
49504,1.3005941
49505,0.89996016
49506,1.4398049
49507,1.2751926
49508,3.1731896
49509,1.2526221
49510,1.525182
49511,1.1708723
49512,1.8058138
49513,1.9744191
49514,2.5447414
49515,2.528139
49516,1.1052384
49517,1.8825932
49518,1.3991388
49519,1.7951642
49520,0.86123437
49521,1.127789
49522,1.0173181
49523,4.6417665
49524,2.178608
49525,5.0653505
49526,1.5390646
49527,1.2628375
49528,4.8744774
49529,1.349736
49530,1.8997127
49531,1.1162945
49532,1.050876
49533,1.6999813
49534,1.6166
49535,1.2929596
49536,1.0839689
49537,3.15604
49538,1.9575286
49539,0.52982384
49540,1.7619085
49541,1.4925513
49542,0.8018544
49543,0.99727815
49544,2.8012862
49545,2.1581736
49546,0.6377014
49547,0.8476427
49548,2.529154
49549,1.428786
49550,0.71569854
49551,1.4156107
49552,1.5728049
49553,1.8032749
49554,1.7225705
49555,0.86012477
49556,3.7714906
49557,3.1811419
49558,0.8633215
49559,3.4467561
49560,2.731112
49561,4.365252
49562,3.044637
49563,3.0414536
49564,4.739792
49565,1.7839273
49566,1.5625086
49567,4.6699758
49568,2.5147364
49569,3.436066
49570,1.2428703
49571,4.345414
49572,0.49017766
49573,1.264863
49574,2.1816127
49575,1.2515705
49576,1.311922
49577,1.5140642
49578,2.4201868
49579,3.1542778
49580,0.7255374
49581,4.7101045
49582,0.7659073
49583,3.1374686
49584,1.7599934
49585,2.144775
49586,2.6972966
49587,1.5262098
49588,1.9808689
49589,1.401188
49590,4.8791842
49591,1.1569358
49592,2.7514427
49593,1.4089087
49594,0.9579258
49595,0.93430805
49596,2.0842288
49597,1.911006
49598,2.9817157
49599,1.0383595
49600,2.656065
49601,1.5031533
49602,1.3365653
49603,3.1661394
49604,1.4857842
49605,2.2520552
49606,1.3988345
49607,1.3139832
49608,4.994224
49609,1.4897867
49610,1.1533095
49611,2.4621894
49612,1.1422188
49613,1.3642224
49614,1.088459
49615,2.3839192
49616,2.7979043
49617,1.4171137
49618,0.6504083
49619,1.9191089
49620,1.6538619
49621,4.9673524
49622,2.5927641
49623,1.6731255
49624,3.0950375
49625,1.238241
49626,3.7704463
49627,2.3991282
49628,1.922106
49629,2.424845
49630,2.1539958
49631,2.4306195
49632,2.638725
49633,2.9559748
49634,2.2689545
49635,2.9072316
49636,3.5639045
49637,0.78969467
49638,1.1528332
49639,4.60898
49640,3.841298
49641,1.314483
49642,1.7921566
49643,1.2622023
49644,0.81552863
49645,1.3312503
49646,1.6502885
49647,2.3455331
49648,0.98718464
49649,3.8983285
49650,0.76390237
49651,3.2215168
49652,1.2772735
49653,0.6333966
49654,1.1497422
49655,1.9761873
49656,2.0669382
49657,2.221335
49658,1.8244642
49659,1.392205
49660,1.9539373
49661,0.92336744
49662,2.4324872
49663,3.0505056
49664,0.68602175
49665,1.8818103
49666,3.6970935
49667,0.98213995
49668,1.99251
49669,2.7672527
49670,2.027187
49671,2.1431947
49672,3.556392
49673,2.3558257
49674,2.9448836
49675,2.149143
49676,2.4833524
49677,1.0624447
49678,1.4328754
49679,2.490926
49680,0.8104606
49681,1.2765625
49682,3.0117671
49683,1.7911656
49684,0.8439111
49685,1.5238055
49686,1.2912165
49687,3.2360625
49688,0.9968828
49689,2.997583
49690,1.852062
49691,1.5340582
49692,0.7978284
49693,0.8685134
49694,1.9454261
49695,0.8483492
49696,0.7969826
49697,3.1777616
49698,0.872156
49699,1.0646842
49700,2.1429517
49701,0.9379916
49702,1.8388721
49703,1.5698546
49704,0.7884724
49705,2.8825274
49706,1.3632811
49707,3.3473144
49708,2.1392813
49709,1.567937
49710,1.3448076
49711,1.1140171
49712,4.4131665
49713,1.8160626
49714,1.5592597
49715,2.6563382
49716,2.8727539
49717,2.3546975
49718,2.8136673
49719,1.3360487
49720,1.9663502
49721,1.9077724
49722,2.2317715
49723,1.51832
49724,0.6012315
49725,2.6269302
49726,0.9953005
49727,0.44920096
49728,0.99231523
49729,4.9594183
49730,0.9693873
49731,3.5835166
49732,1.8347598
49733,2.3889544
49734,0.66898364
49735,1.1233623
49736,0.8371258
49737,2.1422644
49738,1.6117064
49739,1.7640836
49740,1.8994973
49741,1.7204897
49742,2.2740288
49743,1.8503002
49744,1.9267383
49745,1.1319914
49746,2.3305454
49747,1.5264764
49748,1.0616512
49749,1.8207674
49750,1.4347517
49751,2.3066533
49752,1.3697058
49753,2.1128879
49754,1.7424892
49755,1.3266692
49756,2.369218
49757,4.246258
49758,0.73308665
49759,1.6793226
49760,2.061834
49761,1.3926897
49762,1.7764392
49763,1.9701601
49764,1.2036865
49765,1.4366858
49766,0.8931996
49767,1.5973496
49768,3.9109418
49769,2.1937826
49770,4.432175
49771,1.9145359
49772,2.7038438
49773,0.6942682
49774,1.998437
49775,5.3561463
49776,0.70702505
49777,3.0747936
49778,2.6051977
49779,2.7407901
49780,1.5844951
49781,0.6452147
49782,3.2260993
49783,2.344146
49784,3.10813
49785,2.5084991
49786,1.3842002
49787,1.4697878
49788,2.9011018
49789,3.2721996
49790,4.2256517
49791,3.989252
49792,1.9388696
49793,4.7663465
49794,1.4957349
49795,4.8414035
49796,1.6082324
49797,2.2716758
49798,1.6122679
49799,2.9527185
49800,2.5157554
49801,1.9719341
49802,0.96466196
49803,1.5861317
49804,4.1990466
49805,1.3383342
49806,2.5911074
49807,3.7525187
49808,2.3594608
49809,4.959584
49810,0.79808694
49811,1.2524679
49812,4.715903
49813,3.2973995
49814,2.1577914
49815,1.1233226
49816,0.8617991
49817,3.489653
49818,2.2599444
49819,2.647322
49820,3.4959276
49821,4.2005825
49822,1.147839
49823,2.9091873
49824,1.8169019
49825,3.2386901
49826,0.65859
49827,2.015654
49828,2.1202757
49829,1.3627733
49830,0.9849924
49831,3.2906556
49832,4.3098016
49833,1.1009339
49834,0.7779557
49835,3.1517894
49836,0.66300774
49837,1.9676073
49838,1.2343793
49839,2.1617537
49840,2.181471
49841,1.7225745
49842,1.4894414
49843,1.390069
49844,1.4789361
49845,1.5859426
49846,3.0254588
49847,1.7141018
49848,1.3059075
49849,3.360502
49850,1.2858889
49851,2.43399
49852,2.1286783
49853,1.7901771
49854,1.7146754
49855,1.3319759
49856,2.096998
49857,0.73992944
49858,2.177134
49859,1.4665588
49860,1.1319036
49861,4.6078954
49862,2.2655425
49863,1.0930638
49864,3.013227
49865,1.1375265
49866,2.6783547
49867,4.5880694
49868,2.7441108
49869,2.7447345
49870,4.5955343
49871,1.4448943
49872,1.5471278
49873,1.6622721
49874,0.93823713
49875,0.70069325
49876,1.918293
49877,1.275161
49878,1.8676492
49879,0.89909244
49880,1.4450825
49881,1.5751796
49882,2.0966084
49883,1.4697806
49884,3.9676373
49885,1.1615169
49886,1.5553325
49887,2.554674
49888,2.8267398
49889,2.2345097
49890,1.1674211
49891,4.2910514
49892,2.5806792
49893,2.2501705
49894,2.3116539
49895,2.4872954
49896,2.2954752
49897,2.79607
49898,1.8781822
49899,0.95689154
49900,1.917903
49901,5.231709
49902,1.8364743
49903,2.4605873
49904,2.0309122
49905,2.4099894
49906,0.9405156
49907,3.572141
49908,2.1947567
49909,0.99140704
49910,1.2396652
49911,2.9419155
49912,2.0772643
49913,4.260035
49914,2.3395102
49915,2.9158561
49916,1.7007287
49917,1.4307474
49918,0.6346877
49919,1.9364711
49920,1.0898641
49921,3.0862544
49922,0.98125887
49923,1.5865843
49924,2.4911988
49925,3.6020231
49926,1.7650415
49927,1.9933602
49928,1.1874098
49929,1.406333
49930,3.675279
49931,1.978273
49932,1.6798875
49933,3.3874855
49934,1.627425
49935,2.706686
49936,3.947773
49937,1.2312617
49938,1.6195672
49939,0.6956115
49940,1.3706912
49941,1.5417594
49942,1.5199177
49943,1.9973729
49944,1.5621809
49945,2.10081
49946,2.177752
49947,1.5185288
49948,2.0533922
49949,1.7634841
49950,1.5675336
49951,1.7418629
49952,0.9015411
49953,0.7494805
49954,3.5138407
49955,1.8130386
49956,3.599021
49957,1.5605235
49958,0.7654187
49959,1.9476653
49960,1.7863289
49961,1.1100729
49962,2.7243106
49963,1.6900628
49964,1.8458483
49965,1.4984777
49966,2.194332
49967,0.67993563
49968,0.5519625
49969,3.6052372
49970,2.5894144
49971,1.207114
49972,0.8676218
49973,1.7980192
49974,3.9857774
49975,2.2340405
49976,2.0358305
49977,0.9366732
49978,1.7590079
49979,3.7696252
49980,1.1677351
49981,0.68119323
49982,2.0306435
49983,2.6591692
49984,1.4019394
49985,0.853008
49986,4.7813215
49987,2.1751864
49988,2.0369294
49989,1.9889275
49990,2.1145527
49991,1.8027693
49992,1.8913097
49993,1.9456058
49994,2.4606383
49995,2.4932504
49996,1.1805358
49997,2.630186
49998,1.9402355
49999,2.6354768
50000,1.9171629
50001,1.5274458
50002,4.411934
50003,3.4002528
50004,2.5652928
50005,1.835332
50006,2.2047281
50007,2.7001424
50008,4.9405947
50009,2.2398474
50010,1.1064235
50011,3.043829
50012,0.94151783
50013,2.0440562
50014,1.8713684
50015,2.1717412
50016,1.87706
50017,1.6069002
50018,0.99144477
50019,1.1692516
50020,0.7213821
50021,2.5466342
50022,0.92232776
50023,1.6633021
50024,4.3191547
50025,2.5138865
50026,1.0752668
50027,1.019182
50028,2.0060382
50029,1.2806965
50030,1.4057547
50031,0.8999236
50032,4.0498114
50033,1.5096817
50034,2.8464344
50035,4.8279924
50036,1.0262866
50037,1.4162974
50038,1.8568927
50039,1.8498297
50040,0.5314509
50041,2.9406955
50042,1.5943886
50043,2.0780146
50044,0.76078236
50045,2.6035523
50046,2.067878
50047,0.8515183
50048,1.7363712
50049,1.6275402
50050,1.1493909
50051,2.6679084
50052,1.1511927
50053,0.8729595
50054,2.7337544
50055,1.6401149
50056,2.2389164
50057,1.243403
50058,0.6977514
50059,1.1401476
50060,1.1527972
50061,1.4480412
50062,1.7606254
50063,1.4235704
50064,2.5227442
50065,2.6412914
50066,2.4195356
50067,3.1885421
50068,1.6961058
50069,1.7393879
50070,2.7755187
50071,2.2765725
50072,3.1557522
50073,2.5960162
50074,1.4815297
50075,2.7977343
50076,0.8762174
50077,1.7744622
50078,2.34558
50079,1.0621631
50080,1.7252659
50081,4.417304
50082,2.0894186
50083,0.82243085
50084,2.1019628
50085,1.1655924
50086,1.8317431
50087,1.6168418
50088,0.53361535
50089,1.4458423
50090,1.9388624
50091,3.6835485
50092,3.2093296
50093,1.5417137
50094,1.1291361
50095,1.2048575
50096,1.0087847
50097,1.3697996
50098,3.2813811
50099,1.2776016
50100,1.4582651
50101,2.2474718
50102,0.8386206
50103,4.177554
50104,1.6199372
50105,0.5775241
50106,1.7952961
50107,1.3672174
50108,0.91425973
50109,1.8033476
50110,2.1125724
50111,2.5301113
50112,1.4387978
50113,2.2746935
50114,0.66635334
50115,1.314977
50116,1.2590789
50117,1.143677
50118,0.69781476
50119,2.8627362
50120,2.3162627
50121,1.2925402
50122,1.8196268
50123,0.7232431
50124,0.7233776
50125,2.9992108
50126,2.8446176
50127,2.5067515
50128,1.5518941
50129,1.6864582
50130,3.8335052
50131,1.7351596
50132,0.97449
50133,1.3302984
50134,0.9188332
50135,2.5923982
50136,0.97498155
50137,2.3690867
50138,0.6191521
50139,1.3787906
50140,2.871315
50141,3.1442611
50142,1.3573953
50143,3.5984879
50144,2.2234688
50145,1.9517641
50146,2.5621374
50147,3.1020842
50148,1.3466868
50149,1.3308612
50150,1.6479548
50151,3.894189
50152,0.5792644
50153,2.7693994
50154,1.8084522
50155,1.9982563
50156,1.8296317
50157,0.77574366
50158,2.7517288
50159,1.1766374
50160,3.9435487
50161,0.71750283
50162,0.702179
50163,1.4379067
50164,1.5836812
50165,1.9189245
50166,0.9110086
50167,1.52072
50168,1.8877593
50169,1.4112083
50170,1.4684379
50171,3.052192
50172,1.0560403
50173,0.7049317
50174,1.1997749
50175,0.93371326
50176,3.8992345
50177,3.156751
50178,0.769066
50179,2.0732744
50180,1.8487308
50181,1.3595772
50182,2.9042656
50183,1.450407
50184,1.5826191
50185,1.9294661
50186,1.2021639
50187,1.8597623
50188,1.1427361
50189,1.4134156
50190,1.7452747
50191,0.68038315
50192,3.3799782
50193,1.7931392
50194,1.3803723
50195,1.3818468
50196,0.9019684
50197,2.0792599
50198,1.5815511
50199,1.8319756
50200,1.9524552
50201,2.2706945
50202,3.3212998
50203,1.9845043
50204,0.9911747
50205,0.8210399
50206,1.6209795
50207,2.7968194
50208,2.4207027
50209,2.2736964
50210,3.8811483
50211,2.4204376
50212,1.6056325
50213,3.2680674
50214,1.7298448
50215,3.442975
50216,1.4178525
50217,0.90312886
50218,1.2977
50219,1.3197674
50220,1.1683171
50221,0.77309686
50222,2.6203437
50223,1.938264
50224,0.8243197
50225,4.1178904
50226,3.9057949
50227,1.5344298
50228,1.7036073
50229,0.60731286
50230,2.1228535
50231,1.9572706
50232,1.6016077
50233,3.9038231
50234,2.2790785
50235,0.9645453
50236,1.361008
50237,1.7283673
50238,2.6108906
50239,5.087908
50240,3.8326337
50241,1.2400681
50242,2.3420906
50243,1.2015203
50244,1.7471323
50245,1.8457984
50246,1.3192829
50247,1.6459705
50248,1.7511609
50249,1.3387852
50250,1.7030249
50251,1.0871238
50252,1.2102791
50253,2.2512083
50254,2.004673
50255,4.4093685
50256,2.7817209
50257,1.8437142
50258,1.0196474
50259,3.0372791
50260,2.1806207
50261,3.2816744
50262,3.5854063
50263,2.3539488
50264,2.0341163
50265,2.998835
50266,4.512816
50267,0.76744956
50268,2.2952142
50269,3.2296004
50270,1.5652711
50271,2.4136064
50272,1.1293333
50273,2.7623541
50274,1.977188
50275,0.5731965
50276,2.7199652
50277,1.6725379
50278,1.6071726
50279,1.670374
50280,2.530562
50281,1.8682632
50282,1.3123348
50283,1.0406317
50284,0.8449238
50285,0.9330237
50286,2.8271918
50287,1.3995808
50288,0.9659501
50289,4.899006
50290,1.3606912
50291,2.8518653
50292,2.1438987
50293,2.3495724
50294,3.1788406
50295,1.0901142
50296,2.8056598
50297,3.7542605
50298,2.3922355
50299,0.7681384
50300,1.0462633
50301,4.222013
50302,4.4563046
50303,1.8087225
50304,3.026904
50305,1.5443006
50306,3.643798
50307,2.8706014
50308,1.8272153
50309,1.0782068
50310,0.79944646
50311,3.558159
50312,2.2233992
50313,0.780362
50314,2.4787889
50315,2.2985756
50316,0.92534333
50317,1.9111016
50318,2.0140812
50319,2.8422272
50320,5.206062
50321,4.0844045
50322,1.260633
50323,1.5737271
50324,2.4097674
50325,1.8377762
50326,2.9302108
50327,1.8700895
50328,1.4492171
50329,1.8210355
50330,1.3131479
50331,1.1584157
50332,2.9749534
50333,4.7533813
50334,2.704876
50335,1.5591209
50336,2.6497922
50337,1.0960451
50338,2.5878794
50339,2.2153
50340,4.403124
50341,1.1077
50342,2.8585384
50343,0.92667776
50344,1.9060057
50345,1.8817619
50346,2.6904044
50347,2.0025334
50348,1.9100155
50349,1.2859597
50350,1.0846058
50351,4.048572
50352,2.3161187
50353,1.2618772
50354,2.6275487
50355,0.9594364
50356,1.6023991
50357,2.8077753
50358,0.5715222
50359,2.1338344
50360,1.2506984
50361,0.7369825
50362,0.5987757
50363,2.0392268
50364,0.9938285
50365,1.3840437
50366,2.007381
50367,0.85262555
50368,2.2348423
50369,0.80989975
50370,1.3398136
50371,2.0484545
50372,1.8197759
50373,0.91795754
50374,1.6556284
50375,2.211512
50376,4.1943016
50377,1.9408102
50378,2.7835674
50379,0.7571562
50380,1.9331218
50381,1.1530999
50382,1.1461809
50383,2.4568539
50384,2.6667316
50385,1.6643124
50386,2.5834491
50387,1.3980824
50388,1.5384396
50389,0.8163543
50390,2.1214137
50391,1.0292609
50392,2.164075
50393,1.9910902
50394,2.938481
50395,2.506923
50396,1.338437
50397,1.7090386
50398,1.0038754
50399,1.1469526
50400,1.157321
50401,2.4312305
50402,1.1200399
50403,1.6092707
50404,0.53315
50405,1.813
50406,1.5992795
50407,2.8141031
50408,2.3859134
50409,2.5029018
50410,2.9295616
50411,1.3954865
50412,2.8508573
50413,2.8120332
50414,0.91839904
50415,3.2137706
50416,1.5496639
50417,1.2823395
50418,2.0498488
50419,1.4153528
50420,0.57655954
50421,1.2783794
50422,1.6689864
50423,4.7779007
50424,2.5248916
50425,2.8850856
50426,1.5873324
50427,0.4664134
50428,1.8310809
50429,2.6784956
50430,0.5395755
50431,0.5297404
50432,1.4474835
50433,3.1284359
50434,0.5690094
50435,1.5025718
50436,2.929384
50437,1.0747758
50438,0.9472659
50439,4.4001694
50440,1.147521
50441,2.1891613
50442,1.7573104
50443,1.5207042
50444,1.0473524
50445,4.6067967
50446,1.4899937
50447,1.5213791
50448,1.5237943
50449,1.1278636
50450,2.3746667
50451,2.6415615
50452,1.6896164
50453,1.0185933
50454,2.3285713
50455,2.8231196
50456,3.8244588
50457,3.584179
50458,2.2179768
50459,1.8793455
50460,2.634851
50461,2.2074296
50462,0.6495222
50463,2.2248106
50464,3.1452975
50465,1.5606163
50466,1.3377311
50467,1.0365336
50468,1.8946707
50469,3.0862923
50470,1.5012902
50471,1.5751778
50472,1.6509416
50473,2.005485
50474,2.0035455
50475,1.6839843
50476,1.4483943
50477,1.1322827
50478,2.194632
50479,3.3579724
50480,2.4138856
50481,2.0694377
50482,2.6439126
50483,1.2747589
50484,1.9003792
50485,1.1726145
50486,1.3240904
50487,0.9041253
50488,2.462265
50489,2.001542
50490,3.7671993
50491,1.9135603
50492,4.145004
50493,1.9650614
50494,0.63925344
50495,0.9168453
50496,1.7842971
50497,1.5450845
50498,1.8808221
50499,2.0257254
50500,2.3158042
50501,2.2315779
50502,0.88729006
50503,1.5302172
50504,3.3583152
50505,2.590693
50506,1.8718513
50507,0.6966146
50508,3.6470706
50509,1.6285344
50510,1.4241656
50511,2.7182448
50512,2.7200446
50513,3.516474
50514,0.9146445
50515,2.7193532
50516,1.0532353
50517,3.2057736
50518,1.9264386
50519,1.5611709
50520,2.3716788
50521,0.49176046
50522,3.450058
50523,1.2512889
50524,2.524338
50525,1.2866786
50526,3.7495327
50527,1.660427
50528,1.3903775
50529,1.3468686
50530,3.3936172
50531,1.0504562
50532,2.8305523
50533,3.268142
50534,3.6058025
50535,2.756949
50536,2.0541103
50537,2.1895006
50538,2.0402262
50539,4.138179
50540,2.1713247
50541,1.5851681
50542,1.4251636
50543,0.9829183
50544,1.5116463
50545,1.0082682
50546,1.8551261
50547,1.9308224
50548,3.242678
50549,2.7490783
50550,2.6708882
50551,2.124176
50552,1.2296861
50553,1.7505015
50554,0.9706741
50555,1.7958076
50556,2.1998723
50557,2.828164
50558,1.6292279
50559,5.3291135
50560,2.690492
50561,0.9674227
50562,2.8936808
50563,1.6356485
50564,2.0227873
50565,2.8438082
50566,1.8446678
50567,1.1383718
50568,2.1850924
50569,3.303416
50570,1.3077406
50571,3.7572196
50572,1.381852
50573,1.6046613
50574,2.4024072
50575,2.6747155
50576,2.0307364
50577,1.4758182
50578,1.5763512
50579,4.1130557
50580,2.0961359
50581,1.2981018
50582,1.683065
50583,3.3194172
50584,1.322141
50585,3.2564428
50586,2.035347
50587,0.4763077
50588,0.9959648
50589,1.0638894
50590,1.278583
50591,1.7958964
50592,0.9342788
50593,2.404966
50594,0.9503553
50595,2.5560925
50596,1.250837
50597,5.113877
50598,1.7150892
50599,3.0605323
50600,1.4791014
50601,2.175698
50602,2.012788
50603,2.4879148
50604,4.7625303
50605,1.8968453
50606,1.431688
50607,1.4888161
50608,2.156261
50609,1.4930489
50610,2.3534157
50611,0.6811412
50612,3.9630082
50613,2.1143742
50614,1.687431
50615,3.5045683
50616,2.9140825
50617,1.4484895
50618,2.0155215
50619,1.9411353
50620,1.2581217
50621,4.294916
50622,3.879271
50623,1.006917
50624,0.98633397
50625,1.695977
50626,1.7371407
50627,1.6300932
50628,2.1459842
50629,4.1455336
50630,3.0425146
50631,1.3452418
50632,1.0826335
50633,0.6830643
50634,1.8274902
50635,1.4257934
50636,1.3270279
50637,1.5693905
50638,4.0875945
50639,1.8144768
50640,2.088963
50641,1.0675855
50642,2.6514719
50643,2.6468153
50644,2.1786242
50645,2.6275866
50646,1.7208376
50647,2.1477125
50648,1.8202095
50649,3.9503245
50650,0.8954276
50651,2.3932176
50652,2.3203795
50653,1.1227368
50654,1.1968365
50655,0.50462365
50656,2.3029277
50657,1.5421066
50658,1.8851967
50659,1.6450834
50660,1.060585
50661,2.745837
50662,2.3667936
50663,3.2407703
50664,2.1972027
50665,4.045012
50666,2.5901444
50667,1.7384479
50668,1.6840314
50669,0.48432276
50670,2.2374268
50671,1.7093029
50672,0.7482931
50673,2.0273657
50674,0.95733887
50675,2.8399072
50676,2.2927182
50677,4.479351
50678,2.451656
50679,0.9072642
50680,2.4635885
50681,2.6254764
50682,4.1050205
50683,2.258607
50684,1.0107185
50685,1.6843557
50686,1.8622992
50687,1.2154739
50688,3.9983444
50689,3.1758406
50690,2.1771662
50691,1.1876293
50692,0.8918632
50693,1.9559648
50694,3.8986595
50695,1.2117885
50696,2.3757904
50697,2.1878211
50698,1.2229369
50699,3.1612868
50700,2.1007388
50701,1.7290043
50702,2.7923467
50703,3.9954233
50704,1.1127937
50705,1.5285871
50706,1.4908264
50707,2.9812353
50708,5.003926
50709,2.1249187
50710,1.809892
50711,1.5239807
50712,1.3980747
50713,0.7507528
50714,2.447326
50715,2.812085
50716,1.7212235
50717,0.94948786
50718,3.4229054
50719,1.2730768
50720,2.1876583
50721,2.097621
50722,0.9396484
50723,1.393773
50724,1.865073
50725,1.9161621
50726,3.1237705
50727,0.67137456
50728,3.5724866
50729,2.1122594
50730,0.8936765
50731,0.8701581
50732,1.9647202
50733,0.67090595
50734,2.0180783
50735,2.3624985
50736,4.132467
50737,2.491044
50738,2.4486516
50739,2.6503763
50740,1.676451
50741,2.8207214
50742,1.7944856
50743,2.3130991
50744,1.9609822
50745,0.71044713
50746,1.9199537
50747,1.1040277
50748,3.48985
50749,2.2784956
50750,2.2340405
50751,0.8260718
50752,1.6173854
50753,3.666154
50754,2.115604
50755,0.73878264
50756,1.3449185
50757,4.113098
50758,1.8981324
50759,2.34548
50760,1.3269116
50761,1.0234778
50762,1.6708269
50763,2.2415206
50764,1.6157361
50765,2.1397154
50766,1.8341933
50767,2.7373726
50768,0.95966893
50769,1.8228847
50770,5.11277
50771,1.1346651
50772,2.1931903
50773,3.7473433
50774,2.0511622
50775,1.4746966
50776,2.1672277
50777,3.491425
50778,1.3687785
50779,1.3568795
50780,3.658005
50781,0.9643588
50782,2.949497
50783,2.4261172
50784,3.172508
50785,1.459806
50786,2.384556
50787,4.0307837
50788,1.0633066
50789,3.0318289
50790,2.8564088
50791,1.5414838
50792,0.79322004
50793,1.7665851
50794,2.2215893
50795,2.8569055
50796,4.1456985
50797,1.6662482
50798,1.592992
50799,2.0668583
50800,2.11609
50801,2.3935814
50802,2.365734
50803,2.5952196
50804,4.159119
50805,0.54028
50806,1.1427722
50807,1.6713164
50808,1.4902714
50809,2.2739775
50810,2.6403456
50811,3.773743
50812,1.8021494
50813,2.093544
50814,0.783941
50815,3.4456277
50816,1.3995993
50817,2.285868
50818,1.992573
50819,1.6893253
50820,3.1557357
50821,1.2069973
50822,0.9391576
50823,1.6086073
50824,4.5926933
50825,2.622295
50826,1.0320033
50827,4.7261243
50828,1.0855205
50829,1.5781584
50830,0.7661203
50831,3.0747826
50832,2.2580361
50833,1.28014
50834,0.6654717
50835,2.7354524
50836,1.7401843
50837,2.577748
50838,1.6958302
50839,1.2880573
50840,1.2320783
50841,1.2376424
50842,0.8402508
50843,2.2715552
50844,0.91435856
50845,2.9815557
50846,3.5564585
50847,1.553214
50848,2.1784484
50849,1.8426814
50850,5.113815
50851,2.318342
50852,1.5543154
50853,3.9398904
50854,2.0767815
50855,5.127801
50856,1.7434396
50857,1.5884987
50858,1.5070727
50859,1.4365249
50860,1.2440577
50861,1.2112652
50862,4.2702556
50863,1.7422926
50864,1.8461207
50865,0.75280476
50866,0.8671074
50867,2.1334586
50868,2.4084284
50869,2.8192303
50870,5.174087
50871,3.5958664
50872,1.5956098
50873,1.3458751
50874,2.8379192
50875,2.3692696
50876,4.651331
50877,1.4768118
50878,3.4039462
50879,1.4138349
50880,3.2460606
50881,2.6368158
50882,4.215214
50883,2.0312188
50884,1.7973384
50885,2.713735
50886,1.3021121
50887,3.9163883
50888,0.91440326
50889,1.627777
50890,1.866373
50891,0.93883383
50892,2.386639
50893,1.8024977
50894,2.7069755
50895,2.587569
50896,3.795865
50897,2.202961
50898,2.2236397
50899,0.98621
50900,1.6833395
50901,1.2042209
50902,1.6602316
50903,3.153011
50904,1.110659
50905,1.9801258
50906,1.4043564
50907,2.7165976
50908,3.1891847
50909,1.398901
50910,1.0083232
50911,1.5880632
50912,2.144498
50913,3.4669516
50914,1.5808669
50915,2.1013384
50916,1.5478915
50917,2.1438265
50918,0.9711329
50919,1.3204789
50920,2.963676
50921,0.79912746
50922,0.91455007
50923,1.1068686
50924,1.3155547
50925,2.3629208
50926,1.5579429
50927,1.5597998
50928,4.8833027
50929,0.97615796
50930,3.200779
50931,2.0032566
50932,1.2448817
50933,1.6253369
50934,1.2674494
50935,2.3868377
50936,1.1532414
50937,1.4925534
50938,2.6560593
50939,0.66935456
50940,2.8976915
50941,4.713975
50942,2.3265593
50943,2.4448795
50944,0.95276254
50945,4.5371194
50946,2.8257945
50947,1.7294353
50948,1.9593344
50949,1.4529806
50950,3.0044596
50951,2.648281
50952,1.5316375
50953,3.067008
50954,1.982814
50955,1.3593315
50956,0.5633998
50957,0.49357247
50958,1.929011
50959,2.1216843
50960,3.8062322
50961,2.067745
50962,1.5741585
50963,3.7579107
50964,4.0841813
50965,1.8117865
50966,0.7444713
50967,2.1127698
50968,1.6080067
50969,2.0172412
50970,3.8474844
50971,1.0307451
50972,1.2788635
50973,1.6442542
50974,1.2352686
50975,2.215509
50976,1.766666
50977,1.0668521
50978,2.6796896
50979,0.80237484
50980,1.7286204
50981,1.5607862
50982,2.5190613
50983,1.3139566
50984,1.1580987
50985,1.2909278
50986,1.360226
50987,3.5565498
50988,1.3960193
50989,0.8610969
50990,1.9213171
50991,4.6575837
50992,1.5686413
50993,1.7309955
50994,4.416579
50995,2.28022
50996,0.66019064
50997,1.469374
50998,2.1187236
50999,3.2912312
51000,2.7179086
51001,1.918718
51002,0.7236889
51003,3.260022
51004,1.145145
51005,2.1470451
51006,1.7655795
51007,1.1429179
51008,1.2027465
51009,2.4225526
51010,2.1789954
51011,2.417255
51012,1.4215285
51013,2.359692
51014,3.405982
51015,1.2224126
51016,0.7253179
51017,2.3587313
51018,1.3026927
51019,3.669283
51020,2.5063446
51021,2.2695131
51022,2.3595245
51023,1.7052144
51024,3.2665954
51025,2.176854
51026,0.9294758
51027,5.0442758
51028,1.2445402
51029,1.0071814
51030,1.7607203
51031,1.3371301
51032,3.6298518
51033,4.5444365
51034,1.9385371
51035,2.0910232
51036,0.74667937
51037,1.3149436
51038,1.762553
51039,1.3544315
51040,1.1308076
51041,1.3248931
51042,1.1564361
51043,3.8420205
51044,1.1170872
51045,1.5674865
51046,0.9401727
51047,3.181784
51048,1.7547059
51049,2.0363538
51050,2.7606218
51051,1.4750386
51052,3.3000917
51053,1.0664984
51054,2.2235036
51055,1.212326
51056,1.1077111
51057,0.77198076
51058,1.2436804
51059,1.0830939
51060,1.9015274
51061,3.7029538
51062,1.8692803
51063,2.6824288
51064,1.1756186
51065,2.775816
51066,1.6882459
51067,2.3429759
51068,1.2810163
51069,1.0209545
51070,1.1869626
51071,0.917616
51072,1.4058601
51073,2.5631807
51074,1.5510612
51075,3.514071
51076,0.6227739
51077,1.8127172
51078,1.4924715
51079,1.209335
51080,2.0751672
51081,2.0190406
51082,1.3937266
51083,0.8174367
51084,1.6897017
51085,1.9694246
51086,0.8672544
51087,2.2227685
51088,1.4763775
51089,1.9337608
51090,0.80974203
51091,1.9002852
51092,1.9500761
51093,0.97018486
51094,3.291366
51095,3.205464
51096,1.4546541
51097,2.1831439
51098,3.8816807
51099,1.17069
51100,1.9598157
51101,1.7247323
51102,2.2322812
51103,2.417775
51104,1.6439844
51105,2.413293
51106,1.6426231
51107,4.696913
51108,0.788564
51109,1.1542714
51110,1.4623188
51111,2.3004413
51112,3.2118914
51113,3.969916
51114,1.3632464
51115,3.0487115
51116,1.3735294
51117,2.162969
51118,1.6054244
51119,1.2537153
51120,0.7603048
51121,0.7555094
51122,1.722758
51123,4.4060583
51124,1.5653818
51125,3.4443228
51126,1.4960735
51127,2.9983146
51128,2.372446
51129,2.587939
51130,1.6062986
51131,1.6268361
51132,0.7514598
51133,2.161308
51134,0.87790555
51135,2.1168678
51136,2.0102196
51137,4.2300267
51138,1.7273362
51139,1.8168408
51140,1.8423241
51141,1.3651407
51142,1.7656335
51143,1.3947599
51144,1.6045913
51145,1.8926922
51146,1.4685274
51147,2.825181
51148,1.9948565
51149,2.0901182
51150,1.2614435
51151,1.3654792
51152,1.8173894
51153,4.285672
51154,1.3999631
51155,1.640241
51156,1.6600016
51157,1.9473428
51158,2.0189643
51159,4.5807986
51160,1.3477755
51161,1.1476493
51162,1.1882372
51163,4.7165327
51164,0.69692147
51165,1.5261772
51166,1.6128782
51167,0.7003543
51168,2.310283
51169,4.281533
51170,2.66363
51171,1.2640594
51172,1.6416677
51173,0.6669135
51174,2.5343013
51175,3.3946006
51176,2.9800112
51177,1.3344746
51178,1.4847987
51179,1.6689703
51180,2.2012649
51181,1.0083958
51182,2.1406872
51183,1.622214
51184,3.5250304
51185,0.68708384
51186,1.1230768
51187,1.426655
51188,3.351369
51189,0.9599692
51190,1.919267
51191,1.0660038
51192,3.2207286
51193,3.538087
51194,1.5817672
51195,1.9297962
51196,2.5598738
51197,1.6674412
51198,1.762487
51199,4.4892187
51200,1.1582077
51201,3.1968873
51202,1.8199944
51203,2.6371377
51204,2.6271157
51205,2.9088995
51206,1.371183
51207,2.2080157
51208,0.5814955
51209,1.6673602
51210,1.4128873
51211,2.1758313
51212,2.2506354
51213,0.86745644
51214,4.521209
51215,1.199648
51216,2.7318087
51217,3.1805284
51218,2.1071477
51219,2.944582
51220,1.6750102
51221,3.279491
51222,3.4519577
51223,0.7022185
51224,1.6797345
51225,3.5114174
51226,0.917225
51227,1.2257758
51228,0.5635975
51229,2.2144668
51230,0.9866753
51231,0.86161524
51232,2.1617408
51233,1.4955823
51234,3.2217424
51235,3.7855628
51236,3.1388326
51237,1.8472464
51238,1.9589796
51239,3.235711
51240,2.2152581
51241,3.3090572
51242,2.5886838
51243,1.464434
51244,2.601492
51245,1.5449102
51246,2.6647897
51247,1.4762845
51248,1.5981262
51249,1.0849574
51250,0.5427236
51251,0.66327024
51252,1.198503
51253,2.3230722
51254,1.359911
51255,1.319617
51256,1.5794806
51257,1.480249
51258,4.9295244
51259,1.5007385
51260,3.1439278
51261,1.3834292
51262,1.736398
51263,2.7546365
51264,2.747281
51265,1.1314534
51266,2.2288225
51267,0.8632655
51268,2.091843
51269,3.0765803
51270,4.521425
51271,1.740075
51272,4.896352
51273,2.5635738
51274,1.846595
51275,1.0801532
51276,1.7731115
51277,1.5380411
51278,0.72868484
51279,3.1952627
51280,1.5190651
51281,3.9087467
51282,1.4361466
51283,3.1117766
51284,0.92120016
51285,2.1149411
51286,2.2025156
51287,2.7643926
51288,2.6798282
51289,1.5216799
51290,1.1893038
51291,2.4277797
51292,1.430562
51293,4.1037407
51294,1.187744
51295,3.144629
51296,2.1232533
51297,1.227027
51298,0.9609762
51299,1.8656542
51300,0.84741014
51301,1.3726635
51302,2.256184
51303,3.082648
51304,1.4662911
51305,1.5483335
51306,1.6048571
51307,2.3606431
51308,1.2640582
51309,3.3123617
51310,2.8901126
51311,0.75934577
51312,1.6540447
51313,1.3063903
51314,1.9171684
51315,3.8041048
51316,0.81689006
51317,1.0129343
51318,2.988717
51319,1.7234077
51320,1.7745801
51321,2.3344193
51322,2.0516136
51323,1.8379136
51324,1.6927147
51325,1.1632323
51326,1.5188859
51327,2.1436183
51328,1.1334438
51329,2.3539696
51330,3.1185257
51331,2.719343
51332,4.173044
51333,0.73035055
51334,2.3627129
51335,2.9768245
51336,0.79374
51337,1.27326
51338,1.4921012
51339,0.9691974
51340,0.7530757
51341,1.089357
51342,1.7009773
51343,4.4865546
51344,2.7128267
51345,3.649027
51346,1.0474069
51347,1.8317076
51348,2.2504594
51349,3.1799588
51350,0.707071
51351,0.87738824
51352,2.3137903
51353,2.8276813
51354,1.1750053
51355,0.9133735
51356,3.372147
51357,1.6272112
51358,2.8575776
51359,1.553792
51360,4.3385124
51361,2.3120964
51362,1.3952713
51363,1.0069839
51364,1.9590725
51365,1.2262565
51366,2.358061
51367,3.539839
51368,3.0981574
51369,1.9989374
51370,2.0638433
51371,2.4338334
51372,2.6531744
51373,1.6250014
51374,0.9380658
51375,1.2331933
51376,1.5268887
51377,3.4242084
51378,0.8627421
51379,1.8420141
51380,3.2866142
51381,0.62626433
51382,1.2839396
51383,1.6361583
51384,2.697407
51385,1.4934093
51386,1.2242527
51387,1.7566557
51388,3.5143974
51389,1.5139444
51390,1.9544508
51391,2.0865679
51392,2.1463063
51393,3.7058306
51394,2.5440722
51395,4.955435
51396,0.85057646
51397,1.0303612
51398,3.1194437
51399,3.1056542
51400,1.5513017
51401,1.8247973
51402,1.3683066
51403,1.5741271
51404,1.5783085
51405,1.313422
51406,1.9126383
51407,2.512585
51408,1.2254188
51409,2.4460027
51410,1.3264474
51411,1.3294754
51412,0.9772841
51413,2.2380369
51414,1.3895379
51415,1.6305985
51416,2.491572
51417,1.3098305
51418,2.2925084
51419,0.75469583
51420,2.7453032
51421,4.6319566
51422,2.483377
51423,3.7764943
51424,2.0970893
51425,1.2958854
51426,2.51687
51427,3.6438262
51428,2.2856462
51429,1.1004356
51430,1.8339438
51431,2.6776655
51432,3.8805692
51433,1.49554
51434,2.5229342
51435,3.8858025
51436,1.4339007
51437,2.1651278
51438,1.8078734
51439,2.0601413
51440,1.0563488
51441,3.7794316
51442,1.9281946
51443,1.5544226
51444,2.9212003
51445,3.129172
51446,1.5135078
51447,1.7887146
51448,1.3136872
51449,0.9803006
51450,1.528148
51451,1.315464
51452,2.8907168
51453,0.8831447
51454,1.6585419
51455,1.4559857
51456,2.6064043
51457,0.4606865
51458,1.2668282
51459,3.9834232
51460,1.9013993
51461,1.976672
51462,3.4925063
51463,1.8712975
51464,2.627223
51465,1.7166414
51466,1.5967956
51467,2.0676105
51468,1.6474172
51469,1.1895639
51470,2.9258404
51471,4.519155
51472,2.5745823
51473,2.134749
51474,2.3074083
51475,1.7855703
51476,3.3369093
51477,1.0367856
51478,1.2501231
51479,3.645507
51480,4.1559453
51481,1.5592035
51482,2.4510121
51483,1.1369457
51484,1.8473939
51485,3.140037
51486,1.8531476
51487,0.64967805
51488,0.9539795
51489,0.82276535
51490,1.3492383
51491,1.4980189
51492,3.0349364
51493,0.8163174
51494,0.8416577
51495,1.7127205
51496,2.0978417
51497,1.5108774
51498,3.1112485
51499,2.690606
51500,1.2554667
51501,0.788169
51502,1.5373012
51503,2.2585118
51504,3.7465284
51505,1.8952291
51506,2.4900506
51507,1.8881372
51508,2.261868
51509,4.1454678
51510,1.3433436
51511,3.3956172
51512,2.5519948
51513,0.8333814
51514,1.9373993
51515,0.9576571
51516,2.5726678
51517,0.72150505
51518,1.4140968
51519,0.96769494
51520,1.0878112
51521,1.9692914
51522,2.447334
51523,1.2221272
51524,0.9611849
51525,1.070385
51526,1.4190333
51527,2.8830905
51528,1.3884577
51529,2.3671446
51530,2.9053924
51531,1.7623671
51532,2.000269
51533,1.8958464
51534,2.8936868
51535,2.7413554
51536,1.5213706
51537,2.3533807
51538,0.9340369
51539,0.7085758
51540,0.9906643
51541,3.1657212
51542,2.5104442
51543,0.8461951
51544,1.8013083
51545,1.7312723
51546,1.5374162
51547,2.6768942
51548,1.354299
51549,2.5627258
51550,2.2383873
51551,1.469126
51552,2.2611818
51553,1.374788
51554,1.2406931
51555,1.7084966
51556,2.4487712
51557,3.80856
51558,2.160099
51559,0.63557833
51560,2.6602342
51561,3.0335112
51562,1.4053098
51563,1.1930208
51564,3.0422606
51565,1.0944067
51566,1.0427544
51567,0.9964885
51568,1.5300224
51569,3.9316218
51570,2.6745906
51571,0.8937536
51572,0.9583773
51573,0.95325124
51574,0.99387926
51575,1.7404631
51576,1.8189288
51577,4.1847577
51578,2.48113
51579,1.7779408
51580,2.0991662
51581,1.9823738
51582,1.4061997
51583,2.4222312
51584,1.9415178
51585,1.9591414
51586,3.5148544
51587,2.0481594
51588,3.5487268
51589,4.2472816
51590,2.7541683
51591,1.5668113
51592,1.5556824
51593,2.944632
51594,2.135277
51595,1.7118728
51596,3.342121
51597,2.944322
51598,1.9867885
51599,0.959148
51600,1.8827158
51601,2.4426544
51602,0.82389367
51603,2.8257225
51604,2.0436099
51605,3.5013623
51606,3.6030457
51607,2.6642761
51608,4.330537
51609,2.3911648
51610,0.62420654
51611,4.791555
51612,3.9455721
51613,2.6676009
51614,0.9784072
51615,1.6777569
51616,2.2079852
51617,0.688529
51618,1.7425581
51619,3.4086921
51620,1.8051316
51621,1.7703003
51622,1.767266
51623,1.4102942
51624,0.5125054
51625,1.23027
51626,0.83310205
51627,1.9929563
51628,3.2552965
51629,1.3491821
51630,2.116008
51631,3.2989037
51632,1.4604033
51633,1.6081632
51634,1.5793244
51635,2.1375654
51636,1.2840132
51637,2.2330112
51638,1.9819704
51639,0.8779759
51640,1.6285006
51641,2.4667056
51642,1.0794051
51643,2.3818552
51644,2.8223648
51645,1.633064
51646,1.5532826
51647,2.1196563
51648,3.4871767
51649,2.4418757
51650,5.4060493
51651,1.3480387
51652,1.2299888
51653,2.3697927
51654,1.0103233
51655,2.3655922
51656,3.9160037
51657,3.4585872
51658,3.506814
51659,2.2549484
51660,1.202356
51661,0.83424133
51662,2.8521502
51663,2.185888
51664,1.00906
51665,1.7759184
51666,2.3447447
51667,1.2637604
51668,1.793261
51669,1.3019803
51670,3.3647416
51671,2.0445857
51672,0.7109657
51673,1.1053028
51674,1.7822721
51675,2.4281244
51676,2.0466506
51677,1.221915
51678,1.0420766
51679,1.0487769
51680,0.74575543
51681,0.6409108
51682,1.2431451
51683,1.6936433
51684,1.3950195
51685,1.7259234
51686,2.0725904
51687,4.3541665
51688,4.071481
51689,3.8944793
51690,1.7855362
51691,2.063399
51692,0.7746217
51693,0.4326677
51694,1.764814
51695,2.4222023
51696,3.3879898
51697,3.0914981
51698,1.261378
51699,1.053278
51700,1.3588437
51701,1.8638682
51702,1.5400894
51703,2.2099214
51704,1.0925446
51705,2.3045423
51706,0.5037902
51707,3.5537345
51708,3.7062802
51709,1.11038
51710,2.1130602
51711,2.8702843
51712,1.834877
51713,3.8571358
51714,1.8949947
51715,2.189272
51716,3.0037918
51717,3.0202441
51718,4.051947
51719,3.066552
51720,1.1271111
51721,1.5164332
51722,2.1514707
51723,2.6084003
51724,2.3025992
51725,3.7656558
51726,2.1302428
51727,1.5366145
51728,1.8588197
51729,2.4059997
51730,1.797877
51731,2.5677397
51732,3.536368
51733,4.648645
51734,3.5589314
51735,1.1930194
51736,1.32717
51737,1.6440256
51738,3.9577641
51739,2.80797
51740,1.1791074
51741,3.5086908
51742,1.3346264
51743,2.3993356
51744,1.0105264
51745,1.9843847
51746,4.8266845
51747,1.6842932
51748,1.2027702
51749,2.910991
51750,2.0733335
51751,2.7753153
51752,1.5783808
51753,1.8169051
51754,1.5219274
51755,0.84112436
51756,1.3760458
51757,2.5087392
51758,0.6153672
51759,1.0630816
51760,3.0140188
51761,2.792142
51762,2.264464
51763,1.5820382
51764,2.79338
51765,1.6066837
51766,1.6665932
51767,1.2732552
51768,1.6996897
51769,2.5186565
51770,2.1676779
51771,2.476626
51772,1.4559498
51773,1.9247915
51774,1.6303129
51775,1.660939
51776,1.4831263
51777,2.8674774
51778,2.92955
51779,1.011205
51780,1.2925459
51781,2.3120646
51782,4.6316795
51783,0.81654274
51784,2.4670918
51785,1.2406429
51786,3.1127532
51787,1.8768916
51788,4.209181
51789,1.6833601
51790,0.9439821
51791,3.364798
51792,2.275122
51793,3.1386878
51794,2.6610901
51795,1.7047242
51796,2.4401526
51797,2.599459
51798,0.70654124
51799,1.6637526
51800,0.81299937
51801,2.4377422
51802,1.3949445
51803,1.2330436
51804,3.2789934
51805,1.0210632
51806,1.7082288
51807,1.3188831
51808,2.5188498
51809,1.9294072
51810,0.66206634
51811,1.7273269
51812,1.8322132
51813,3.1606898
51814,2.7459989
51815,3.7362206
51816,1.6546853
51817,3.3504214
51818,4.018472
51819,1.3143402
51820,1.796754
51821,2.4195023
51822,2.064963
51823,2.0252657
51824,1.8641615
51825,1.097234
51826,2.4027197
51827,0.921867
51828,0.859973
51829,2.6732213
51830,2.658128
51831,3.280353
51832,0.63163215
51833,2.0624478
51834,1.0758463
51835,1.6740489
51836,2.1971366
51837,2.9991443
51838,1.6140294
51839,1.6036232
51840,1.9039704
51841,0.65144295
51842,4.4350624
51843,1.6079946
51844,2.778628
51845,3.3297145
51846,1.2073741
51847,3.5854206
51848,1.8179474
51849,2.3864439
51850,2.2911413
51851,3.6045282
51852,2.6121602
51853,2.1259122
51854,1.8919375
51855,1.8410071
51856,0.7414357
51857,1.2305986
51858,4.6429653
51859,0.65747803
51860,3.5163188
51861,2.803846
51862,2.4834633
51863,2.8588758
51864,2.9319565
51865,0.89383066
51866,1.8702478
51867,2.2466254
51868,4.617912
51869,2.338206
51870,1.3774474
51871,2.594874
51872,0.8362719
51873,0.8925435
51874,3.6735208
51875,1.6528707
51876,2.2192955
51877,3.636411
51878,2.3610964
51879,0.8925314
51880,2.605151
51881,1.7077869
51882,2.4939973
51883,4.974867
51884,1.3446494
51885,3.6192236
51886,1.5394083
51887,1.0994575
51888,2.0056806
51889,0.67817247
51890,4.313692
51891,2.6815724
51892,1.0947294
51893,2.0114164
51894,1.3911759
51895,3.7193048
51896,2.1188273
51897,2.670752
51898,0.78599644
51899,3.8907025
51900,1.3178495
51901,1.5433929
51902,0.95772487
51903,1.4467695
51904,1.246902
51905,1.4085183
51906,2.1328068
51907,1.3320171
51908,1.9763081
51909,2.1365373
51910,1.9581487
51911,2.3940566
51912,3.203501
51913,1.8548493
51914,2.0713315
51915,1.9689515
51916,1.6979928
51917,1.5077913
51918,3.4448974
51919,0.99499524
51920,4.7626433
51921,0.7906677
51922,1.5412437
51923,1.7366102
51924,0.82137614
51925,1.750059
51926,0.8399625
51927,1.9924319
51928,1.8441299
51929,1.3296568
51930,1.5312377
51931,1.3283472
51932,1.8949742
51933,1.5081998
51934,1.5060383
51935,1.4984734
51936,3.448689
51937,1.5100312
51938,1.4086221
51939,3.736075
51940,2.727863
51941,1.5066322
51942,3.4688506
51943,1.426275
51944,3.682017
51945,0.7302451
51946,0.66043365
51947,2.1662078
51948,1.1549172
51949,2.074517
51950,0.96000755
51951,0.92008984
51952,2.23168
51953,3.8319714
51954,1.8696347
51955,0.7066816
51956,1.5332973
51957,1.7307793
51958,1.2013326
51959,2.5163996
51960,1.1659776
51961,2.0178213
51962,1.7317374
51963,1.2949086
51964,1.4031401
51965,2.6927528
51966,1.3330795
51967,0.8024311
51968,2.584637
51969,1.6727359
51970,0.9581615
51971,4.8499627
51972,1.251543
51973,0.85943913
51974,2.567664
51975,2.0717041
51976,2.1017795
51977,2.8134725
51978,0.73387367
51979,3.1276038
51980,1.5188328
51981,2.815299
51982,1.6423044
51983,1.6681849
51984,2.7525916
51985,1.9953853
51986,0.95189416
51987,0.76700854
51988,3.8660793
51989,0.47509181
51990,1.489161
51991,1.4106604
51992,1.605228
51993,2.823864
51994,1.2028147
51995,0.4712386
51996,2.9276078
51997,2.5894306
51998,1.9287779
51999,1.1987449
52000,1.0202124
52001,2.010239
52002,4.364191
52003,4.257836
52004,1.0396769
52005,1.9197288
52006,1.2053708
52007,2.0720646
52008,2.9334583
52009,1.6432952
52010,2.397618
52011,2.4139957
52012,0.8829565
52013,0.9885169
52014,2.6415055
52015,0.72170615
52016,1.7915057
52017,2.8479517
52018,1.6894296
52019,1.863245
52020,2.3354447
52021,2.1614213
52022,1.6047041
52023,1.6843948
52024,2.8315454
52025,2.4327972
52026,2.643178
52027,1.618088
52028,1.2255104
52029,0.92121565
52030,2.0935094
52031,3.7033648
52032,3.7438753
52033,1.9878957
52034,2.137383
52035,3.3984804
52036,1.7142242
52037,1.0352143
52038,1.6223553
52039,3.2448819
52040,0.66001004
52041,3.0194926
52042,3.5561504
52043,1.3496125
52044,1.0407505
52045,3.371354
52046,1.7685268
52047,1.5842365
52048,4.0913467
52049,1.4412171
52050,1.0296378
52051,3.155335
52052,2.1099713
52053,2.065862
52054,3.138127
52055,1.0857298
52056,2.1714067
52057,1.524877
52058,2.1032286
52059,3.3552768
52060,2.3033128
52061,1.0549027
52062,1.149217
52063,1.0867972
52064,2.7390196
52065,3.7876127
52066,1.4210016
52067,2.173206
52068,1.2860485
52069,0.8347644
52070,1.1515286
52071,1.9224129
52072,2.391472
52073,3.52316
52074,1.440759
52075,1.0916834
52076,0.66683316
52077,1.7544849
52078,2.1200178
52079,1.3367314
52080,1.4743127
52081,0.83238316
52082,2.3240929
52083,1.5387225
52084,2.5687754
52085,4.0082026
52086,1.4882455
52087,0.7924236
52088,1.1198047
52089,2.210812
52090,3.0908895
52091,1.1821615
52092,2.2964678
52093,0.7571544
52094,1.8827869
52095,2.272797
52096,2.2636476
52097,1.8302332
52098,2.027033
52099,0.5948607
52100,1.9607786
52101,2.6649172
52102,2.0105991
52103,1.3922676
52104,1.978595
52105,2.1411185
52106,1.4087956
52107,2.1318147
52108,1.3805028
52109,2.9011686
52110,2.204476
52111,3.08618
52112,1.726483
52113,4.227026
52114,1.8257654
52115,1.3225967
52116,1.1939317
52117,1.6763374
52118,1.6973531
52119,1.0706332
52120,4.5429387
52121,1.2987196
52122,2.6811113
52123,0.61853147
52124,2.4436297
52125,2.4979117
52126,1.7579724
52127,1.9364305
52128,2.2363615
52129,2.1082008
52130,2.358569
52131,3.6886222
52132,3.0654857
52133,0.87566334
52134,2.7714648
52135,1.4806143
52136,1.9233216
52137,1.6256479
52138,3.367155
52139,3.40949
52140,2.7198489
52141,3.532643
52142,1.382067
52143,0.93838376
52144,1.2827052
52145,2.5008898
52146,1.7027394
52147,0.68988246
52148,1.8290788
52149,4.379662
52150,1.6837453
52151,2.0343823
52152,3.7154274
52153,1.5356014
52154,1.3480392
52155,1.6985022
52156,2.084551
52157,2.105519
52158,3.9785283
52159,2.2936244
52160,3.8269827
52161,3.1423318
52162,2.3451328
52163,1.3414184
52164,3.4086912
52165,1.5075117
52166,0.79223424
52167,2.2929466
52168,4.155546
52169,2.8180249
52170,0.8296562
52171,2.0560973
52172,1.8885697
52173,2.368189
52174,0.691103
52175,1.2398708
52176,1.8954705
52177,1.3118432
52178,2.4896727
52179,0.8528864
52180,1.587321
52181,1.0997764
52182,0.928589
52183,1.8627689
52184,2.0990374
52185,1.4784672
52186,1.6738193
52187,4.578192
52188,1.0433409
52189,1.4636108
52190,1.3877434
52191,1.2668178
52192,2.933741
52193,1.3044405
52194,0.73336643
52195,1.577569
52196,1.4356309
52197,3.5455117
52198,2.0833716
52199,3.9283636
52200,0.82342345
52201,0.8854913
52202,3.1882436
52203,1.6696091
52204,1.0459754
52205,1.5517607
52206,4.974795
52207,2.0050583
52208,0.6470918
52209,2.0990748
52210,1.4143642
52211,0.7211209
52212,1.1661928
52213,1.7457858
52214,3.518653
52215,1.5798157
52216,1.048434
52217,0.9877358
52218,3.5391226
52219,1.7762302
52220,1.1596152
52221,0.7599594
52222,1.3158555
52223,1.6995825
52224,1.1006436
52225,3.2025723
52226,0.88657475
52227,0.62581545
52228,1.3970978
52229,0.72022116
52230,1.2975537
52231,1.1764032
52232,2.1044421
52233,2.166558
52234,2.3266041
52235,1.4934453
52236,1.5122283
52237,2.127663
52238,2.727137
52239,2.8281329
52240,1.4595084
52241,1.1177582
52242,1.3403392
52243,1.8172312
52244,0.96803164
52245,3.6781168
52246,1.8465314
52247,3.467353
52248,1.8346323
52249,1.8619056
52250,1.8369031
52251,4.6417174
52252,3.4440048
52253,2.1347635
52254,0.8061613
52255,2.6332846
52256,1.1014165
52257,1.7671517
52258,0.75517344
52259,1.4472284
52260,4.560135
52261,2.5046856
52262,1.2198557
52263,2.9143114
52264,0.953789
52265,1.780351
52266,1.6738783
52267,0.94462055
52268,2.0545897
52269,1.6140939
52270,1.7073499
52271,2.9257817
52272,3.5855677
52273,1.1040981
52274,3.7281907
52275,1.4754245
52276,1.5208122
52277,0.9188288
52278,1.4470767
52279,2.3855298
52280,1.86991
52281,2.0281336
52282,2.792533
52283,1.4009297
52284,0.9155944
52285,2.2722948
52286,1.3703576
52287,2.079444
52288,3.3855085
52289,1.3648089
52290,2.000878
52291,3.2208316
52292,3.635299
52293,2.8274
52294,1.6181735
52295,1.4773647
52296,2.4431453
52297,1.8815497
52298,3.4355226
52299,4.5112863
52300,0.91842514
52301,1.3917807
52302,1.3616309
52303,0.9517777
52304,2.0670254
52305,1.0326259
52306,0.81773126
52307,1.8463185
52308,1.0243242
52309,2.2398338
52310,1.0549614
52311,2.7633555
52312,2.8395472
52313,0.53066206
52314,1.9507842
52315,2.3007782
52316,1.6486212
52317,1.6751804
52318,1.3984329
52319,1.6977289
52320,3.0006874
52321,2.8861117
52322,1.046665
52323,3.6014004
52324,3.5018587
52325,0.7319955
52326,1.8034477
52327,0.5120391
52328,1.711877
52329,2.4162216
52330,3.360644
52331,2.9366581
52332,1.4366401
52333,1.5035747
52334,1.8472385
52335,1.574484
52336,0.9979699
52337,3.757136
52338,0.5129049
52339,1.7939739
52340,2.91687
52341,1.9510704
52342,1.3990577
52343,0.91393405
52344,2.05961
52345,2.2420828
52346,0.7142507
52347,0.7182166
52348,1.6264431
52349,1.6059726
52350,1.1190143
52351,3.3368335
52352,1.4936876
52353,3.6948984
52354,1.8248049
52355,3.7730463
52356,2.3394723
52357,3.3454726
52358,2.6840613
52359,1.4762319
52360,1.3263791
52361,0.49726805
52362,1.6976241
52363,0.88338614
52364,2.9219217
52365,1.9650497
52366,2.066209
52367,2.366159
52368,3.0858777
52369,2.2177908
52370,1.4739379
52371,0.9855762
52372,1.762457
52373,1.6144916
52374,2.1391025
52375,3.8141167
52376,0.57023424
52377,1.9170002
52378,5.0079317
52379,1.4590349
52380,1.8825405
52381,0.93996894
52382,4.2880044
52383,1.0077122
52384,2.860437
52385,0.86211866
52386,0.9430882
52387,1.2678212
52388,3.793014
52389,0.72124237
52390,2.8028564
52391,3.8971634
52392,4.784441
52393,2.0191734
52394,1.810499
52395,2.5133166
52396,1.5720575
52397,2.1223938
52398,2.4451635
52399,2.6795616
52400,2.9676464
52401,1.3509903
52402,0.8580088
52403,2.252752
52404,3.021464
52405,1.7493789
52406,2.1701167
52407,0.9192198
52408,5.007028
52409,2.0935366
52410,1.9534469
52411,1.0272961
52412,3.209995
52413,2.5366747
52414,2.0236025
52415,0.9417938
52416,2.5293612
52417,1.1805916
52418,2.273726
52419,0.77832896
52420,4.7894897
52421,2.4644024
52422,2.0840409
52423,2.5765355
52424,1.9663174
52425,3.204045
52426,3.569449
52427,2.4484756
52428,1.9538336
52429,3.1152194
52430,1.976359
52431,1.6465389
52432,4.102166
52433,1.1698539
52434,1.1514294
52435,1.4333291
52436,2.0105727
52437,2.464076
52438,1.8466774
52439,2.8483214
52440,0.7185079
52441,1.5534679
52442,1.598988
52443,2.6400378
52444,2.650958
52445,2.4371774
52446,2.792716
52447,1.976628
52448,1.1912742
52449,2.4233081
52450,3.4772604
52451,2.3721013
52452,4.7559
52453,1.8841393
52454,1.3440815
52455,3.0755403
52456,1.3328097
52457,1.4764326
52458,1.3353534
52459,1.316181
52460,1.6879169
52461,1.8163713
52462,3.6440444
52463,3.0572143
52464,0.72375655
52465,1.94679
52466,2.9590447
52467,1.7647077
52468,2.2772877
52469,2.1521523
52470,1.9724815
52471,4.8603344
52472,3.592269
52473,1.4983902
52474,2.4511335
52475,1.1069155
52476,1.2377197
52477,2.1877189
52478,2.9387803
52479,0.88160455
52480,0.929811
52481,1.9715018
52482,0.9387606
52483,0.88666016
52484,2.2632
52485,0.94443464
52486,2.0043797
52487,3.6162179
52488,2.427706
52489,1.0531695
52490,2.55537
52491,1.5041859
52492,2.8795378
52493,0.6661392
52494,1.0321397
52495,2.2438629
52496,0.9872116
52497,0.8784145
52498,2.4662082
52499,1.9701185
52500,1.6207674
52501,0.9749198
52502,3.262932
52503,4.8128905
52504,0.54732996
52505,1.8327374
52506,3.0441837
52507,2.4558623
52508,2.2418954
52509,0.8500654
52510,3.730203
52511,3.716565
52512,4.385654
52513,1.101154
52514,0.9670228
52515,2.4595098
52516,1.7131665
52517,2.0343978
52518,1.0597229
52519,2.2333286
52520,2.5398898
52521,1.3696053
52522,2.4196303
52523,2.747795
52524,1.3835539
52525,1.7098827
52526,1.2571582
52527,0.84172964
52528,2.5706863
52529,1.2686399
52530,2.2803085
52531,2.3808196
52532,1.8907138
52533,2.2426078
52534,1.4713768
52535,3.3160784
52536,2.199955
52537,2.360533
52538,1.0062199
52539,4.0036817
52540,1.7586184
52541,2.4589767
52542,1.0839958
52543,3.56976
52544,1.7103034
52545,1.425087
52546,1.4933131
52547,1.2030313
52548,4.4532094
52549,1.9565154
52550,1.7252423
52551,3.4575305
52552,2.1474845
52553,2.4207652
52554,0.7881678
52555,3.1232338
52556,4.3702116
52557,2.59616
52558,2.8359768
52559,2.2771437
52560,1.7768717
52561,2.4746213
52562,2.4473264
52563,4.239749
52564,1.4457749
52565,2.4783711
52566,1.4221448
52567,1.7572494
52568,2.083926
52569,1.7167399
52570,2.362605
52571,1.448045
52572,1.7502373
52573,2.5338502
52574,3.5628474
52575,1.2338257
52576,1.9273497
52577,2.1000748
52578,4.6671777
52579,2.9004233
52580,0.97085166
52581,2.0498753
52582,1.9672296
52583,1.6456732
52584,1.9325798
52585,0.86777353
52586,1.2056544
52587,0.7657831
52588,1.6988891
52589,4.542198
52590,1.554659
52591,2.415791
52592,1.8446513
52593,2.0759041
52594,3.704661
52595,2.1754024
52596,1.8067642
52597,2.243358
52598,1.9938817
52599,0.82924795
52600,2.031671
52601,1.4466487
52602,1.2767705
52603,0.8293805
52604,3.4657278
52605,1.8412497
52606,0.67553806
52607,2.5014439
52608,3.2845209
52609,1.3347615
52610,0.95557934
52611,1.9828174
52612,2.5332694
52613,3.5879095
52614,2.306917
52615,2.3826854
52616,1.1152277
52617,2.5279462
52618,1.9994489
52619,1.8334113
52620,1.7721314
52621,1.7859471
52622,1.7484621
52623,0.9686003
52624,3.116671
52625,2.770156
52626,2.407535
52627,1.3181801
52628,1.7024515
52629,1.2837995
52630,1.096631
52631,4.9528008
52632,4.410595
52633,2.046432
52634,1.1573658
52635,2.0545187
52636,2.199454
52637,4.058966
52638,2.3661847
52639,1.0507096
52640,0.72517186
52641,1.9522254
52642,1.63078
52643,1.4249324
52644,1.1927632
52645,1.4634255
52646,1.6283582
52647,2.2838695
52648,2.6442623
52649,1.460467
52650,1.0788565
52651,0.8856103
52652,2.7509434
52653,3.2308257
52654,1.515393
52655,0.8645962
52656,3.071403
52657,5.0827293
52658,1.7257918
52659,1.9958322
52660,1.8625927
52661,1.689783
52662,1.953061
52663,2.5184867
52664,0.83620244
52665,1.5016413
52666,1.8703487
52667,1.9454423
52668,1.8738043
52669,2.078684
52670,3.4604077
52671,1.9921803
52672,0.9713941
52673,1.9881502
52674,3.9481397
52675,4.5774355
52676,1.2714201
52677,4.342026
52678,2.9872768
52679,4.789451
52680,0.99350184
52681,1.6491879
52682,3.2669628
52683,2.5757678
52684,0.83676535
52685,2.4557512
52686,1.9929559
52687,1.3295693
52688,3.1943626
52689,1.6555932
52690,1.5288923
52691,0.6957794
52692,1.8192343
52693,2.08294
52694,1.3182344
52695,1.7665704
52696,1.1246823
52697,1.3013943
52698,1.0725378
52699,1.2138788
52700,2.1154194
52701,1.9415667
52702,3.035772
52703,4.264557
52704,1.1141927
52705,1.5694382
52706,1.8530961
52707,1.955789
52708,1.7442573
52709,2.4855933
52710,1.911311
52711,0.9013038
52712,1.3623832
52713,0.7179748
52714,1.8466661
52715,2.7227936
52716,1.7916799
52717,2.620635
52718,4.9101458
52719,1.7940925
52720,1.6151232
52721,2.164419
52722,3.1929908
52723,1.4330634
52724,1.4417198
52725,1.5147724
52726,1.7679138
52727,1.3672768
52728,2.8453162
52729,1.9184602
52730,2.7773077
52731,1.2545413
52732,1.1844897
52733,4.6250663
52734,1.9480698
52735,2.3415504
52736,3.516147
52737,2.0312424
52738,3.0119216
52739,1.2152286
52740,1.6703997
52741,4.9688444
52742,3.1223905
52743,3.5269938
52744,5.127073
52745,1.250538
52746,0.87874156
52747,1.4707005
52748,3.275843
52749,1.832843
52750,2.4110634
52751,0.8984578
52752,2.0420923
52753,1.6823509
52754,1.809116
52755,1.1939774
52756,1.9208151
52757,1.495482
52758,4.8015075
52759,1.0505983
52760,3.148934
52761,1.3304372
52762,1.709627
52763,2.581573
52764,0.9096977
52765,1.3022679
52766,1.0335811
52767,1.2452912
52768,1.8610198
52769,1.6693486
52770,0.78767765
52771,2.385208
52772,2.6867747
52773,0.59332544
52774,1.389696
52775,2.5285609
52776,1.028127
52777,2.7407053
52778,1.8982635
52779,2.554798
52780,3.4757655
52781,0.68612117
52782,2.83758
52783,2.278418
52784,1.5751959
52785,1.5087805
52786,1.8009251
52787,3.4313688
52788,2.3062987
52789,0.97417676
52790,3.3993373
52791,1.9905099
52792,1.5887058
52793,0.9586303
52794,1.9565637
52795,3.019584
52796,1.8164222
52797,2.3848772
52798,1.0429479
52799,2.7608097
52800,0.48896602
52801,2.9755468
52802,3.69474
52803,3.6762261
52804,0.6151142
52805,3.1609888
52806,1.0993228
52807,2.328681
52808,0.75863284
52809,1.6373464
52810,1.6588277
52811,2.32811
52812,1.3739429
52813,0.9904556
52814,0.96492726
52815,1.32624
52816,2.2148194
52817,1.8194774
52818,1.4040873
52819,2.6723485
52820,0.8000702
52821,2.9950593
52822,1.8684185
52823,2.6139226
52824,1.4526201
52825,1.1046547
52826,0.8330279
52827,0.87618715
52828,2.638226
52829,1.6113851
52830,3.627908
52831,1.8160442
52832,0.9726301
52833,4.9768586
52834,2.0891335
52835,1.603038
52836,0.67682254
52837,2.687777
52838,1.2236768
52839,1.819951
52840,2.572439
52841,1.1467259
52842,0.5217676
52843,2.5018048
52844,1.3099949
52845,2.0543401
52846,2.7576041
52847,2.4414573
52848,3.3239424
52849,1.5972893
52850,1.0977833
52851,2.4502063
52852,0.6579559
52853,2.2919729
52854,1.8628422
52855,3.7370546
52856,2.7669842
52857,1.5048053
52858,1.578613
52859,2.1743097
52860,1.3813528
52861,1.891736
52862,1.0828079
52863,0.59686846
52864,1.3742802
52865,4.4546766
52866,1.7209576
52867,2.0442996
52868,1.9770406
52869,3.014182
52870,1.1288463
52871,4.3365335
52872,2.2006962
52873,2.339351
52874,0.8297204
52875,1.540519
52876,0.96297836
52877,1.5945768
52878,1.3922548
52879,0.8573084
52880,1.0395555
52881,1.3057711
52882,2.625978
52883,0.9716776
52884,2.0994694
52885,2.7851923
52886,1.0452409
52887,2.6350386
52888,1.1682727
52889,2.008477
52890,2.1461327
52891,2.2933397
52892,1.0072855
52893,1.1799397
52894,1.7894198
52895,1.7418517
52896,2.9091213
52897,0.56965536
52898,1.4703442
52899,1.497157
52900,0.7315251
52901,2.1402347
52902,1.6216302
52903,1.2010381
52904,1.9749593
52905,1.5253346
52906,3.593357
52907,0.92103916
52908,1.4525287
52909,1.1523993
52910,2.6587474
52911,1.6414359
52912,4.720443
52913,1.396516
52914,1.2783986
52915,1.7751826
52916,0.9065957
52917,3.8333771
52918,1.8983384
52919,1.8803202
52920,1.5985744
52921,2.7712445
52922,1.3987082
52923,2.3011553
52924,1.4584315
52925,2.0177479
52926,2.986592
52927,2.6260734
52928,1.3999022
52929,1.4512486
52930,1.784137
52931,0.66430324
52932,3.6720464
52933,1.268866
52934,1.8663218
52935,2.1367493
52936,2.9777799
52937,1.0216831
52938,2.1720202
52939,1.3154919
52940,1.1589355
52941,1.9640957
52942,2.398613
52943,1.9468311
52944,1.4668845
52945,3.0954838
52946,1.0227191
52947,1.3219185
52948,1.6916658
52949,1.3161865
52950,2.8401814
52951,2.4679785
52952,0.8893517
52953,4.676515
52954,2.138201
52955,2.7445624
52956,3.7120736
52957,1.0752968
52958,0.9169904
52959,2.8331008
52960,4.7869387
52961,1.7144186
52962,2.9948525
52963,1.387545
52964,4.468823
52965,2.847986
52966,1.72246
52967,2.2044518
52968,1.7953441
52969,1.3631759
52970,2.2864547
52971,1.3829708
52972,1.3661249
52973,0.6748388
52974,1.3029987
52975,2.8746917
52976,4.0286107
52977,5.0299473
52978,2.077452
52979,2.4257689
52980,1.2111439
52981,1.9025398
52982,1.2521049
52983,1.5827452
52984,1.0519991
52985,1.8482915
52986,2.7251961
52987,0.9733387
52988,3.6978261
52989,1.1609362
52990,2.0426455
52991,1.3184446
52992,3.0199404
52993,1.6901544
52994,2.9330368
52995,1.1094354
52996,1.4782777
52997,1.4131681
52998,2.4140277
52999,2.1995575
53000,3.522092
53001,1.3942448
53002,1.2742683
53003,1.0117508
53004,1.1126733
53005,1.5517699
53006,0.9025714
53007,3.3559856
53008,2.255295
53009,1.8983548
53010,1.6654546
53011,1.7986202
53012,1.2886708
53013,2.3166804
53014,0.8330322
53015,2.4761848
53016,1.3643299
53017,1.7984569
53018,1.8204705
53019,2.7077892
53020,4.2693667
53021,3.192864
53022,2.6361806
53023,1.3393726
53024,3.6024566
53025,2.0138528
53026,1.2177424
53027,2.717934
53028,5.0387874
53029,2.7567918
53030,4.5184507
53031,3.2072382
53032,1.5104637
53033,5.083691
53034,0.88169795
53035,0.95088893
53036,0.81906015
53037,2.3478398
53038,1.3451672
53039,2.642857
53040,1.365854
53041,2.9225972
53042,3.4398663
53043,2.687211
53044,3.3654287
53045,1.2975271
53046,1.4611773
53047,2.541886
53048,2.9567785
53049,1.8701715
53050,1.6724811
53051,1.8835967
53052,3.0073903
53053,2.7551289
53054,2.7997506
53055,1.5359594
53056,2.0600986
53057,1.8929107
53058,3.3043847
53059,1.1735377
53060,2.0218322
53061,2.668025
53062,1.6311657
53063,1.1400799
53064,1.1079737
53065,3.8175416
53066,2.488191
53067,2.058914
53068,1.731248
53069,0.745172
53070,1.6410018
53071,1.0478886
53072,2.8800886
53073,0.59429216
53074,2.244994
53075,3.1330807
53076,2.5465267
53077,2.0211413
53078,2.4547243
53079,1.8639842
53080,3.128927
53081,0.90649337
53082,2.5749204
53083,1.2742602
53084,3.9126852
53085,4.455643
53086,2.1314943
53087,3.3222938
53088,2.853082
53089,0.65576434
53090,0.9518134
53091,1.0476642
53092,0.5940959
53093,2.6964877
53094,3.1166027
53095,1.7267542
53096,0.86636895
53097,1.9117999
53098,3.5092952
53099,1.5803168
53100,0.9033066
53101,1.7966199
53102,2.794057
53103,1.841575
53104,1.5110141
53105,1.2706136
53106,2.959411
53107,1.2749321
53108,2.036333
53109,1.6326463
53110,0.9596203
53111,2.4536269
53112,1.6250416
53113,1.602345
53114,3.7760012
53115,2.9510741
53116,1.5836701
53117,1.9969927
53118,1.3980352
53119,2.312165
53120,2.9933846
53121,2.149296
53122,3.1266546
53123,4.326266
53124,1.3219793
53125,1.4498602
53126,2.428278
53127,0.8439876
53128,3.1915145
53129,2.3066769
53130,2.1685815
53131,1.9756593
53132,2.1389143
53133,3.488841
53134,1.9258132
53135,2.54552
53136,0.6589904
53137,2.0778828
53138,4.096351
53139,1.647405
53140,1.8417016
53141,1.6603734
53142,2.8027818
53143,1.5323234
53144,3.2778795
53145,2.1839678
53146,1.5041642
53147,1.4244881
53148,2.1315837
53149,2.1750352
53150,2.083502
53151,1.549295
53152,1.8964348
53153,1.4324317
53154,2.4257975
53155,1.259662
53156,2.1189432
53157,1.6468716
53158,0.7596544
53159,3.2262008
53160,1.4582168
53161,2.7708094
53162,2.614591
53163,0.9635283
53164,2.0315392
53165,0.5076105
53166,1.8689059
53167,1.9983375
53168,0.6064676
53169,2.7743797
53170,1.8464203
53171,4.6251197
53172,3.711298
53173,1.9101965
53174,1.3701148
53175,1.0579455
53176,1.0427467
53177,0.96359414
53178,2.06452
53179,1.5588517
53180,1.7013817
53181,1.8028008
53182,2.2974453
53183,0.9441899
53184,2.6345282
53185,2.6377516
53186,0.7609283
53187,1.74644
53188,2.3719342
53189,0.83105475
53190,2.773551
53191,0.92947614
53192,1.3762783
53193,1.2845658
53194,2.0064676
53195,3.2620163
53196,1.0885445
53197,1.1321616
53198,3.9284403
53199,2.9210033
53200,0.80667984
53201,0.8044219
53202,1.5280352
53203,4.209044
53204,3.097648
53205,2.480083
53206,3.77369
53207,0.98172915
53208,2.1468315
53209,2.9727738
53210,1.9200493
53211,2.9500227
53212,1.0159794
53213,1.6881212
53214,1.2684164
53215,1.6334919
53216,1.083435
53217,1.6892596
53218,2.5953262
53219,2.6156528
53220,1.4203295
53221,3.761703
53222,2.9016564
53223,1.1142664
53224,1.5691813
53225,3.1200278
53226,0.9311416
53227,3.0964813
53228,0.8560956
53229,2.720593
53230,3.3226616
53231,2.7729902
53232,0.7278585
53233,0.97129726
53234,0.577722
53235,2.3520887
53236,0.63666064
53237,1.7916186
53238,0.8117465
53239,2.7870734
53240,1.2739203
53241,2.6396213
53242,3.1757846
53243,1.2278458
53244,1.09964
53245,2.5358903
53246,0.6827609
53247,1.6253173
53248,0.7824875
53249,1.7144111
53250,3.7587724
53251,1.1440768
53252,4.85725
53253,1.9608058
53254,1.4918978
53255,2.6634843
53256,0.97615236
53257,1.1745346
53258,4.322864
53259,0.94216245
53260,2.3849883
53261,1.7407924
53262,1.5146068
53263,1.2637384
53264,1.4030263
53265,2.1929545
53266,0.823578
53267,1.9562436
53268,2.2282488
53269,3.715787
53270,1.8704457
53271,1.1010368
53272,1.5961403
53273,1.5699072
53274,2.4227564
53275,2.779938
53276,1.4317477
53277,3.5654016
53278,2.9578824
53279,0.843634
53280,1.2423846
53281,1.4175061
53282,2.2701578
53283,1.5003786
53284,2.1925728
53285,0.6942081
53286,3.6005735
53287,1.0584581
53288,2.9688318
53289,2.1777186
53290,1.2488377
53291,2.6223083
53292,4.725534
53293,2.0160613
53294,1.7054949
53295,3.2177923
53296,3.0467303
53297,1.5135006
53298,4.8799033
53299,2.4105937
53300,1.1022124
53301,4.0774465
53302,1.5606034
53303,1.8847759
53304,1.4189721
53305,4.5776787
53306,2.659659
53307,4.270632
53308,1.9397358
53309,1.38491
53310,4.294476
53311,2.2596812
53312,2.8859537
53313,1.5620214
53314,1.5867523
53315,3.1454973
53316,2.2959747
53317,1.0129058
53318,2.5117104
53319,2.5873573
53320,2.151207
53321,2.044769
53322,2.3095796
53323,2.5947614
53324,2.211355
53325,1.2620817
53326,1.4815692
53327,2.5203283
53328,4.9606113
53329,0.9810724
53330,2.2347138
53331,1.6057556
53332,1.5025254
53333,2.3273158
53334,3.4748766
53335,0.54001206
53336,2.0028763
53337,1.9657514
53338,2.202021
53339,1.381048
53340,0.9285862
53341,1.7276376
53342,2.5049498
53343,2.0804186
53344,1.6095417
53345,2.696738
53346,1.4453423
53347,4.7658324
53348,1.9650767
53349,1.7814528
53350,1.6334215
53351,2.687723
53352,2.244289
53353,2.2514453
53354,2.075361
53355,1.9589504
53356,1.7340266
53357,3.423249
53358,2.6241593
53359,0.7109038
53360,2.030134
53361,1.161561
53362,2.4456973
53363,1.95019
53364,0.81088173
53365,1.0092849
53366,2.5516975
53367,1.1061656
53368,2.7362509
53369,1.6042349
53370,0.9800305
53371,1.441256
53372,2.1092217
53373,1.8357518
53374,2.2509642
53375,1.0972747
53376,3.1104462
53377,1.6585029
53378,2.7127936
53379,1.8268752
53380,3.06706
53381,3.8036504
53382,1.7288616
53383,0.8743506
53384,1.1363443
53385,2.265149
53386,1.5300192
53387,1.8681369
53388,3.4156625
53389,2.0860028
53390,2.372736
53391,2.3015
53392,0.8150489
53393,1.3853756
53394,4.365498
53395,2.0259397
53396,3.576763
53397,1.641206
53398,2.061593
53399,3.3933063
53400,1.3194423
53401,0.5985852
53402,1.2459103
53403,2.3972
53404,2.551503
53405,3.6580582
53406,3.0334706
53407,3.591912
53408,3.1852229
53409,1.1481538
53410,1.0652385
53411,2.8541522
53412,1.8147357
53413,2.131186
53414,3.5912457
53415,3.224576
53416,0.7361048
53417,1.1903297
53418,1.6172112
53419,0.96286184
53420,2.2394733
53421,1.6126678
53422,0.69375926
53423,0.8894548
53424,1.478648
53425,1.302424
53426,2.5989573
53427,1.6699394
53428,2.2377815
53429,2.8269598
53430,0.966201
53431,0.5538746
53432,2.576961
53433,2.0807037
53434,2.2308216
53435,2.4509368
53436,1.0815251
53437,3.2477236
53438,2.2179964
53439,4.368247
53440,0.9612969
53441,1.2762396
53442,2.9446447
53443,1.5036682
53444,3.2857907
53445,3.4770956
53446,2.8197825
53447,1.0275531
53448,2.0523942
53449,4.6267004
53450,1.2436538
53451,1.4086044
53452,2.7560627
53453,2.4315479
53454,1.3322698
53455,1.0763993
53456,3.603969
53457,1.7736529
53458,3.50263
53459,1.1808157
53460,2.0289273
53461,1.6533781
53462,1.6569378
53463,1.4201157
53464,1.7342095
53465,3.3574166
53466,2.6742506
53467,3.5995922
53468,3.4679387
53469,1.4238393
53470,1.6673595
53471,3.0502255
53472,3.205838
53473,0.6741208
53474,3.5941114
53475,1.6685123
53476,2.1523025
53477,2.5945418
53478,1.7288647
53479,2.498046
53480,3.5232253
53481,0.6868916
53482,0.9596688
53483,1.4172285
53484,1.2955587
53485,2.0225759
53486,1.6936461
53487,1.3349189
53488,1.6244063
53489,3.0201967
53490,2.858964
53491,2.3716369
53492,2.3376696
53493,1.1898646
53494,3.568917
53495,2.9312935
53496,2.326029
53497,0.5199264
53498,4.8408585
53499,1.7405837
53500,1.1321833
53501,1.5593811
53502,1.3478732
53503,3.4984264
53504,4.9941154
53505,1.6288375
53506,2.734135
53507,1.5811325
53508,1.5293295
53509,2.9425163
53510,0.7979362
53511,1.6280371
53512,1.1947111
53513,1.6659496
53514,3.7625082
53515,2.3141117
53516,2.152963
53517,1.4033109
53518,1.4534205
53519,1.2232828
53520,1.611698
53521,0.5703536
53522,1.7720935
53523,1.7104229
53524,2.0115695
53525,1.5986388
53526,2.2885354
53527,2.578529
53528,1.6018544
53529,2.5267346
53530,1.1656204
53531,2.5070834
53532,3.706713
53533,3.886468
53534,2.3301826
53535,3.668189
53536,3.3488655
53537,0.5980466
53538,1.3568256
53539,1.3269173
53540,2.3845348
53541,1.2183163
53542,0.70336163
53543,0.59494627
53544,1.5432255
53545,1.6377219
53546,2.4149935
53547,2.915955
53548,2.4541168
53549,1.9877641
53550,1.3285304
53551,0.97928864
53552,3.1783752
53553,0.771366
53554,2.874542
53555,1.978214
53556,1.3446407
53557,1.7316376
53558,2.4411337
53559,3.4285493
53560,1.1173551
53561,1.8749248
53562,3.605664
53563,3.0567865
53564,3.5288827
53565,0.75712794
53566,1.088838
53567,0.71411866
53568,1.1285397
53569,2.3517423
53570,3.1715648
53571,1.8936797
53572,1.7476373
53573,2.5670567
53574,1.1335735
53575,1.2251633
53576,1.8107569
53577,1.4251808
53578,1.0424304
53579,1.6171011
53580,0.6028377
53581,1.0047619
53582,1.7534637
53583,1.2692131
53584,0.80098903
53585,4.065859
53586,1.352022
53587,1.0527115
53588,3.0759542
53589,2.8670816
53590,2.2044582
53591,1.1192374
53592,1.7294796
53593,1.1102706
53594,1.8142619
53595,2.773467
53596,1.2127638
53597,1.733175
53598,1.919211
53599,3.8473136
53600,3.0313091
53601,5.1575913
53602,1.5291092
53603,1.1951896
53604,1.5031804
53605,1.5211816
53606,2.4413383
53607,2.7532396
53608,1.8500853
53609,3.5321934
53610,0.87236524
53611,4.215084
53612,3.541657
53613,3.3070107
53614,4.157184
53615,2.112554
53616,2.447572
53617,1.6226964
53618,3.4061716
53619,1.3269378
53620,4.748979
53621,4.580836
53622,3.002467
53623,2.0462549
53624,3.1138003
53625,1.8812675
53626,3.309778
53627,3.5986161
53628,1.3817312
53629,1.8860306
53630,1.7553104
53631,1.3558956
53632,2.3127599
53633,1.3233515
53634,0.7374265
53635,2.6112142
53636,3.3204627
53637,2.2100909
53638,4.8966317
53639,1.7591361
53640,3.5877037
53641,0.5325005
53642,1.7309142
53643,2.3101728
53644,2.6301367
53645,2.3170207
53646,0.8552861
53647,3.249113
53648,1.4748255
53649,2.2007694
53650,4.644395
53651,0.69223636
53652,2.1982677
53653,2.7124994
53654,2.1585653
53655,2.9939902
53656,0.94412667
53657,1.8559066
53658,0.733943
53659,2.600924
53660,1.1044991
53661,2.2021217
53662,1.5046797
53663,2.7052708
53664,3.0654106
53665,2.1547105
53666,2.2402496
53667,1.8484739
53668,0.9104667
53669,1.9953245
53670,3.5599515
53671,4.408505
53672,2.955862
53673,1.1185147
53674,3.579933
53675,1.9838895
53676,2.6230416
53677,2.1642275
53678,1.8922454
53679,2.4500024
53680,2.9223769
53681,3.493456
53682,3.2818062
53683,1.4819927
53684,1.025101
53685,0.944491
53686,1.3087746
53687,1.9858766
53688,1.884394
53689,1.3671416
53690,2.1686435
53691,2.1193435
53692,1.9927769
53693,1.1825587
53694,1.3628665
53695,0.6347098
53696,0.9143912
53697,2.905604
53698,4.2518945
53699,1.945171
53700,0.5627238
53701,2.9311333
53702,3.115684
53703,1.7953646
53704,2.1607554
53705,1.585541
53706,1.5081093
53707,2.0055177
53708,1.1079823
53709,1.7203957
53710,2.1133347
53711,1.322857
53712,2.336268
53713,2.5283213
53714,1.2297955
53715,3.23138
53716,3.1944125
53717,2.7315342
53718,1.9809003
53719,3.5910542
53720,1.5895827
53721,1.4930687
53722,0.78225636
53723,2.2080061
53724,0.73450094
53725,2.3620276
53726,2.5434198
53727,1.0038599
53728,1.5367075
53729,2.2306607
53730,4.3013206
53731,1.2742304
53732,3.1069841
53733,0.5686517
53734,1.8701781
53735,2.560258
53736,3.0328915
53737,1.2305223
53738,0.6688974
53739,2.4984102
53740,1.0912734
53741,2.430791
53742,1.2852094
53743,3.6603196
53744,3.1480522
53745,1.7898452
53746,2.468048
53747,1.6869802
53748,1.3877188
53749,0.69790983
53750,1.4480526
53751,2.5731428
53752,1.6767176
53753,2.6630945
53754,2.560617
53755,1.0054576
53756,0.7729232
53757,3.4092212
53758,3.4779167
53759,2.966141
53760,2.1700742
53761,4.10579
53762,3.4290967
53763,3.393321
53764,3.2760403
53765,1.9159423
53766,2.1975083
53767,2.27049
53768,2.166372
53769,1.0459893
53770,1.4947852
53771,5.2239823
53772,1.2476797
53773,3.157454
53774,1.0670786
53775,2.0966523
53776,2.3144274
53777,1.9018205
53778,1.5112019
53779,1.9676523
53780,1.7865076
53781,4.202874
53782,1.1694165
53783,3.7416031
53784,1.3676808
53785,1.115371
53786,1.9768589
53787,2.9978485
53788,1.7326953
53789,0.907691
53790,2.0060742
53791,3.7311184
53792,1.8009744
53793,3.234073
53794,1.4222761
53795,1.3968784
53796,2.9808362
53797,1.7021788
53798,3.1138191
53799,0.6007911
53800,2.2547705
53801,1.6382422
53802,2.6506965
53803,4.001571
53804,2.358073
53805,3.2316737
53806,1.2057847
53807,2.810892
53808,2.7400436
53809,1.7281172
53810,3.5222187
53811,2.2822943
53812,2.5785198
53813,2.605784
53814,2.1405993
53815,1.8665451
53816,1.9084653
53817,4.836572
53818,4.6719174
53819,2.4350414
53820,2.2597618
53821,1.6932925
53822,3.5396087
53823,2.2203662
53824,1.1339695
53825,1.9037993
53826,1.6118677
53827,1.9677876
53828,1.8215773
53829,0.96766245
53830,0.98995274
53831,2.933135
53832,2.2118206
53833,1.7454739
53834,2.3136683
53835,0.96644866
53836,4.4610577
53837,2.224491
53838,0.68037564
53839,2.2438803
53840,1.4162904
53841,1.9309638
53842,2.352557
53843,1.6534948
53844,2.325292
53845,1.6894165
53846,0.78096735
53847,1.9250168
53848,3.3887417
53849,2.4102507
53850,1.4572617
53851,2.1785734
53852,1.907308
53853,2.0459654
53854,2.1253078
53855,2.473646
53856,1.1518347
53857,2.1795197
53858,1.5915039
53859,2.8050787
53860,0.7295598
53861,1.3646321
53862,4.9516907
53863,5.0843987
53864,1.2702842
53865,1.7370116
53866,1.0317775
53867,1.2461275
53868,2.088743
53869,0.79847336
53870,0.6395838
53871,3.6398933
53872,3.007431
53873,1.5450107
53874,1.1843382
53875,2.680212
53876,1.38094
53877,2.4406765
53878,4.842268
53879,4.2790213
53880,1.1512201
53881,1.9004366
53882,2.2692587
53883,1.9286869
53884,1.2810949
53885,4.0932937
53886,0.77933276
53887,1.0463426
53888,0.95055354
53889,1.7146142
53890,0.8035513
53891,1.0611014
53892,2.3082178
53893,0.9272376
53894,3.657915
53895,1.5672799
53896,0.8725749
53897,1.8898879
53898,0.8754229
53899,0.92077667
53900,0.98980886
53901,2.1906874
53902,1.089756
53903,0.94973713
53904,2.413768
53905,1.4801105
53906,2.1720653
53907,2.2156723
53908,0.5385891
53909,2.2251782
53910,2.8016
53911,1.2299969
53912,1.4023356
53913,2.3898606
53914,3.7597263
53915,2.6703038
53916,0.6764118
53917,1.5991149
53918,0.88798016
53919,1.5387975
53920,1.6336552
53921,1.7809387
53922,1.2698319
53923,1.5443667
53924,2.8756092
53925,1.9256319
53926,1.896337
53927,2.356043
53928,1.7709807
53929,0.86298347
53930,4.047033
53931,1.5579795
53932,1.6297998
53933,2.4918847
53934,1.5493358
53935,0.6785882
53936,3.204076
53937,0.8963264
53938,1.6975752
53939,1.604037
53940,2.5352535
53941,1.7222207
53942,3.2819328
53943,1.4151489
53944,2.2550824
53945,1.6565908
53946,1.7394454
53947,1.8226033
53948,4.517958
53949,0.9440908
53950,1.906637
53951,2.715547
53952,1.9355191
53953,2.1138787
53954,2.8718038
53955,2.8412097
53956,3.6374018
53957,1.4094639
53958,2.3786247
53959,2.4046152
53960,1.3812047
53961,4.2574954
53962,0.98282766
53963,2.1283886
53964,0.7505908
53965,4.577911
53966,1.9025997
53967,2.0537004
53968,1.7571299
53969,1.2425671
53970,2.2628944
53971,0.47336274
53972,1.2341777
53973,0.97149
53974,2.3051016
53975,1.9220731
53976,2.415821
53977,4.093687
53978,4.634791
53979,2.511014
53980,1.3307467
53981,1.0873821
53982,2.6613705
53983,1.0829905
53984,2.5610669
53985,1.6909131
53986,1.6717417
53987,1.5566244
53988,0.9505147
53989,2.0840805
53990,2.7718515
53991,2.202291
53992,3.9352844
53993,3.0142772
53994,1.4912322
53995,3.0278802
53996,0.608159
53997,2.3752503
53998,2.4497583
53999,3.2256188
54000,1.6846098
54001,1.6807078
54002,2.0408845
54003,1.1266199
54004,2.3124409
54005,0.58266807
54006,1.4469541
54007,1.9617898
54008,2.5546405
54009,1.264233
54010,1.380466
54011,1.0343939
54012,1.4634471
54013,2.4759145
54014,2.4930856
54015,1.6137133
54016,1.979452
54017,3.6828125
54018,3.042449
54019,1.9530427
54020,1.2280282
54021,1.7698165
54022,1.2689965
54023,0.96941745
54024,1.5162413
54025,2.3224354
54026,0.7917175
54027,2.488684
54028,5.0040493
54029,4.0030446
54030,2.222593
54031,1.7600968
54032,0.6772916
54033,1.6009876
54034,2.39753
54035,1.7161262
54036,1.7177446
54037,2.4275749
54038,0.84299237
54039,1.7953864
54040,1.0518547
54041,1.2228177
54042,1.5094057
54043,2.2513602
54044,1.1269952
54045,1.0315918
54046,2.571543
54047,2.7195904
54048,1.735447
54049,1.6911712
54050,1.9413341
54051,2.9479828
54052,0.7734906
54053,2.7090867
54054,1.6872376
54055,1.3825231
54056,2.0383246
54057,3.153491
54058,1.0184429
54059,1.2973272
54060,2.143052
54061,0.537629
54062,2.545341
54063,2.4887278
54064,1.9106332
54065,1.0196794
54066,1.1487358
54067,2.3362796
54068,1.6160411
54069,1.484081
54070,4.885878
54071,1.4150997
54072,1.8158218
54073,4.8749104
54074,1.2328467
54075,3.5282955
54076,0.88706625
54077,0.65862066
54078,4.7968593
54079,1.9107261
54080,3.7422209
54081,3.607451
54082,4.5044127
54083,2.4996371
54084,1.4364321
54085,1.5983355
54086,2.7707682
54087,1.0099628
54088,2.049368
54089,1.4260983
54090,0.82935524
54091,2.8096793
54092,1.227007
54093,3.908334
54094,2.1093118
54095,1.3502688
54096,1.7342445
54097,2.6774287
54098,1.5383205
54099,1.5968032
54100,0.932383
54101,1.6840559
54102,3.4369402
54103,2.2580392
54104,0.5347327
54105,0.78876925
54106,0.7532485
54107,1.7201144
54108,2.039144
54109,1.2766985
54110,1.6172596
54111,2.8894663
54112,4.037374
54113,0.479156
54114,1.282626
54115,1.6724342
54116,1.5512861
54117,1.1742622
54118,2.7794616
54119,2.012441
54120,2.6027246
54121,0.75383407
54122,2.5369623
54123,1.6668806
54124,1.5993901
54125,3.5511472
54126,3.7118387
54127,2.0505812
54128,1.7024858
54129,1.5463917
54130,1.479977
54131,2.1733716
54132,1.7041773
54133,2.8331819
54134,0.77001435
54135,3.710932
54136,0.62746096
54137,2.8801093
54138,2.0386584
54139,1.0984157
54140,2.3107686
54141,3.8527005
54142,1.497516
54143,0.66713125
54144,3.8688962
54145,1.8201162
54146,2.8588336
54147,2.1629126
54148,1.8887274
54149,4.046812
54150,2.1377647
54151,1.6718593
54152,2.8736012
54153,1.2076577
54154,2.5495102
54155,1.4559596
54156,0.884915
54157,1.8427802
54158,2.3444986
54159,2.096338
54160,1.2498991
54161,2.1275127
54162,0.80368936
54163,1.7006654
54164,1.3935686
54165,2.3078008
54166,1.285211
54167,1.4114026
54168,1.1355406
54169,1.2506531
54170,2.5528712
54171,3.4702213
54172,4.1284933
54173,1.565081
54174,2.3716145
54175,2.878246
54176,3.0551703
54177,2.009967
54178,2.7390985
54179,2.2593045
54180,1.6781596
54181,1.3909516
54182,2.2794545
54183,2.9371998
54184,1.1117054
54185,3.6751492
54186,0.8962799
54187,1.4855793
54188,3.1734297
54189,1.2025695
54190,2.1550038
54191,2.4199235
54192,1.7993855
54193,1.5340887
54194,1.4112403
54195,2.4598575
54196,2.569284
54197,1.86107
54198,1.3119799
54199,1.6992368
54200,1.9426358
54201,1.9793459
54202,3.0817425
54203,1.2333208
54204,2.1569893
54205,1.439125
54206,4.5464683
54207,1.3982879
54208,1.3598874
54209,1.6749353
54210,1.5628544
54211,1.5937889
54212,1.7501402
54213,1.7505164
54214,2.0946827
54215,2.1520941
54216,0.99171257
54217,2.1956735
54218,1.2783117
54219,2.5668013
54220,1.2569765
54221,3.9115775
54222,0.756135
54223,1.3420458
54224,1.4697707
54225,1.5097113
54226,1.450534
54227,1.9211992
54228,2.4168553
54229,2.4153392
54230,1.8513839
54231,1.9638121
54232,4.666349
54233,4.389454
54234,2.0897806
54235,1.6147062
54236,1.3241516
54237,1.429807
54238,3.036339
54239,1.3833376
54240,2.074234
54241,1.0281314
54242,3.1998677
54243,1.0571123
54244,2.5083168
54245,2.0508792
54246,3.8730123
54247,1.7539161
54248,3.3929403
54249,3.0137684
54250,2.373867
54251,2.9624581
54252,2.1865826
54253,1.5379857
54254,1.703629
54255,1.0404438
54256,2.0769112
54257,1.5005796
54258,0.66647655
54259,1.7597884
54260,1.9815034
54261,0.8101229
54262,1.538523
54263,3.7151294
54264,1.725847
54265,2.1210663
54266,3.0910194
54267,1.2512103
54268,1.4640663
54269,2.947793
54270,3.3933506
54271,0.98570675
54272,1.1940017
54273,1.1316873
54274,1.203284
54275,2.5993052
54276,1.6399938
54277,1.063893
54278,2.7373245
54279,2.656879
54280,1.1499766
54281,1.2490722
54282,2.4637182
54283,1.7625546
54284,4.207919
54285,2.8303292
54286,0.6002197
54287,2.185044
54288,0.8417723
54289,1.2684005
54290,0.94471425
54291,1.9011732
54292,0.6724167
54293,1.1815462
54294,1.1533403
54295,0.8821735
54296,1.9560621
54297,3.6523376
54298,2.3265688
54299,2.9905024
54300,0.8907249
54301,1.1190395
54302,1.3877236
54303,1.6181742
54304,1.0861497
54305,1.2943331
54306,1.1055697
54307,2.8182786
54308,3.2076075
54309,3.7234728
54310,2.4532845
54311,2.1920822
54312,1.6252505
54313,4.443035
54314,1.5614129
54315,2.1363223
54316,2.372263
54317,1.709334
54318,2.0747411
54319,2.0670068
54320,1.8838397
54321,0.50560725
54322,0.62626696
54323,3.9509444
54324,3.5160275
54325,2.1058826
54326,4.2609572
54327,1.8142537
54328,1.9473133
54329,1.8957616
54330,0.96792763
54331,3.6405516
54332,2.2288406
54333,1.2487665
54334,1.5284879
54335,1.9674222
54336,5.231351
54337,1.8513021
54338,2.3002193
54339,1.3700479
54340,1.8696764
54341,1.9596729
54342,1.6495969
54343,4.4139314
54344,1.4502764
54345,2.0946877
54346,1.9390813
54347,3.8005114
54348,1.1021001
54349,0.7978719
54350,1.8774177
54351,3.0112996
54352,3.6452897
54353,1.8817707
54354,0.94098186
54355,1.0444491
54356,1.5801116
54357,1.9884768
54358,1.4728515
54359,2.4320302
54360,1.4044714
54361,1.5086141
54362,2.8131416
54363,0.7227608
54364,1.0281305
54365,1.8471898
54366,0.87351435
54367,1.0788971
54368,0.8044973
54369,1.3184747
54370,1.9486071
54371,1.1430886
54372,0.5705876
54373,1.9726577
54374,2.0428128
54375,2.43099
54376,0.86365396
54377,1.3052064
54378,1.6290785
54379,1.5547258
54380,1.906059
54381,1.5240835
54382,1.1925533
54383,2.7381077
54384,2.4947803
54385,1.2524854
54386,1.0311589
54387,1.0879983
54388,1.3451077
54389,2.1430497
54390,1.1510487
54391,2.8581073
54392,2.3051884
54393,0.902351
54394,1.7072574
54395,5.338194
54396,2.9853046
54397,1.9666507
54398,3.5200202
54399,3.6459942
54400,2.722684
54401,2.7850564
54402,2.0465217
54403,1.0366403
54404,1.9093931
54405,2.5426133
54406,2.7776902
54407,3.1227274
54408,1.3657146
54409,1.3316901
54410,2.2856534
54411,1.3766453
54412,1.4699804
54413,1.0831022
54414,2.843189
54415,1.2288623
54416,0.86678624
54417,2.4851043
54418,4.9723425
54419,5.3160763
54420,0.69676304
54421,2.8897629
54422,2.0776656
54423,1.400486
54424,1.3101943
54425,1.3480031
54426,2.4268909
54427,3.0968747
54428,2.30196
54429,2.2587223
54430,1.4244479
54431,2.4068632
54432,1.0476805
54433,2.72104
54434,4.5683184
54435,2.9017324
54436,4.2788715
54437,1.9175727
54438,1.5193595
54439,0.5810173
54440,3.0488746
54441,2.4413438
54442,3.46049
54443,4.3065047
54444,0.7853345
54445,1.5399936
54446,2.204145
54447,4.491169
54448,2.4971998
54449,1.013578
54450,1.6432033
54451,4.473906
54452,1.3540466
54453,1.4257467
54454,1.2674489
54455,1.566019
54456,1.6210654
54457,1.6403733
54458,2.9343743
54459,2.5513594
54460,4.374969
54461,1.7155623
54462,1.7054707
54463,2.1300838
54464,0.6624825
54465,2.2512057
54466,1.2053663
54467,0.99195206
54468,2.6958346
54469,0.9590586
54470,1.7476493
54471,1.1247782
54472,1.3313004
54473,1.2719896
54474,0.7328397
54475,1.6773593
54476,2.1098363
54477,1.4149058
54478,1.6906083
54479,2.7022383
54480,1.7926017
54481,2.2365363
54482,3.543764
54483,2.661965
54484,3.6556304
54485,1.5250559
54486,1.4054976
54487,2.9483092
54488,1.4934763
54489,2.1610892
54490,1.810868
54491,3.6116083
54492,2.8715053
54493,0.7063245
54494,1.067401
54495,2.3437557
54496,3.4921966
54497,2.9484935
54498,3.0139658
54499,1.2030784
54500,0.94796914
54501,1.4434037
54502,0.728264
54503,2.016656
54504,2.544723
54505,1.8762693
54506,0.7451812
54507,1.8484507
54508,1.5801849
54509,0.7595207
54510,1.7542387
54511,2.068372
54512,1.1956887
54513,2.4977422
54514,1.3207985
54515,1.9350611
54516,1.3033649
54517,1.1876763
54518,2.1759255
54519,3.545026
54520,1.0966097
54521,3.7792985
54522,4.0550275
54523,2.3985102
54524,2.4567368
54525,4.0806656
54526,0.9021419
54527,1.855939
54528,2.5930176
54529,3.7605162
54530,1.5725158
54531,2.555575
54532,2.6101124
54533,1.8243716
54534,1.0311618
54535,2.4239862
54536,1.959503
54537,0.8699174
54538,0.67060643
54539,0.91858405
54540,2.0746264
54541,1.9332266
54542,3.7416136
54543,2.607215
54544,2.640537
54545,2.1333544
54546,1.216014
54547,4.30433
54548,1.8358287
54549,1.1404297
54550,3.4000595
54551,2.2392247
54552,2.9633088
54553,1.2774734
54554,3.2586985
54555,1.3440489
54556,1.7565515
54557,4.180941
54558,0.8334313
54559,0.6499633
54560,3.7911208
54561,2.5056176
54562,3.2843218
54563,2.9702392
54564,2.070514
54565,1.5979105
54566,1.22304
54567,3.2542949
54568,1.3250045
54569,0.92781687
54570,0.7706989
54571,1.6532586
54572,3.408716
54573,2.9841883
54574,3.8050044
54575,2.9829218
54576,1.8370509
54577,2.1687427
54578,1.6479802
54579,0.78209096
54580,0.58247364
54581,1.262393
54582,1.6051334
54583,0.8288357
54584,2.563376
54585,1.6861959
54586,2.202071
54587,1.343128
54588,1.015842
54589,1.278623
54590,0.7452044
54591,1.2101932
54592,0.7805474
54593,1.3201636
54594,0.8532895
54595,3.5106301
54596,3.1935852
54597,1.1140059
54598,0.83323437
54599,0.8672574
54600,1.5767477
54601,2.1161294
54602,1.5519654
54603,2.352564
54604,2.215987
54605,0.9666817
54606,1.6340681
54607,1.3024986
54608,4.1296115
54609,1.7446476
54610,2.2137341
54611,1.438598
54612,3.0621865
54613,1.9791055
54614,0.68575144
54615,0.9610765
54616,2.2175143
54617,0.95144325
54618,3.3645148
54619,3.2152228
54620,1.5527536
54621,2.4110694
54622,3.9460216
54623,2.0693142
54624,2.3226566
54625,5.0340466
54626,1.8270992
54627,3.0961921
54628,2.8844378
54629,1.9284695
54630,0.99694604
54631,1.1862482
54632,2.0277176
54633,2.5577323
54634,2.0364828
54635,1.0121365
54636,1.4904726
54637,2.420727
54638,0.7550677
54639,1.1639478
54640,1.3580807
54641,0.7642668
54642,1.4634312
54643,3.4934027
54644,4.279572
54645,1.7487968
54646,1.0659115
54647,1.3663138
54648,3.8245792
54649,1.2341549
54650,1.2830468
54651,1.6845124
54652,1.9907775
54653,2.8396983
54654,2.5598528
54655,1.1514956
54656,3.4926765
54657,2.6159205
54658,3.3609517
54659,2.304087
54660,2.078173
54661,1.5171287
54662,2.045657
54663,0.94481057
54664,2.479905
54665,3.231089
54666,2.7431688
54667,0.447368
54668,0.96780545
54669,1.6843126
54670,1.6998315
54671,2.3878872
54672,2.6267846
54673,1.296979
54674,1.4363842
54675,3.3161886
54676,1.8636525
54677,2.1304514
54678,2.3444033
54679,2.263942
54680,1.7840332
54681,1.7471589
54682,1.0563715
54683,1.4229591
54684,2.4616904
54685,3.5053728
54686,1.2595855
54687,0.8575322
54688,1.0142733
54689,2.6314938
54690,1.0635732
54691,2.9796236
54692,1.0300606
54693,2.0116136
54694,4.224121
54695,2.2283149
54696,2.1874871
54697,1.7072707
54698,2.2268536
54699,0.948651
54700,1.0924759
54701,1.8241189
54702,0.9032228
54703,2.4332705
54704,2.6277647
54705,3.3110375
54706,2.8621418
54707,0.9887051
54708,0.89627236
54709,1.8608217
54710,0.8751522
54711,2.3245533
54712,2.8761451
54713,2.6949542
54714,1.0969911
54715,2.066868
54716,2.1940925
54717,1.545143
54718,2.158705
54719,4.433119
54720,2.836235
54721,1.0972558
54722,0.6987203
54723,1.7447256
54724,1.0119604
54725,3.0060437
54726,2.5246532
54727,1.5632002
54728,0.9025565
54729,0.91149473
54730,0.7816328
54731,2.0633492
54732,1.9306928
54733,2.385412
54734,3.9220922
54735,2.462266
54736,1.6496913
54737,2.5172846
54738,1.628555
54739,1.1240222
54740,1.516131
54741,0.9008208
54742,3.151575
54743,1.0914918
54744,1.5183427
54745,2.61994
54746,1.6829029
54747,0.81891614
54748,4.1605716
54749,3.0940163
54750,3.7660398
54751,2.7766938
54752,1.8555708
54753,1.7728167
54754,1.5680734
54755,1.1110599
54756,1.9994224
54757,1.0040501
54758,2.4302313
54759,1.166634
54760,2.1172955
54761,2.2694623
54762,2.088701
54763,1.2281427
54764,1.8758724
54765,3.7192159
54766,3.461033
54767,1.0820285
54768,1.9871207
54769,0.701999
54770,3.423062
54771,0.9367275
54772,1.3764911
54773,1.6430435
54774,1.4250668
54775,1.6823677
54776,3.2611141
54777,2.5536351
54778,1.4325857
54779,1.3739308
54780,0.94124866
54781,2.1934834
54782,2.4699876
54783,1.6318861
54784,0.91957355
54785,0.78412277
54786,1.7726797
54787,2.0458682
54788,1.4055215
54789,1.7262083
54790,0.6843449
54791,1.5704778
54792,1.7658464
54793,2.2030592
54794,3.1465766
54795,2.563365
54796,1.713465
54797,1.2680386
54798,0.720071
54799,0.64616764
54800,2.3410952
54801,2.2049303
54802,1.9018561
54803,2.1845248
54804,4.240336
54805,3.3539367
54806,1.0448687
54807,1.3927655
54808,3.9536543
54809,1.5613761
54810,2.9138162
54811,2.1948311
54812,1.3543923
54813,1.1866193
54814,2.9610813
54815,2.1208248
54816,0.9910468
54817,2.062523
54818,0.75812835
54819,3.4741044
54820,2.381791
54821,2.1844008
54822,1.0623382
54823,3.9572694
54824,1.4705213
54825,2.5947034
54826,1.8292756
54827,0.93472093
54828,1.5189667
54829,1.4207002
54830,1.7537882
54831,1.5682081
54832,1.153675
54833,2.1567552
54834,3.0915856
54835,2.9451134
54836,0.79092383
54837,1.5142627
54838,3.0996025
54839,3.391642
54840,1.9525138
54841,4.3768578
54842,3.098844
54843,2.2960854
54844,0.9461772
54845,2.438148
54846,1.6177967
54847,1.2235086
54848,1.8499295
54849,0.92498976
54850,1.7064775
54851,4.169101
54852,0.96954226
54853,1.1393384
54854,4.6616488
54855,1.4299034
54856,2.3944323
54857,2.8664827
54858,1.4839958
54859,2.72738
54860,2.1700025
54861,0.9521585
54862,2.139003
54863,2.8032148
54864,2.9487462
54865,2.5577855
54866,3.7568843
54867,1.0017884
54868,1.7223821
54869,3.384239
54870,0.78734535
54871,1.3669174
54872,2.1947114
54873,0.7233053
54874,4.9556246
54875,1.9387629
54876,0.9293151
54877,0.6752252
54878,1.8693056
54879,2.0009353
54880,3.205951
54881,0.8745862
54882,3.9732492
54883,5.0148435
54884,0.9268307
54885,0.8047957
54886,1.6959127
54887,1.7405831
54888,2.4033072
54889,2.9132986
54890,1.7669063
54891,0.62277675
54892,0.8208389
54893,3.7146428
54894,1.2885379
54895,3.0856829
54896,1.9830964
54897,1.8163018
54898,1.6201137
54899,1.5678834
54900,3.1036844
54901,1.3766543
54902,1.6651508
54903,4.029317
54904,0.5853356
54905,3.1058242
54906,3.8382037
54907,2.6784194
54908,0.7333193
54909,0.7957407
54910,2.863058
54911,1.2717546
54912,1.6931126
54913,2.2195108
54914,3.0710368
54915,1.2729987
54916,3.1352706
54917,0.6157042
54918,1.8091981
54919,3.101267
54920,4.3265715
54921,2.0606592
54922,1.4984227
54923,1.8988993
54924,2.4112618
54925,1.2444875
54926,1.5942893
54927,1.6714065
54928,2.3261116
54929,1.6424471
54930,2.0191023
54931,3.3070743
54932,1.3216926
54933,1.0519791
54934,2.870264
54935,1.83812
54936,1.738038
54937,0.6101559
54938,1.124614
54939,1.7113023
54940,1.653857
54941,2.0513136
54942,1.3127898
54943,1.5931158
54944,3.3102465
54945,2.2729352
54946,2.1657252
54947,0.7172097
54948,1.5430372
54949,1.8130412
54950,2.4129784
54951,1.0801731
54952,1.2163028
54953,2.1781354
54954,2.629522
54955,2.5078425
54956,4.721904
54957,2.230376
54958,0.6772042
54959,2.6354172
54960,2.4187346
54961,0.99659765
54962,2.1368742
54963,2.6798596
54964,1.3496314
54965,1.0564474
54966,1.7061548
54967,1.5595605
54968,1.8229976
54969,2.0999146
54970,0.739029
54971,1.6722225
54972,4.1281104
54973,2.365054
54974,2.7051258
54975,1.1754034
54976,4.9210944
54977,0.9496257
54978,3.0834513
54979,0.673774
54980,1.7943211
54981,3.3788915
54982,0.9540886
54983,2.445039
54984,0.8194932
54985,1.6104562
54986,2.9595096
54987,1.8025279
54988,1.7706615
54989,1.3737755
54990,1.5965345
54991,1.3108536
54992,2.665968
54993,5.0239754
54994,0.8490682
54995,1.4561088
54996,2.3924406
54997,2.919899
54998,1.2153519
54999,3.1030428
55000,1.0599456
55001,0.6966186
55002,0.9087622
55003,1.3419576
55004,4.449421
55005,0.62968045
55006,1.1849307
55007,4.8450737
55008,3.127192
55009,3.4178092
55010,2.219326
55011,1.1644742
55012,1.3698461
55013,1.4281601
55014,1.4946028
55015,4.5933113
55016,1.7818263
55017,4.814688
55018,1.0506468
55019,1.2633791
55020,2.780112
55021,1.9428177
55022,1.855415
55023,0.9422574
55024,0.8023688
55025,3.342265
55026,1.5488048
55027,2.4156306
55028,4.113535
55029,1.2543125
55030,1.8835365
55031,1.1347119
55032,2.5702662
55033,0.7216656
55034,1.9366825
55035,1.2741745
55036,1.3138686
55037,3.9117253
55038,4.052991
55039,1.4977202
55040,2.7411373
55041,3.2228286
55042,1.725032
55043,2.1548011
55044,1.0574195
55045,1.626203
55046,1.5978285
55047,3.1064131
55048,1.6511914
55049,1.2215096
55050,1.1597997
55051,4.4548683
55052,2.4025853
55053,1.7587473
55054,1.355446
55055,2.3372817
55056,0.67265964
55057,1.1594592
55058,3.3119535
55059,2.3670917
55060,1.6136756
55061,1.6230648
55062,1.5157846
55063,1.6828535
55064,0.94805276
55065,1.4406295
55066,0.860524
55067,3.0154839
55068,2.8941023
55069,2.739389
55070,1.4034585
55071,1.7316937
55072,1.9018323
55073,1.3865924
55074,3.9295762
55075,0.7218728
55076,2.1097078
55077,2.0081077
55078,1.6504843
55079,1.3139349
55080,1.8934338
55081,3.7954907
55082,1.9252001
55083,0.95856774
55084,1.033755
55085,1.212451
55086,2.925961
55087,1.0782768
55088,0.9892446
55089,4.5917335
55090,1.1629443
55091,0.9765748
55092,0.5635263
55093,4.9199295
55094,0.9509342
55095,1.8528031
55096,1.0247421
55097,0.8016784
55098,0.9820223
55099,4.3943872
55100,2.3242822
55101,2.3225346
55102,2.9794302
55103,1.2098566
55104,1.58088
55105,1.7216902
55106,3.0248818
55107,1.8841163
55108,1.6978809
55109,2.8600848
55110,3.4150152
55111,2.2403975
55112,0.75333005
55113,0.72125983
55114,1.0422924
55115,4.0540686
55116,1.4132189
55117,1.6204913
55118,1.5366217
55119,1.0737491
55120,1.5070006
55121,3.0262036
55122,1.1188546
55123,1.4601891
55124,1.9038503
55125,4.7896547
55126,0.8750912
55127,2.2532387
55128,0.9604938
55129,1.2369626
55130,1.1340357
55131,3.4057508
55132,1.3909476
55133,2.0386996
55134,0.8887645
55135,2.5951006
55136,2.710055
55137,2.0147054
55138,4.902495
55139,1.4084533
55140,4.83946
55141,2.0070634
55142,0.9897877
55143,3.5073338
55144,2.0077062
55145,2.0062282
55146,1.0712975
55147,2.350851
55148,4.4509125
55149,1.9271253
55150,2.1874144
55151,1.9660553
55152,5.0040784
55153,3.50444
55154,2.383819
55155,2.4249763
55156,1.8357233
55157,1.0236958
55158,2.4179816
55159,1.8789253
55160,1.6840945
55161,1.8376546
55162,1.9126894
55163,4.3207436
55164,1.7317903
55165,1.366721
55166,3.1563973
55167,2.665194
55168,2.3998084
55169,1.3796041
55170,0.56354773
55171,0.47222427
55172,1.9479192
55173,1.8088831
55174,1.3647976
55175,2.4542103
55176,0.633475
55177,2.5854967
55178,1.9785882
55179,1.1209387
55180,0.71759737
55181,2.070603
55182,0.7960009
55183,1.5404559
55184,1.2287207
55185,5.0106735
55186,4.2059393
55187,1.9247226
55188,2.13427
55189,1.3032537
55190,1.5264298
55191,3.287804
55192,1.556198
55193,2.4077952
55194,2.0709474
55195,2.6254447
55196,1.4562556
55197,1.6566404
55198,5.1183653
55199,1.4314314
55200,1.8599931
55201,0.84496355
55202,0.7395264
55203,0.7938633
55204,1.1782643
55205,3.483822
55206,1.9308403
55207,2.650678
55208,3.8925023
55209,2.0940213
55210,2.8913655
55211,2.363142
55212,3.6412423
55213,1.2557095
55214,2.1007001
55215,4.0877743
55216,2.2261665
55217,2.3390963
55218,1.3088565
55219,2.4966598
55220,2.687297
55221,2.7270253
55222,1.398619
55223,3.6349442
55224,2.2799015
55225,2.74676
55226,0.99264914
55227,1.9751822
55228,0.9285484
55229,0.57882816
55230,1.5007272
55231,1.3566893
55232,2.6344573
55233,2.2527585
55234,2.193852
55235,1.3511497
55236,2.2513409
55237,1.2993753
55238,4.3738694
55239,2.7527876
55240,2.5427363
55241,1.7261807
55242,1.1765926
55243,0.47000578
55244,0.9999593
55245,0.88341767
55246,1.251791
55247,1.8932408
55248,1.4853792
55249,1.0312256
55250,2.660848
55251,2.7391515
55252,1.3740041
55253,1.8509376
55254,3.8920364
55255,2.779263
55256,2.8153396
55257,1.6194452
55258,1.2523602
55259,1.9685847
55260,1.8676934
55261,3.931862
55262,0.873844
55263,2.508049
55264,0.82499063
55265,1.8021045
55266,2.4491444
55267,1.4846212
55268,3.2081769
55269,2.2103107
55270,1.444775
55271,0.8939852
55272,1.4272105
55273,0.93930745
55274,0.9498022
55275,4.0315437
55276,1.5169927
55277,2.1907353
55278,2.7942972
55279,3.8276458
55280,2.0576828
55281,2.3329797
55282,2.935619
55283,1.7575438
55284,0.40161407
55285,2.4266179
55286,1.1287487
55287,1.1046156
55288,1.0440515
55289,0.85414517
55290,1.3899574
55291,4.399277
55292,1.7718629
55293,2.8882873
55294,1.0065008
55295,1.0125043
55296,3.8893592
55297,3.7538226
55298,2.787159
55299,1.8089142
55300,1.883116
55301,1.8999658
55302,1.9008112
55303,1.903275
55304,3.9833822
55305,1.6014254
55306,1.725675
55307,1.0916445
55308,2.9212742
55309,3.235254
55310,1.9653608
55311,3.1389503
55312,3.4728816
55313,2.4121487
55314,1.4826534
55315,1.7393384
55316,2.83314
55317,1.1542029
55318,2.750712
55319,1.5253392
55320,1.0330199
55321,2.0119784
55322,1.5378762
55323,1.8212305
55324,2.5030262
55325,3.515399
55326,2.9543655
55327,2.9558952
55328,2.4320312
55329,1.9084799
55330,3.5080779
55331,0.8278137
55332,0.7587761
55333,2.8718936
55334,3.103154
55335,1.1859897
55336,1.7265342
55337,3.3783133
55338,1.1560973
55339,1.3655689
55340,2.8635895
55341,1.4003353
55342,0.9692827
55343,1.3692608
55344,1.0717868
55345,3.6551726
55346,1.5807178
55347,1.6151077
55348,1.6897976
55349,2.0546045
55350,1.2074413
55351,2.0147552
55352,3.999582
55353,1.3124613
55354,1.5716113
55355,1.0006989
55356,1.4420735
55357,1.6198453
55358,1.0307109
55359,2.4001508
55360,1.7052782
55361,1.6979147
55362,2.1596713
55363,1.5959665
55364,2.3615162
55365,1.7786754
55366,1.0622977
55367,2.1718848
55368,1.1831805
55369,0.52138984
55370,0.57310927
55371,2.1862297
55372,0.9828934
55373,1.1447623
55374,2.0780938
55375,0.8898332
55376,1.1435483
55377,2.3941941
55378,1.7976058
55379,3.259676
55380,1.7633386
55381,0.7695102
55382,1.1734481
55383,1.243883
55384,2.811855
55385,1.2286212
55386,2.2686465
55387,2.2401543
55388,1.9359132
55389,2.5475817
55390,3.4127536
55391,4.768776
55392,1.0534458
55393,0.8660113
55394,0.8218669
55395,2.897275
55396,3.700901
55397,1.0243683
55398,0.6565669
55399,4.205707
55400,1.5578626
55401,0.7484726
55402,2.07176
55403,2.6678414
55404,1.687867
55405,2.5219917
55406,1.3361914
55407,3.539157
55408,2.1611443
55409,1.3177712
55410,2.9137616
55411,1.8875179
55412,1.1401612
55413,3.502699
55414,4.7979407
55415,1.5812956
55416,1.9925997
55417,2.147767
55418,2.5940013
55419,2.327668
55420,1.1864018
55421,2.1672564
55422,2.9642954
55423,0.77226526
55424,1.6182846
55425,0.94983584
55426,5.0019517
55427,2.0903752
55428,1.1812645
55429,1.3408263
55430,1.4566904
55431,3.5466857
55432,0.56301427
55433,2.569012
55434,1.2579685
55435,1.6458087
55436,2.6610365
55437,1.8599066
55438,1.610642
55439,4.7263002
55440,0.9095106
55441,0.8677254
55442,1.3990189
55443,2.316025
55444,1.1983347
55445,2.0330508
55446,4.644691
55447,3.0670912
55448,2.3669188
55449,2.1705437
55450,2.3290398
55451,0.70087755
55452,1.5188305
55453,2.5802784
55454,2.0033877
55455,1.3989366
55456,3.8951354
55457,1.7861606
55458,2.50668
55459,1.318004
55460,2.7835853
55461,1.4236914
55462,3.2772908
55463,2.7706196
55464,2.3518918
55465,0.9005594
55466,2.3392432
55467,4.6103067
55468,2.1818287
55469,3.033929
55470,1.2437667
55471,2.6497717
55472,3.5606413
55473,2.3785994
55474,2.3563201
55475,2.9387853
55476,1.7470828
55477,2.5513518
55478,2.0431972
55479,1.1115326
55480,0.90508926
55481,2.0577104
55482,1.3708044
55483,2.3392377
55484,0.87964034
55485,2.20603
55486,2.3712792
55487,1.5625496
55488,2.6216426
55489,1.344545
55490,2.38423
55491,3.7367911
55492,2.3721552
55493,2.294925
55494,1.6591771
55495,1.1129594
55496,2.9174285
55497,1.621888
55498,2.8783078
55499,3.238168
55500,1.0858004
55501,2.1418614
55502,1.72955
55503,1.3873384
55504,0.9353055
55505,1.7685033
55506,1.2388684
55507,2.378189
55508,4.745145
55509,1.5245966
55510,1.5456305
55511,2.9256096
55512,1.4563286
55513,1.5658487
55514,2.1012876
55515,1.3466159
55516,0.8523471
55517,1.6330653
55518,2.0378635
55519,2.6053514
55520,2.3541522
55521,2.4155188
55522,3.1971653
55523,0.98818123
55524,1.2338197
55525,0.971197
55526,1.9407655
55527,3.1239002
55528,0.99100935
55529,2.0957918
55530,2.894829
55531,2.0290918
55532,2.2524822
55533,0.7034637
55534,3.2688427
55535,1.7504046
55536,0.7901791
55537,1.6550204
55538,3.8241982
55539,1.7141172
55540,2.6347015
55541,3.1667273
55542,1.9354601
55543,2.7134078
55544,3.9937804
55545,1.3529857
55546,1.0800527
55547,1.3100387
55548,1.36991
55549,1.9443988
55550,2.0668986
55551,0.496268
55552,0.7813167
55553,1.7304286
55554,1.620034
55555,1.0961878
55556,1.7085593
55557,2.3916001
55558,1.5578928
55559,0.59054893
55560,2.3832257
55561,1.7368153
55562,3.0382428
55563,1.3345867
55564,1.4012554
55565,2.620075
55566,2.830447
55567,0.65757096
55568,2.6319132
55569,1.1720506
55570,1.3737838
55571,1.2366154
55572,1.5699776
55573,4.587662
55574,2.1092126
55575,1.6149929
55576,4.0964756
55577,3.2230108
55578,1.7750422
55579,1.4002703
55580,1.8545804
55581,1.6982355
55582,1.2884549
55583,4.30288
55584,1.3434565
55585,0.9411089
55586,2.1980062
55587,2.0798855
55588,1.9485383
55589,5.0873785
55590,2.5260465
55591,4.0563936
55592,2.757707
55593,1.7505343
55594,1.2917687
55595,0.9520542
55596,1.1848339
55597,4.4302382
55598,2.8233986
55599,3.668785
55600,1.7321371
55601,3.353008
55602,2.6048207
55603,0.62394106
55604,2.9797506
55605,1.4317895
55606,2.9577177
55607,0.8999162
55608,1.9253036
55609,2.6310499
55610,2.208577
55611,1.0010535
55612,2.697203
55613,2.502574
55614,3.5705497
55615,1.0166044
55616,2.4781332
55617,1.8698391
55618,3.2832353
55619,2.5346346
55620,1.3343856
55621,1.8217217
55622,1.1303824
55623,3.1396492
55624,2.098657
55625,2.1925104
55626,1.3426967
55627,1.4539464
55628,0.9283312
55629,1.746463
55630,2.998734
55631,1.9790496
55632,2.5579925
55633,2.6987011
55634,3.9892392
55635,4.752181
55636,0.69720644
55637,2.5504508
55638,1.5918368
55639,1.495164
55640,1.6741977
55641,1.0596886
55642,1.9596032
55643,2.8198633
55644,2.226282
55645,1.4261453
55646,3.6089222
55647,0.8105812
55648,1.9837273
55649,1.904435
55650,1.9084975
55651,1.0549133
55652,1.0296661
55653,1.1803012
55654,1.1616272
55655,0.53716254
55656,1.5399581
55657,3.327698
55658,1.3017015
55659,1.4941372
55660,3.7633967
55661,1.2587196
55662,1.8072311
55663,1.7874092
55664,1.3997571
55665,2.8999112
55666,1.650213
55667,1.9731909
55668,1.4021064
55669,3.4042978
55670,1.8411143
55671,1.8437968
55672,3.759685
55673,2.438241
55674,3.0767882
55675,1.8232307
55676,1.1015408
55677,1.2378373
55678,3.593292
55679,1.0944937
55680,0.7598816
55681,1.9898084
55682,2.959682
55683,3.0052555
55684,1.1639726
55685,1.3316352
55686,1.6404245
55687,0.78258526
55688,1.3211191
55689,1.0132304
55690,1.6806276
55691,2.6988347
55692,2.761168
55693,1.0692055
55694,3.6196227
55695,2.2605462
55696,1.3571795
55697,1.8525215
55698,0.78498954
55699,1.5554626
55700,1.1551797
55701,1.0496813
55702,0.8066825
55703,4.491676
55704,2.992475
55705,2.3638883
55706,1.2892151
55707,1.8339301
55708,1.3505129
55709,0.8470801
55710,1.4991322
55711,2.8476884
55712,4.1428967
55713,2.1184883
55714,2.4579043
55715,0.9154996
55716,2.2053857
55717,0.9412191
55718,1.8343859
55719,1.8869175
55720,1.2054636
55721,1.322272
55722,3.1159146
55723,1.5332924
55724,1.1948837
55725,2.7701724
55726,2.84786
55727,3.5790656
55728,3.0908248
55729,0.96030384
55730,4.8380175
55731,1.3971388
55732,0.82269496
55733,2.9358313
55734,1.4591669
55735,2.855493
55736,5.0290413
55737,1.4221425
55738,2.2075279
55739,1.8426212
55740,2.4461024
55741,3.750176
55742,1.0611817
55743,1.2528409
55744,2.7468476
55745,1.4854017
55746,1.5167891
55747,0.6790411
55748,2.430801
55749,0.6063199
55750,1.7627338
55751,1.7745959
55752,2.7453504
55753,1.4372711
55754,3.2908478
55755,0.93549466
55756,1.7193465
55757,2.191482
55758,1.8370477
55759,1.9085454
55760,3.0338764
55761,1.1898723
55762,2.3417845
55763,2.0995686
55764,1.6035835
55765,0.843577
55766,1.315343
55767,1.3575075
55768,2.4536614
55769,1.0813943
55770,2.066816
55771,1.2076917
55772,1.6389148
55773,2.6846867
55774,1.9458711
55775,3.2373579
55776,0.5400207
55777,1.7933239
55778,2.8109753
55779,2.7021735
55780,3.1838915
55781,1.6215465
55782,1.5048959
55783,0.66177875
55784,0.6383717
55785,4.5457926
55786,3.9359386
55787,2.9824903
55788,4.5214853
55789,2.4220443
55790,1.7028599
55791,0.8571033
55792,2.2603092
55793,2.388532
55794,3.9466074
55795,2.9086199
55796,1.736596
55797,4.664495
55798,4.218044
55799,1.539665
55800,3.0895247
55801,1.8192734
55802,0.77043885
55803,1.8533578
55804,4.264083
55805,0.7482755
55806,2.7699566
55807,2.114895
55808,1.8530991
55809,1.7840023
55810,4.6805663
55811,1.3068327
55812,2.3940463
55813,1.569691
55814,3.7876394
55815,3.9060357
55816,1.2311244
55817,2.616002
55818,3.6012728
55819,2.0630662
55820,3.370092
55821,1.3145024
55822,3.218342
55823,2.2597322
55824,3.952281
55825,1.9378947
55826,0.6331821
55827,3.6661677
55828,2.2423086
55829,1.9922607
55830,2.954208
55831,0.5474571
55832,2.3176947
55833,1.2452976
55834,1.613522
55835,1.9591265
55836,0.9173685
55837,1.1293973
55838,4.564203
55839,0.97501606
55840,1.4036894
55841,0.7674013
55842,1.3687494
55843,2.0732353
55844,1.4176289
55845,0.575643
55846,3.2461224
55847,2.1875172
55848,2.275231
55849,2.626794
55850,1.4693947
55851,1.6613345
55852,1.7668675
55853,4.0311346
55854,2.7601926
55855,1.7620313
55856,3.0770218
55857,1.9647269
55858,2.0087104
55859,0.96903634
55860,3.0565872
55861,1.4875864
55862,2.540696
55863,3.2639866
55864,2.1002307
55865,0.909929
55866,3.0806305
55867,1.4400963
55868,1.1768161
55869,0.5231393
55870,2.2431602
55871,0.635745
55872,0.80107844
55873,2.108541
55874,2.678567
55875,2.2376301
55876,0.8268294
55877,3.6210966
55878,1.9158632
55879,0.86171395
55880,2.4922862
55881,1.8199446
55882,1.0578785
55883,3.6886394
55884,2.7643344
55885,2.6087594
55886,2.0548549
55887,1.9582973
55888,1.9244895
55889,0.635045
55890,2.0370781
55891,2.4599175
55892,1.6262882
55893,0.876049
55894,3.4446018
55895,1.9727906
55896,1.2172872
55897,4.359352
55898,2.127097
55899,2.4483669
55900,0.9923564
55901,0.8808732
55902,1.351267
55903,2.5978682
55904,4.6030383
55905,1.2980026
55906,3.2239234
55907,2.6803505
55908,0.7030647
55909,2.7070982
55910,2.1495314
55911,0.67710066
55912,1.4565504
55913,0.9223694
55914,2.0731568
55915,2.3482792
55916,2.0660462
55917,2.677532
55918,1.5141809
55919,1.8104625
55920,4.618657
55921,1.0686173
55922,3.5932922
55923,1.4237243
55924,1.3483375
55925,2.4235785
55926,1.4646893
55927,1.8562659
55928,2.632255
55929,0.9192441
55930,1.2251892
55931,2.8382254
55932,1.6751169
55933,1.7808969
55934,0.77169067
55935,1.6250795
55936,0.7129908
55937,2.8112311
55938,1.8993565
55939,2.0066156
55940,3.9821723
55941,2.4193864
55942,1.8137511
55943,0.7761018
55944,1.5440347
55945,1.2452615
55946,1.5604969
55947,2.3522027
55948,2.97317
55949,1.0334558
55950,2.4718428
55951,1.7853248
55952,0.9924541
55953,1.1169922
55954,1.0591463
55955,3.288868
55956,2.8931022
55957,0.8851281
55958,2.1801162
55959,0.91802645
55960,1.913391
55961,1.1853249
55962,2.0774446
55963,3.8065968
55964,1.4317771
55965,1.4261537
55966,1.9595304
55967,3.6901314
55968,1.6010908
55969,4.163504
55970,2.7216415
55971,1.6326681
55972,1.6133897
55973,0.78575313
55974,1.3910853
55975,2.1232986
55976,1.9705867
55977,3.5841837
55978,0.81209123
55979,1.3492755
55980,1.6191407
55981,2.5147376
55982,2.0473561
55983,1.0340855
55984,1.5251081
55985,1.2408957
55986,0.55087703
55987,2.0708187
55988,0.6026099
55989,0.73762894
55990,0.8385615
55991,0.86017984
55992,1.0458666
55993,2.6573706
55994,1.4016861
55995,2.1745715
55996,1.8893379
55997,1.7620441
55998,1.0896189
55999,1.1079693
56000,1.8534914
56001,0.5887715
56002,1.6786556
56003,2.3506382
56004,1.6221808
56005,1.7211062
56006,1.7364806
56007,2.3612847
56008,0.7764704
56009,1.8829975
56010,3.3069594
56011,1.5405675
56012,3.4021645
56013,2.5475285
56014,3.7601652
56015,1.5902954
56016,2.4617252
56017,2.3471117
56018,2.1216915
56019,1.3093421
56020,3.5097818
56021,0.9443842
56022,0.7929693
56023,1.4748662
56024,1.5684842
56025,2.884388
56026,0.86917025
56027,1.9007629
56028,1.6285601
56029,4.577263
56030,4.9238386
56031,1.3507798
56032,0.75302297
56033,1.2123126
56034,3.6011422
56035,0.7646843
56036,0.7805541
56037,1.4962186
56038,2.0373683
56039,0.799808
56040,1.7384082
56041,1.7527432
56042,1.866481
56043,1.4663867
56044,2.91253
56045,2.0671937
56046,2.465242
56047,1.8900521
56048,2.15864
56049,3.5611403
56050,1.408808
56051,2.3333082
56052,3.2726247
56053,4.238698
56054,3.3266087
56055,1.9630132
56056,0.7383225
56057,1.6987582
56058,1.7752886
56059,2.166185
56060,1.0709287
56061,2.3417964
56062,0.84995764
56063,1.2758197
56064,1.9535125
56065,1.7343576
56066,4.5999637
56067,1.6317104
56068,2.9627533
56069,0.8320763
56070,1.5296313
56071,2.343044
56072,1.0311608
56073,2.6211092
56074,0.9352294
56075,1.7566533
56076,1.7972019
56077,1.7962282
56078,1.7612786
56079,1.0868629
56080,2.6972945
56081,2.7086768
56082,1.5802816
56083,3.0776205
56084,1.9292215
56085,1.4124055
56086,1.360158
56087,1.6172802
56088,1.087896
56089,2.1790366
56090,1.839317
56091,0.49272776
56092,1.238049
56093,1.9376123
56094,0.48104593
56095,2.676345
56096,2.3760107
56097,1.2485197
56098,2.450322
56099,1.207995
56100,4.3717737
56101,1.313647
56102,1.0332963
56103,2.0741198
56104,2.1691036
56105,4.0466676
56106,2.4234178
56107,3.0714362
56108,4.031219
56109,1.617557
56110,1.3134202
56111,1.0670046
56112,1.1890647
56113,1.7462546
56114,1.8451189
56115,2.0968065
56116,0.95799536
56117,2.4314692
56118,3.672335
56119,1.0901191
56120,3.1631365
56121,1.2096771
56122,2.1748016
56123,0.899727
56124,0.71895814
56125,0.9825014
56126,0.49973005
56127,0.57117075
56128,2.5294964
56129,2.2037146
56130,0.98034626
56131,3.9936228
56132,2.723388
56133,4.56438
56134,3.9345176
56135,3.1374283
56136,1.9108461
56137,1.3344105
56138,2.0996373
56139,0.9059811
56140,2.5136418
56141,2.3099966
56142,1.7762165
56143,2.6564085
56144,0.88424486
56145,4.379279
56146,2.5414305
56147,1.7293566
56148,3.6826112
56149,1.1825293
56150,1.2012719
56151,2.2733967
56152,2.089904
56153,3.717386
56154,1.5738226
56155,2.6501083
56156,1.1822602
56157,4.322144
56158,1.7486519
56159,1.0193421
56160,1.1287763
56161,1.018168
56162,4.982773
56163,4.8528266
56164,1.8943714
56165,1.3064054
56166,1.77523
56167,1.3224057
56168,3.0813982
56169,1.0848799
56170,3.1862016
56171,1.0474019
56172,2.8475144
56173,2.4286103
56174,1.5397394
56175,1.16946
56176,0.87083936
56177,1.4998485
56178,1.0314753
56179,2.8174074
56180,1.5941702
56181,2.5518508
56182,2.4985201
56183,1.2820289
56184,0.5864877
56185,0.76568365
56186,4.1574445
56187,2.157743
56188,2.9938993
56189,1.6598574
56190,1.2473977
56191,2.5420487
56192,1.531315
56193,4.632915
56194,3.0423732
56195,1.8147447
56196,2.2797618
56197,1.1346768
56198,1.5385925
56199,3.1865487
56200,1.6269525
56201,1.3412844
56202,0.8716458
56203,1.2882805
56204,3.1394408
56205,1.3565006
56206,3.0729082
56207,3.058503
56208,1.3973316
56209,4.799722
56210,1.3082632
56211,4.7297378
56212,2.3336325
56213,1.067086
56214,4.563717
56215,1.7931156
56216,1.906562
56217,1.9435314
56218,1.4057502
56219,1.9208748
56220,3.0994046
56221,1.0929769
56222,0.92804074
56223,2.2812228
56224,2.8486953
56225,1.1880181
56226,1.4717957
56227,3.1960852
56228,2.2291563
56229,1.5589877
56230,1.6500682
56231,1.9927765
56232,3.9445598
56233,1.771102
56234,2.4573474
56235,2.9323845
56236,2.1851864
56237,1.7263637
56238,4.8366528
56239,2.1011646
56240,1.0830966
56241,2.160847
56242,2.1509342
56243,1.8171456
56244,1.4106684
56245,2.9771812
56246,1.2084708
56247,0.8847156
56248,1.9761035
56249,2.340994
56250,3.6363719
56251,1.8245574
56252,2.0407245
56253,4.5553107
56254,2.7227042
56255,2.4630487
56256,2.3746147
56257,1.3944168
56258,3.8623962
56259,5.0438547
56260,3.5907493
56261,1.3124447
56262,1.840108
56263,0.92323226
56264,4.6799736
56265,1.3662586
56266,1.6317896
56267,2.2042115
56268,2.2564566
56269,0.9754552
56270,1.6532491
56271,1.4935471
56272,1.1747614
56273,0.77917445
56274,1.4752825
56275,1.4853868
56276,3.7561762
56277,2.0878265
56278,0.90045923
56279,1.8798162
56280,1.7607311
56281,2.463981
56282,1.4757695
56283,1.8986917
56284,1.106572
56285,1.9171216
56286,0.8507751
56287,5.1017156
56288,4.2999077
56289,1.9094166
56290,2.2753017
56291,2.1165664
56292,1.8290224
56293,1.6869086
56294,4.959383
56295,2.5221338
56296,3.2254798
56297,1.7280142
56298,1.2120428
56299,1.98371
56300,1.3699087
56301,0.6206866
56302,1.2338089
56303,2.8266351
56304,3.3880105
56305,0.89007246
56306,2.5759726
56307,1.6978774
56308,1.7539928
56309,0.734319
56310,2.3262842
56311,2.5320027
56312,1.4734787
56313,3.8408666
56314,1.8441253
56315,0.9641024
56316,2.4394553
56317,0.7193029
56318,4.8436885
56319,3.0863972
56320,0.8123776
56321,1.0605779
56322,0.5945745
56323,1.253517
56324,2.0515656
56325,1.6994009
56326,3.5746799
56327,2.7985766
56328,3.0034478
56329,1.5595858
56330,3.1627874
56331,3.4016807
56332,1.3775562
56333,3.246405
56334,1.5825132
56335,2.092557
56336,0.8852316
56337,4.859138
56338,2.513706
56339,1.1474231
56340,3.5857193
56341,1.6919733
56342,1.4017495
56343,1.9489269
56344,0.9156069
56345,3.0829828
56346,1.3029252
56347,3.3187573
56348,1.084236
56349,1.5099214
56350,1.3438525
56351,3.0042253
56352,3.4276597
56353,1.7812699
56354,2.6059077
56355,2.0893803
56356,1.0158806
56357,4.4127893
56358,1.6297159
56359,0.89213663
56360,1.0996234
56361,2.2766478
56362,1.6207767
56363,0.62227863
56364,1.1874211
56365,3.174999
56366,1.9177268
56367,3.420476
56368,0.9851755
56369,0.7045681
56370,1.4857408
56371,3.5315657
56372,3.267844
56373,0.45458275
56374,1.9716406
56375,3.1636596
56376,3.3168344
56377,0.62378246
56378,3.507379
56379,2.639939
56380,2.5248802
56381,2.2672868
56382,1.6495682
56383,1.5762441
56384,4.0431514
56385,1.3865882
56386,2.408376
56387,0.5778952
56388,1.7608544
56389,2.0088403
56390,1.686734
56391,1.3095703
56392,0.8844208
56393,2.0056343
56394,2.8257377
56395,1.8227327
56396,3.1282125
56397,3.2674444
56398,1.9183888
56399,4.5250416
56400,2.5409648
56401,0.8891877
56402,0.5297977
56403,1.1634319
56404,4.2900815
56405,1.3371298
56406,3.4570882
56407,2.6140356
56408,1.0095204
56409,3.9318824
56410,2.1788642
56411,1.6607268
56412,3.703601
56413,1.9293092
56414,3.202528
56415,1.5791086
56416,1.2783439
56417,2.2911994
56418,2.560387
56419,2.9801817
56420,1.8295097
56421,1.1592097
56422,3.5292788
56423,0.69163585
56424,2.967604
56425,4.4506426
56426,0.9309797
56427,0.95705354
56428,1.4675244
56429,2.8676124
56430,3.8120878
56431,1.3345548
56432,1.508951
56433,1.7400446
56434,2.0559542
56435,4.1577764
56436,1.2717675
56437,2.278992
56438,1.3494114
56439,3.240568
56440,1.1617846
56441,3.8130918
56442,1.6752449
56443,0.6095079
56444,1.4506049
56445,1.3219718
56446,2.89847
56447,4.059027
56448,0.9474939
56449,2.9998581
56450,3.2594724
56451,1.4612602
56452,1.457945
56453,3.0230997
56454,2.6858916
56455,2.1753142
56456,0.82884043
56457,2.3623185
56458,2.0292752
56459,3.5215394
56460,1.835838
56461,1.806744
56462,2.077688
56463,2.5079086
56464,3.4599273
56465,1.1144392
56466,3.026896
56467,2.2954557
56468,1.1741889
56469,3.127712
56470,1.709879
56471,1.7645346
56472,1.1894425
56473,3.1836495
56474,1.9156203
56475,1.9240863
56476,1.8959161
56477,2.096128
56478,2.2377028
56479,2.5097241
56480,4.8767176
56481,0.6289527
56482,1.377908
56483,1.7749573
56484,1.8038107
56485,2.478105
56486,1.1738733
56487,2.415932
56488,2.0520358
56489,1.6298542
56490,3.3147223
56491,1.578228
56492,0.7726522
56493,2.347147
56494,1.5273683
56495,1.2187861
56496,2.858217
56497,1.0447392
56498,2.271649
56499,3.017685
56500,1.1332308
56501,1.629221
56502,2.431089
56503,3.4224567
56504,2.8551536
56505,1.2392603
56506,1.4913858
56507,2.736235
56508,1.9664191
56509,1.2271438
56510,1.5631747
56511,2.1515913
56512,0.5821971
56513,0.5198185
56514,1.5425838
56515,1.1400119
56516,1.9433529
56517,1.5010712
56518,2.34517
56519,2.451601
56520,2.3248913
56521,2.0819755
56522,2.4715624
56523,2.5353246
56524,1.8021166
56525,1.2148707
56526,2.217609
56527,1.0211343
56528,0.73220927
56529,3.979234
56530,1.125863
56531,1.6235427
56532,1.5266783
56533,0.940066
56534,4.3242655
56535,3.3991942
56536,2.358097
56537,2.5704172
56538,0.84757566
56539,2.4120731
56540,2.342609
56541,3.3274205
56542,3.7136366
56543,1.286526
56544,2.658844
56545,0.98412
56546,0.93092704
56547,3.082559
56548,1.5400959
56549,1.4921981
56550,1.5588032
56551,1.1295633
56552,2.0802293
56553,1.1144915
56554,2.1288197
56555,1.3805003
56556,0.6242995
56557,2.1624
56558,2.01966
56559,2.1961377
56560,0.8442209
56561,0.7918263
56562,1.9336332
56563,1.0688492
56564,3.3766
56565,2.1198072
56566,2.6578586
56567,1.3782694
56568,0.9467894
56569,1.9727523
56570,1.3699143
56571,2.9709914
56572,1.8312752
56573,1.3592305
56574,3.7587986
56575,0.83007234
56576,2.196494
56577,2.721929
56578,1.1428978
56579,2.4120495
56580,1.5728401
56581,4.16604
56582,0.7826823
56583,1.8353899
56584,1.7454526
56585,1.2328526
56586,2.1130638
56587,2.8632705
56588,1.9946337
56589,2.6612768
56590,1.6834974
56591,2.0394883
56592,4.20884
56593,0.84003407
56594,1.3564346
56595,5.14497
56596,2.4491808
56597,0.9115715
56598,2.1737764
56599,0.76584685
56600,1.1744022
56601,0.7495594
56602,1.1925445
56603,1.9045507
56604,2.7359445
56605,1.6577758
56606,1.9239516
56607,2.2916932
56608,1.1250447
56609,1.2401285
56610,4.7080975
56611,1.8368424
56612,0.7894191
56613,2.9204624
56614,2.0270984
56615,1.473139
56616,3.789958
56617,1.4905106
56618,2.2782276
56619,1.9972805
56620,3.4948094
56621,3.132654
56622,2.504254
56623,3.1143296
56624,1.715445
56625,2.3957307
56626,3.9265518
56627,2.0809953
56628,0.83829385
56629,5.1693993
56630,2.0429635
56631,1.0225904
56632,1.5422808
56633,2.0896895
56634,2.7275283
56635,0.943296
56636,1.0367838
56637,1.9660621
56638,1.0392358
56639,2.0634682
56640,2.39785
56641,0.9613822
56642,1.7583249
56643,0.8717111
56644,2.2651784
56645,5.255061
56646,1.2817911
56647,1.6417332
56648,0.64632154
56649,3.057226
56650,2.1734273
56651,1.4027655
56652,3.5583937
56653,1.8390756
56654,3.6678622
56655,1.984708
56656,1.048781
56657,0.9183782
56658,4.7849474
56659,1.3795676
56660,2.1836226
56661,1.8493599
56662,2.2521443
56663,1.1918023
56664,2.253119
56665,2.557864
56666,2.6104233
56667,0.8194397
56668,1.423633
56669,2.7902281
56670,2.6484165
56671,1.5588154
56672,2.056092
56673,4.563331
56674,1.6910223
56675,2.9771552
56676,1.7885104
56677,1.621524
56678,3.6435287
56679,2.7784214
56680,2.1975813
56681,2.676186
56682,1.4699416
56683,1.5736815
56684,0.87053823
56685,2.1308136
56686,2.137092
56687,0.8837816
56688,1.6934183
56689,2.2921014
56690,2.1844113
56691,2.6189804
56692,3.4083393
56693,1.0320412
56694,1.1595058
56695,1.3890501
56696,1.4074029
56697,1.1975911
56698,1.7095642
56699,0.81162477
56700,2.5022652
56701,4.350159
56702,2.152647
56703,2.0226657
56704,2.1692255
56705,1.9393367
56706,0.7617478
56707,1.3175236
56708,3.3259068
56709,1.7597201
56710,0.7828306
56711,4.5208464
56712,1.1161177
56713,3.2537544
56714,1.5216546
56715,2.6887324
56716,2.1731923
56717,4.3479486
56718,2.5010066
56719,1.0833886
56720,1.53247
56721,1.4008591
56722,2.8102667
56723,3.887704
56724,0.95239294
56725,2.6737838
56726,1.3626461
56727,1.5839623
56728,1.3430731
56729,2.377336
56730,3.162792
56731,3.4755738
56732,2.4718888
56733,1.2752906
56734,0.80689615
56735,2.4254289
56736,2.4383512
56737,1.0614389
56738,3.2657874
56739,2.130513
56740,1.5862949
56741,0.7394849
56742,1.1930279
56743,2.4491456
56744,1.346098
56745,2.8239038
56746,2.838831
56747,2.2303689
56748,1.696446
56749,1.6101811
56750,1.1259465
56751,1.6459357
56752,3.6698215
56753,3.490782
56754,1.0552996
56755,0.92491055
56756,3.9859996
56757,2.3902397
56758,3.1334264
56759,0.8547681
56760,1.8033911
56761,2.5059745
56762,0.90047115
56763,1.4377142
56764,2.5621428
56765,2.0730405
56766,1.1728666
56767,2.1231663
56768,0.907585
56769,1.2752472
56770,1.184343
56771,3.2517772
56772,0.90076816
56773,3.7814643
56774,1.9315319
56775,1.8470286
56776,0.8843815
56777,2.0182896
56778,3.570962
56779,0.7364535
56780,0.5621767
56781,1.5089515
56782,3.1333957
56783,1.327903
56784,2.5719318
56785,1.0165703
56786,2.0160196
56787,2.4858074
56788,0.77083236
56789,0.7985988
56790,1.0570314
56791,4.456415
56792,3.923557
56793,1.5270146
56794,4.858587
56795,1.2121574
56796,1.8060617
56797,0.8414903
56798,1.8013072
56799,1.202509
56800,1.6293414
56801,1.8866045
56802,0.9869363
56803,0.93426144
56804,2.3545036
56805,0.8304173
56806,2.17915
56807,4.8446074
56808,1.4480019
56809,2.7308261
56810,3.916565
56811,2.1031244
56812,2.2887244
56813,0.97605157
56814,1.95286
56815,3.8468342
56816,1.5254903
56817,0.9553641
56818,2.3055456
56819,1.8109326
56820,1.7962961
56821,1.2366186
56822,1.8116531
56823,1.0052286
56824,3.8171523
56825,2.5455353
56826,1.6818091
56827,1.825608
56828,3.5003161
56829,3.0456958
56830,2.4453597
56831,1.1509918
56832,1.2745589
56833,2.753329
56834,0.55359936
56835,2.311752
56836,2.527655
56837,1.7151161
56838,0.5657269
56839,3.4881938
56840,2.4976368
56841,1.5200255
56842,1.7474277
56843,4.6717434
56844,2.2010877
56845,0.921099
56846,1.5502048
56847,2.234986
56848,1.9173855
56849,1.853833
56850,3.083712
56851,1.241772
56852,2.329377
56853,0.9942095
56854,2.3331468
56855,1.453491
56856,1.1188656
56857,1.5091169
56858,2.2827559
56859,2.2304707
56860,2.1690447
56861,2.0499141
56862,1.2837094
56863,1.8112434
56864,1.9580902
56865,1.192837
56866,0.9030511
56867,0.937118
56868,2.7223756
56869,0.7854356
56870,2.7174158
56871,1.3856441
56872,2.4403272
56873,1.8429295
56874,2.5844386
56875,0.68431836
56876,4.05341
56877,1.7102832
56878,2.2027671
56879,3.4742773
56880,2.9030325
56881,1.3513414
56882,1.2191448
56883,1.8096617
56884,1.614543
56885,2.046256
56886,1.6291121
56887,1.1386942
56888,4.227346
56889,0.95821935
56890,1.6867588
56891,1.477268
56892,3.0006099
56893,2.8507478
56894,3.0790815
56895,1.4097341
56896,2.8057404
56897,1.4911435
56898,1.6978724
56899,1.6901592
56900,1.7211453
56901,2.622609
56902,1.0921383
56903,1.2563293
56904,4.617133
56905,2.5297484
56906,1.7754854
56907,1.8101698
56908,1.8152363
56909,1.2345481
56910,3.0648506
56911,1.5159882
56912,4.6808734
56913,1.6898043
56914,2.8158846
56915,2.7610784
56916,2.3365495
56917,1.0207845
56918,1.7800324
56919,1.3035188
56920,0.721077
56921,1.6281575
56922,2.3455355
56923,0.5765646
56924,1.7764509
56925,5.117699
56926,0.81640786
56927,1.8285524
56928,2.2675784
56929,1.6273445
56930,1.791636
56931,1.0244418
56932,0.909438
56933,1.599589
56934,1.3090482
56935,1.5425916
56936,0.52993065
56937,1.9401963
56938,2.0981348
56939,0.99924344
56940,2.7647836
56941,2.807064
56942,1.1263522
56943,1.8896163
56944,1.2201297
56945,1.8950845
56946,3.1853917
56947,3.929411
56948,0.96108055
56949,1.2120907
56950,0.9693894
56951,2.0408154
56952,1.8016926
56953,2.1873002
56954,2.6061757
56955,1.7678144
56956,1.6252694
56957,1.6955379
56958,2.1997738
56959,1.9405773
56960,3.1517448
56961,2.538676
56962,1.0208367
56963,2.2850955
56964,1.6243354
56965,1.9875015
56966,1.763509
56967,1.9469119
56968,1.6975292
56969,0.7276264
56970,0.92362326
56971,1.2432842
56972,0.67332065
56973,1.5217942
56974,1.3585827
56975,1.9368879
56976,1.726745
56977,2.723403
56978,0.8737012
56979,2.543338
56980,2.7571533
56981,2.0966763
56982,2.1456332
56983,2.0124614
56984,2.3374324
56985,1.7405391
56986,1.5035492
56987,1.4800487
56988,1.9934055
56989,1.08966
56990,2.691149
56991,0.60820687
56992,4.4729986
56993,0.9171846
56994,1.6910219
56995,2.1020255
56996,0.9566676
56997,3.087214
56998,1.1919476
56999,2.3564394
57000,1.9140322
57001,1.8878586
57002,1.6128964
57003,1.4484648
57004,1.4704037
57005,3.2841222
57006,3.1192558
57007,1.4652679
57008,2.7072616
57009,2.4103847
57010,2.280723
57011,4.3261886
57012,2.4128041
57013,3.3839061
57014,1.9569117
57015,2.0474684
57016,1.3977569
57017,4.136156
57018,1.1113516
57019,1.1314594
57020,1.8278136
57021,2.8233764
57022,2.604817
57023,1.7425143
57024,1.3832843
57025,2.438363
57026,1.6475607
57027,3.9469733
57028,1.6807169
57029,3.8813193
57030,1.091051
57031,3.1781485
57032,3.5621274
57033,2.6661818
57034,2.184268
57035,0.5285887
57036,1.2569517
57037,1.1275992
57038,0.8841093
57039,1.3080975
57040,1.2122698
57041,2.0026927
57042,1.8559266
57043,1.9493035
57044,2.0542417
57045,1.0662798
57046,1.1143786
57047,2.4653158
57048,4.538414
57049,1.4294937
57050,1.913724
57051,2.1029634
57052,1.8905715
57053,1.2366844
57054,2.597039
57055,1.9394215
57056,1.3028384
57057,2.2274995
57058,2.099688
57059,1.8972483
57060,1.7465785
57061,1.0031976
57062,1.6946698
57063,4.566689
57064,2.5495276
57065,1.8780789
57066,1.3372055
57067,1.5314097
57068,2.080626
57069,1.7577143
57070,2.6047997
57071,4.597736
57072,1.9462296
57073,1.8028262
57074,0.7244223
57075,3.298761
57076,1.5231111
57077,2.5559058
57078,1.5849667
57079,1.2320437
57080,3.6753786
57081,0.94309354
57082,2.8595903
57083,1.3081359
57084,1.1217307
57085,2.247874
57086,1.5002553
57087,0.9255542
57088,2.540459
57089,1.8089378
57090,0.90646106
57091,1.7465985
57092,1.1860801
57093,2.0389764
57094,4.9790816
57095,0.9681168
57096,2.011804
57097,2.158323
57098,1.5926776
57099,4.103557
57100,1.4387205
57101,4.6133413
57102,3.6424341
57103,2.839605
57104,0.87386537
57105,1.9154645
57106,1.1523985
57107,2.1597958
57108,1.9181017
57109,1.4319844
57110,0.5837629
57111,0.7408899
57112,3.1686807
57113,2.8008065
57114,4.425328
57115,4.1077085
57116,2.5935292
57117,2.3562973
57118,3.8320146
57119,2.1169593
57120,1.6326984
57121,4.6344585
57122,2.1069314
57123,2.294798
57124,1.1792848
57125,1.1373665
57126,2.734619
57127,0.87913114
57128,1.2635459
57129,2.3564985
57130,2.987602
57131,4.2980924
57132,1.401827
57133,2.4604366
57134,1.4270891
57135,1.5120529
57136,1.8320198
57137,0.8170193
57138,0.97928727
57139,0.9139246
57140,1.4469545
57141,4.246682
57142,2.993287
57143,0.7940559
57144,3.4158454
57145,3.3382878
57146,4.03288
57147,3.1034288
57148,2.6621406
57149,0.7264794
57150,2.323956
57151,3.0249684
57152,1.2635194
57153,3.3423665
57154,2.8905177
57155,3.4815233
57156,0.9649725
57157,2.6010957
57158,0.66045445
57159,3.1100755
57160,1.6008508
57161,1.5670079
57162,4.824156
57163,0.91751224
57164,1.807626
57165,1.4652764
57166,1.9156516
57167,3.264001
57168,1.2871543
57169,0.76615655
57170,1.541021
57171,2.984309
57172,5.0709233
57173,1.8858887
57174,0.5636803
57175,2.9157553
57176,0.60964394
57177,1.9434905
57178,2.423588
57179,2.3417325
57180,1.3154287
57181,2.6816518
57182,2.1703494
57183,4.064865
57184,2.520585
57185,1.2550266
57186,1.9624693
57187,1.361294
57188,1.5100415
57189,2.6135592
57190,3.8879788
57191,1.4545037
57192,2.198517
57193,2.1619978
57194,2.7588778
57195,1.8126094
57196,1.6706849
57197,1.952764
57198,1.7076974
57199,2.779277
57200,1.7477112
57201,1.5182213
57202,2.5293617
57203,0.6083939
57204,2.188359
57205,1.4579912
57206,3.736307
57207,4.153002
57208,2.21071
57209,2.7519462
57210,1.1875494
57211,1.002212
57212,2.8705301
57213,1.2642715
57214,3.3271685
57215,1.0373056
57216,0.5945666
57217,2.3382378
57218,2.2778668
57219,3.3549087
57220,3.4886544
57221,2.942212
57222,2.1535132
57223,3.2139046
57224,2.720715
57225,3.2970505
57226,0.5753961
57227,1.1200836
57228,3.9444592
57229,2.2199497
57230,1.8400937
57231,1.5349563
57232,1.5595905
57233,1.6700473
57234,3.913896
57235,2.9859128
57236,2.2566736
57237,2.5890234
57238,3.4805875
57239,3.1080384
57240,0.8857072
57241,2.987475
57242,2.1374044
57243,3.5717077
57244,2.1559064
57245,0.6277253
57246,4.453158
57247,1.0755689
57248,1.8613352
57249,0.8231088
57250,0.7910321
57251,3.0748441
57252,0.96597373
57253,4.4675174
57254,1.7406644
57255,1.3427995
57256,2.5514104
57257,1.3915336
57258,4.6558375
57259,2.0922828
57260,1.5868756
57261,2.2098315
57262,2.9777107
57263,1.3588127
57264,1.3632098
57265,3.5755773
57266,0.48978594
57267,1.9984195
57268,0.6968789
57269,2.135218
57270,1.3690407
57271,0.6547924
57272,1.7451653
57273,1.7160354
57274,4.187965
57275,1.3263792
57276,3.6172965
57277,2.4801674
57278,2.8981252
57279,3.4112918
57280,3.4891245
57281,2.5312037
57282,0.6551157
57283,3.3038743
57284,0.9014072
57285,2.416636
57286,3.643852
57287,2.7155337
57288,0.95961493
57289,2.092979
57290,1.4357966
57291,3.1127884
57292,1.3951019
57293,2.4113755
57294,2.0304687
57295,0.7208836
57296,3.6755476
57297,1.3010948
57298,1.8993633
57299,2.625929
57300,1.1115683
57301,2.8729916
57302,1.9806355
57303,0.90320176
57304,2.585733
57305,1.5141311
57306,1.8771131
57307,2.1109526
57308,2.3760018
57309,1.7938391
57310,2.0468795
57311,1.6183807
57312,4.210021
57313,1.8607712
57314,1.0961353
57315,2.3444881
57316,2.6514184
57317,1.6759932
57318,1.5949539
57319,5.0692573
57320,1.5088573
57321,1.735626
57322,1.4933392
57323,1.0209714
57324,2.8258219
57325,0.91106194
57326,1.6567768
57327,3.613131
57328,1.8589646
57329,1.0317124
57330,1.3131381
57331,2.5076864
57332,2.321535
57333,2.5257359
57334,1.2638601
57335,2.6932828
57336,2.5255625
57337,2.5804465
57338,1.0497704
57339,3.2654502
57340,0.8303815
57341,0.9119393
57342,0.8944295
57343,1.303495
57344,1.705034
57345,0.852928
57346,1.0062103
57347,2.060552
57348,3.1224134
57349,1.88487
57350,1.3762232
57351,3.0379481
57352,2.5390694
57353,2.7047656
57354,1.9765111
57355,2.0591145
57356,1.2532655
57357,1.2564127
57358,3.6063566
57359,0.912124
57360,1.814981
57361,1.779174
57362,1.6094974
57363,4.435311
57364,0.8542978
57365,2.218762
57366,0.48091802
57367,1.8283474
57368,3.6041512
57369,2.5157323
57370,1.7073511
57371,1.6458412
57372,1.412209
57373,2.9353194
57374,1.2581614
57375,1.6942799
57376,3.41583
57377,0.6828583
57378,1.4171466
57379,1.5126126
57380,1.7294441
57381,2.7083604
57382,1.2899306
57383,0.70149046
57384,1.3499213
57385,3.2277372
57386,1.776503
57387,3.54316
57388,2.31187
57389,2.270948
57390,0.6245638
57391,0.735667
57392,2.3784103
57393,1.7308073
57394,1.6790787
57395,2.835434
57396,5.1411023
57397,2.3052547
57398,1.4529166
57399,3.2108958
57400,2.5457578
57401,4.2406735
57402,2.209917
57403,2.207729
57404,0.657509
57405,1.12226
57406,2.2273545
57407,3.7090724
57408,4.3418055
57409,1.0339768
57410,2.5040894
57411,1.4518175
57412,2.529733
57413,2.509571
57414,2.6732602
57415,1.4259785
57416,3.6854239
57417,2.7002149
57418,0.9651921
57419,2.3773873
57420,2.4354753
57421,0.9181901
57422,2.9886944
57423,4.1392136
57424,1.6977156
57425,1.4090488
57426,4.453596
57427,2.2139115
57428,1.7970191
57429,3.4376986
57430,1.7703894
57431,1.5468153
57432,4.6776934
57433,2.9214613
57434,0.8447866
57435,1.780245
57436,3.2102194
57437,1.9808686
57438,1.2480295
57439,2.7643907
57440,1.7664323
57441,2.178672
57442,3.1499677
57443,2.9637904
57444,2.41086
57445,1.4207313
57446,4.13708
57447,4.021842
57448,0.62914723
57449,0.6867412
57450,0.8419064
57451,2.3687482
57452,1.4967221
57453,2.7085044
57454,1.8066189
57455,1.9185487
57456,1.3028799
57457,1.3995981
57458,2.4456618
57459,1.5151006
57460,1.8034132
57461,2.0372896
57462,1.9090773
57463,1.5206306
57464,1.3119894
57465,1.6854178
57466,1.6448575
57467,0.61683583
57468,1.2795843
57469,1.3528221
57470,5.00089
57471,2.9074988
57472,2.869287
57473,1.3815678
57474,0.9575929
57475,0.7748301
57476,2.0958045
57477,0.53373194
57478,2.2493227
57479,1.5820192
57480,1.062488
57481,1.672292
57482,0.65900713
57483,3.4177234
57484,2.8542228
57485,2.323507
57486,2.0503004
57487,4.821605
57488,4.118101
57489,3.8952339
57490,1.187376
57491,0.8347185
57492,1.8667618
57493,2.904798
57494,1.0392569
57495,0.6719565
57496,1.7735697
57497,4.2184854
57498,3.4282818
57499,1.5342026
57500,2.2449899
57501,2.4941995
57502,1.9342499
57503,1.7279537
57504,3.6338503
57505,2.8036
57506,1.254506
57507,1.6513485
57508,3.4541712
57509,2.1111217
57510,3.0990598
57511,1.7928795
57512,1.1819423
57513,2.332814
57514,1.3127725
57515,2.844757
57516,2.2459526
57517,4.577043
57518,1.955227
57519,0.7520165
57520,2.1608472
57521,1.2587814
57522,1.4085385
57523,1.93599
57524,3.5904148
57525,1.2744775
57526,3.5932753
57527,2.0925934
57528,2.6958609
57529,3.409678
57530,3.1939912
57531,1.0788478
57532,2.092547
57533,2.1693156
57534,2.5978522
57535,1.140662
57536,3.4578688
57537,4.997408
57538,1.4567394
57539,1.1157631
57540,1.3885645
57541,1.8432332
57542,0.9634694
57543,0.9303549
57544,1.3453349
57545,2.5982897
57546,0.9551233
57547,1.2078959
57548,1.3047153
57549,1.3580986
57550,4.9232306
57551,2.6959236
57552,2.777174
57553,2.0700886
57554,1.6120039
57555,1.5992209
57556,3.1113374
57557,2.2775757
57558,0.9260349
57559,2.3158276
57560,1.5673593
57561,2.7804089
57562,3.39907
57563,1.4063108
57564,1.2148119
57565,1.399896
57566,2.2925715
57567,2.8042946
57568,1.1061298
57569,1.1410587
57570,2.0595255
57571,4.4617553
57572,1.355797
57573,3.1092486
57574,2.4665337
57575,3.9670064
57576,0.85461456
57577,2.751099
57578,2.4831424
57579,1.0633526
57580,2.0577965
57581,1.2874782
57582,4.8084707
57583,3.1669292
57584,1.7882407
57585,3.7587454
57586,1.5247622
57587,4.818309
57588,1.7576381
57589,1.3325511
57590,1.8992916
57591,4.279634
57592,2.2953148
57593,2.0038228
57594,1.1452659
57595,1.29585
57596,1.8293566
57597,4.230769
57598,3.9171371
57599,2.3769429
57600,0.9076546
57601,2.0542192
57602,1.4917345
57603,1.8058637
57604,3.6790648
57605,0.91583556
57606,2.1801686
57607,1.6661298
57608,0.7953786
57609,2.6347547
57610,1.4960043
57611,2.1561067
57612,4.2134037
57613,2.0124996
57614,1.9618976
57615,1.8709233
57616,0.797887
57617,2.0379708
57618,2.1169026
57619,1.4904649
57620,1.7972367
57621,3.0073729
57622,0.8176385
57623,3.103791
57624,2.460683
57625,1.286892
57626,1.1108503
57627,2.0361266
57628,0.83288103
57629,1.3099847
57630,1.0380858
57631,3.624817
57632,1.271492
57633,1.795228
57634,2.669295
57635,2.7618136
57636,3.8828387
57637,1.5383273
57638,1.3210793
57639,3.0077283
57640,2.1639104
57641,2.8869727
57642,4.437878
57643,1.3903006
57644,1.3955698
57645,1.4949982
57646,0.8614428
57647,3.3418207
57648,3.3677962
57649,4.3175726
57650,1.8067135
57651,2.1309013
57652,2.6683664
57653,1.5475446
57654,1.6483169
57655,4.5004745
57656,0.6587684
57657,1.8454157
57658,0.98566496
57659,4.5515227
57660,0.80108726
57661,0.75813705
57662,2.7441783
57663,1.5140643
57664,1.5643848
57665,1.0419683
57666,0.99280834
57667,1.5872405
57668,1.2786244
57669,2.0193987
57670,1.6979817
57671,2.108567
57672,0.750562
57673,4.021994
57674,1.6381994
57675,1.5789977
57676,3.1332214
57677,1.3930165
57678,2.003991
57679,2.9404936
57680,2.402542
57681,3.5407786
57682,2.4096534
57683,2.722175
57684,0.5906857
57685,2.7240648
57686,0.7211909
57687,2.0073886
57688,2.6170807
57689,0.87048715
57690,3.7294798
57691,1.6759849
57692,0.8704605
57693,2.3647532
57694,1.0527735
57695,1.2907598
57696,2.5602756
57697,3.8806767
57698,1.766932
57699,1.4171054
57700,0.8255676
57701,1.700201
57702,1.711799
57703,1.2480648
57704,1.5846995
57705,1.0763133
57706,3.7700613
57707,3.2525895
57708,1.9320471
57709,4.2333617
57710,3.5693836
57711,1.6708705
57712,3.5700812
57713,4.9502196
57714,2.613143
57715,2.7548816
57716,1.9669992
57717,1.8800954
57718,3.4173627
57719,0.6959894
57720,0.6647461
57721,1.6358764
57722,1.5337127
57723,1.3022449
57724,3.0393648
57725,1.8656677
57726,2.1742313
57727,2.2525492
57728,1.6403366
57729,5.2313986
57730,0.76500404
57731,2.7925403
57732,2.9953432
57733,0.8580783
57734,1.4702611
57735,1.401393
57736,1.659568
57737,1.2007301
57738,1.1707997
57739,2.6054316
57740,1.6434366
57741,1.3356727
57742,2.8320138
57743,0.97995275
57744,3.3059323
57745,2.1623418
57746,2.0594127
57747,1.5363419
57748,1.5026953
57749,3.6768901
57750,0.9034424
57751,1.2707857
57752,1.7214258
57753,1.2237122
57754,1.1251793
57755,3.4120944
57756,1.1673074
57757,0.897979
57758,2.2752588
57759,1.3023307
57760,1.8499794
57761,2.8991737
57762,1.8817405
57763,3.318993
57764,3.526294
57765,1.8426763
57766,1.0636712
57767,5.2558975
57768,0.9238184
57769,0.86641467
57770,4.908424
57771,1.6911786
57772,2.6799307
57773,4.5925355
57774,1.0817075
57775,0.7922814
57776,2.2320251
57777,2.283516
57778,0.9937569
57779,1.8440353
57780,3.5248168
57781,2.0787997
57782,4.3899455
57783,1.0917839
57784,3.4659503
57785,1.8796368
57786,2.4736235
57787,1.5460503
57788,0.6406337
57789,1.1919463
57790,1.8526354
57791,1.334641
57792,1.4990762
57793,1.2937523
57794,1.8532321
57795,2.6270828
57796,4.3972864
57797,2.3350444
57798,0.7969428
57799,4.9440913
57800,1.4177816
57801,2.3266642
57802,2.2198212
57803,1.5013536
57804,1.3849511
57805,0.7295103
57806,1.2145169
57807,1.9591231
57808,1.2302742
57809,2.9782257
57810,2.3696773
57811,1.149724
57812,2.0110428
57813,1.7020354
57814,0.77649647
57815,1.2874072
57816,3.8295941
57817,1.2972198
57818,0.6509456
57819,1.0270711
57820,1.7956464
57821,2.8871891
57822,3.0710042
57823,3.340865
57824,1.7378981
57825,2.9319465
57826,3.1333985
57827,1.4350191
57828,1.3455683
57829,0.91900414
57830,2.3580575
57831,3.100393
57832,1.6743637
57833,2.6652455
57834,1.0989982
57835,1.7111288
57836,2.1802907
57837,2.2786484
57838,3.2293656
57839,1.4194376
57840,2.4695926
57841,1.6385971
57842,1.3809736
57843,4.022072
57844,2.1652079
57845,2.4549549
57846,1.546973
57847,2.0027595
57848,0.55808544
57849,2.6625118
57850,3.8160503
57851,2.9710608
57852,1.4940867
57853,1.6434553
57854,1.9264048
57855,1.0616108
57856,2.256175
57857,1.2166712
57858,2.1388597
57859,2.069039
57860,0.7068532
57861,2.81098
57862,2.6795423
57863,0.5952652
57864,0.9340719
57865,3.8907487
57866,2.8350976
57867,1.408081
57868,3.1690714
57869,1.2832264
57870,2.688836
57871,1.0145953
57872,3.0172734
57873,2.9710042
57874,4.2440133
57875,1.9067091
57876,1.7390952
57877,2.3938437
57878,1.0094036
57879,4.4500103
57880,1.3190235
57881,1.466725
57882,2.1730082
57883,5.270894
57884,2.687007
57885,2.4966726
57886,1.095299
57887,0.5963
57888,1.3729696
57889,3.530858
57890,2.8549478
57891,4.3399453
57892,2.8548698
57893,2.1944072
57894,1.0578649
57895,1.2694088
57896,1.852256
57897,0.7123514
57898,1.3438866
57899,1.0375984
57900,2.3633556
57901,1.7722644
57902,0.8682974
57903,2.1306653
57904,1.5115199
57905,2.147465
57906,0.6873205
57907,1.4880918
57908,3.1063273
57909,1.7963637
57910,3.5860956
57911,0.7616174
57912,1.6022294
57913,4.3831077
57914,2.1966312
57915,1.7638183
57916,2.5172706
57917,1.121778
57918,3.4450247
57919,0.81161684
57920,3.2972438
57921,0.7372489
57922,2.4931285
57923,2.298296
57924,1.1107328
57925,0.9179344
57926,1.090438
57927,1.2223681
57928,2.6377916
57929,1.7373235
57930,2.0591438
57931,3.6641884
57932,1.7295567
57933,4.4677134
57934,1.8608606
57935,1.8077263
57936,1.1065245
57937,3.7220001
57938,1.5698608
57939,3.321759
57940,1.3261834
57941,0.9176069
57942,4.4007673
57943,0.86977434
57944,2.3371127
57945,1.5751168
57946,1.8081483
57947,3.4960053
57948,1.7642238
57949,2.3365953
57950,2.6318939
57951,3.15825
57952,1.6094366
57953,1.2531248
57954,1.8428321
57955,0.66756505
57956,2.178775
57957,1.839326
57958,1.7136829
57959,4.072896
57960,1.7155116
57961,2.8307254
57962,2.6150565
57963,1.8683593
57964,2.8715546
57965,3.1997828
57966,1.2171834
57967,1.3930347
57968,1.8663392
57969,4.322988
57970,2.7881281
57971,0.88417995
57972,1.3722866
57973,0.64735603
57974,0.82942647
57975,3.0454693
57976,2.4135633
57977,1.2661598
57978,1.2688558
57979,1.4720043
57980,0.5527348
57981,2.599781
57982,2.3047628
57983,1.8582953
57984,3.4659321
57985,2.4129136
57986,4.3517485
57987,1.2397101
57988,1.7764951
57989,1.2677449
57990,1.216703
57991,1.2166947
57992,2.877018
57993,1.3673134
57994,0.8018659
57995,2.0072348
57996,3.2109332
57997,2.713184
57998,0.9065194
57999,2.603849
58000,1.5235765
58001,1.894476
58002,3.4763176
58003,1.1678663
58004,2.3684175
58005,2.4316897
58006,2.3688977
58007,0.7816265
58008,3.1981094
58009,1.2419981
58010,0.84674424
58011,2.2739065
58012,1.1686207
58013,1.0641127
58014,1.6191349
58015,0.99017256
58016,1.412112
58017,3.099089
58018,0.9599314
58019,2.4550047
58020,3.656752
58021,1.0406915
58022,1.0213884
58023,1.3918619
58024,1.0538152
58025,2.1087112
58026,2.309293
58027,0.83754957
58028,4.8106303
58029,2.190236
58030,2.8640227
58031,2.0990841
58032,2.3138676
58033,1.707217
58034,2.228897
58035,1.9522468
58036,1.6995293
58037,1.3762475
58038,1.4926689
58039,1.7815785
58040,3.6470506
58041,1.4544263
58042,2.8532948
58043,1.2068223
58044,4.797389
58045,3.8941514
58046,1.850167
58047,1.5113528
58048,0.9599184
58049,1.7067779
58050,3.2976067
58051,0.7374947
58052,1.0382898
58053,1.6816282
58054,1.2959094
58055,2.1731806
58056,2.358714
58057,4.344441
58058,1.4067513
58059,1.0083628
58060,1.9065391
58061,3.2458766
58062,1.3653134
58063,1.6950086
58064,2.832992
58065,2.3877106
58066,3.6950102
58067,2.7378423
58068,3.6833768
58069,2.128456
58070,1.4736661
58071,0.8016741
58072,1.7956012
58073,1.7554673
58074,0.9905813
58075,1.8523055
58076,1.2721951
58077,4.6595345
58078,4.5639453
58079,0.7655267
58080,2.8268838
58081,4.385548
58082,1.8695002
58083,2.273616
58084,1.4030297
58085,2.290266
58086,1.0486287
58087,3.6810794
58088,2.787179
58089,0.9260914
58090,1.3891046
58091,1.9540591
58092,1.6673844
58093,0.9921733
58094,2.0284317
58095,3.461066
58096,0.93074733
58097,0.8935723
58098,3.3107884
58099,1.4895035
58100,4.138091
58101,2.1722274
58102,3.980731
58103,2.2853825
58104,3.505437
58105,1.9402379
58106,2.7566078
58107,3.9997463
58108,0.79497975
58109,1.7339987
58110,1.4432627
58111,2.8695602
58112,3.2440674
58113,3.9757805
58114,1.2576925
58115,2.1484215
58116,3.4943163
58117,1.9284834
58118,1.6213533
58119,2.9464893
58120,0.63116145
58121,0.7213378
58122,3.2814035
58123,1.0888525
58124,3.1007962
58125,1.8773241
58126,1.6742238
58127,1.4486024
58128,3.4932134
58129,1.2145002
58130,1.2234565
58131,0.7749298
58132,2.6860032
58133,2.0572205
58134,3.3557682
58135,2.9648128
58136,0.7043614
58137,1.1650506
58138,0.90183175
58139,2.2024138
58140,2.4911034
58141,1.775817
58142,2.39208
58143,1.6055297
58144,1.3447063
58145,1.5559586
58146,1.0222119
58147,1.1062125
58148,1.5131526
58149,1.862439
58150,0.88440317
58151,2.0214953
58152,1.8080802
58153,1.5605279
58154,2.7259173
58155,1.7866901
58156,1.9212899
58157,4.8330984
58158,1.7676548
58159,1.937496
58160,1.1567607
58161,1.6735003
58162,3.5816383
58163,5.0861764
58164,2.1518683
58165,1.2137359
58166,1.1284376
58167,1.8925543
58168,1.197724
58169,1.872444
58170,2.5094926
58171,3.087943
58172,1.9823107
58173,2.7858975
58174,1.079119
58175,1.7210947
58176,2.0176249
58177,2.4992719
58178,1.3521246
58179,1.2475221
58180,2.4399805
58181,1.1814387
58182,3.2260213
58183,3.7204156
58184,0.9648678
58185,1.8649472
58186,0.8930189
58187,1.6906888
58188,0.9833777
58189,3.368411
58190,4.2063093
58191,1.4182154
58192,2.2603066
58193,2.0825312
58194,1.4100187
58195,2.815909
58196,5.186883
58197,2.2352054
58198,2.6380496
58199,1.0377643
58200,1.5408317
58201,1.6613287
58202,3.2632802
58203,1.8602719
58204,1.1964185
58205,1.1597518
58206,2.8878698
58207,2.038267
58208,1.4860067
58209,1.0899898
58210,0.9063599
58211,5.111849
58212,3.2249742
58213,0.9402694
58214,1.3491763
58215,1.7727363
58216,2.4416182
58217,1.0306082
58218,1.9725441
58219,1.2517468
58220,2.7727084
58221,2.4102936
58222,3.130234
58223,2.3954287
58224,0.76131094
58225,3.1412678
58226,1.9449973
58227,1.581026
58228,1.7116735
58229,1.3873705
58230,2.9025338
58231,2.0465026
58232,3.0113413
58233,1.058385
58234,1.7804276
58235,3.4286597
58236,3.3699808
58237,3.02629
58238,4.6683855
58239,0.5971896
58240,1.2195406
58241,1.2207148
58242,1.0829761
58243,2.7591097
58244,1.1057899
58245,2.1870527
58246,1.8858277
58247,3.2481813
58248,2.9733758
58249,1.6113969
58250,1.65907
58251,2.860162
58252,1.7263606
58253,0.82381845
58254,2.3843184
58255,2.2641585
58256,2.8436794
58257,1.9741975
58258,1.476847
58259,2.180532
58260,3.2681415
58261,3.6482234
58262,2.2979703
58263,1.4485209
58264,4.2259145
58265,2.210227
58266,1.7945112
58267,3.6563206
58268,1.7655321
58269,1.8005162
58270,1.5940706
58271,1.9316094
58272,3.3656487
58273,2.3811245
58274,2.6046276
58275,1.8791955
58276,1.6048355
58277,1.6173198
58278,1.4314919
58279,2.2971425
58280,1.1866125
58281,0.91866785
58282,3.849466
58283,1.7006807
58284,1.3821207
58285,1.3973271
58286,0.7904592
58287,1.0625094
58288,2.8360155
58289,1.3631564
58290,3.0417802
58291,1.5241554
58292,1.3683832
58293,1.0911173
58294,4.182139
58295,1.174993
58296,4.0735683
58297,1.7693524
58298,2.1583993
58299,0.8495265
58300,0.7608002
58301,4.0156417
58302,2.4293706
58303,5.1044416
58304,1.3844082
58305,1.5761681
58306,2.376031
58307,0.8532435
58308,0.8706297
58309,2.3796217
58310,1.5401038
58311,1.9454386
58312,2.6659982
58313,2.1180542
58314,1.9363581
58315,1.9251653
58316,0.7391101
58317,2.0889287
58318,2.6189709
58319,1.6909479
58320,2.9230733
58321,1.8074443
58322,2.2580469
58323,1.8960593
58324,1.7515714
58325,2.2546098
58326,2.684797
58327,3.1262028
58328,1.4055545
58329,2.572942
58330,2.022253
58331,1.5335654
58332,4.770172
58333,1.6798279
58334,1.67763
58335,0.90335214
58336,3.1049125
58337,1.633694
58338,1.4874184
58339,1.2640489
58340,1.7137682
58341,1.0563688
58342,1.91203
58343,2.176739
58344,1.2834356
58345,1.605552
58346,1.4752665
58347,1.3026634
58348,1.3593736
58349,2.1559258
58350,1.13435
58351,1.6241354
58352,2.1579306
58353,2.2424426
58354,1.5430356
58355,3.1211994
58356,1.1945125
58357,2.1536286
58358,4.283128
58359,2.8728664
58360,1.9462582
58361,2.6023307
58362,2.9551466
58363,1.6930951
58364,4.5837803
58365,3.0300388
58366,1.589138
58367,1.1118703
58368,1.5250427
58369,1.9511981
58370,2.6011238
58371,1.6647961
58372,0.8061122
58373,2.495878
58374,0.6220615
58375,1.3904234
58376,1.6364934
58377,0.88077515
58378,4.806194
58379,1.9384334
58380,1.3232431
58381,2.057437
58382,1.3036643
58383,1.0271683
58384,1.6049432
58385,4.9677887
58386,1.2677422
58387,0.9736436
58388,1.7129666
58389,2.2169394
58390,1.2061561
58391,0.6538008
58392,1.3479459
58393,2.1307137
58394,1.0441855
58395,2.2070045
58396,2.3640773
58397,2.029225
58398,1.9660528
58399,3.5375905
58400,1.9313165
58401,2.4322078
58402,2.1473453
58403,2.465395
58404,2.0405846
58405,2.1937459
58406,3.9647155
58407,3.4215856
58408,1.711299
58409,1.1805764
58410,1.6962956
58411,0.9344954
58412,2.3637395
58413,1.2684262
58414,3.0460055
58415,2.0624475
58416,1.93465
58417,0.6153812
58418,4.9121156
58419,3.8691778
58420,1.5215335
58421,1.1034046
58422,1.5965531
58423,2.4723575
58424,1.8502156
58425,3.2795906
58426,1.4055953
58427,3.1582553
58428,1.1473522
58429,2.092473
58430,1.990825
58431,2.472448
58432,1.5229436
58433,2.0839732
58434,2.8413024
58435,3.176798
58436,1.9274338
58437,0.8087853
58438,2.2447956
58439,2.168524
58440,2.3772345
58441,1.4441752
58442,1.2259971
58443,1.3651578
58444,0.63107294
58445,0.5460234
58446,2.096901
58447,2.4166682
58448,0.91222847
58449,3.3333757
58450,1.4344497
58451,1.018077
58452,2.6701887
58453,1.1173698
58454,1.3899516
58455,3.4499538
58456,2.2120335
58457,3.2948937
58458,1.8049147
58459,1.3581314
58460,1.8470116
58461,1.7790546
58462,1.1626732
58463,3.1672378
58464,1.3548799
58465,2.5089166
58466,1.5826093
58467,1.486343
58468,1.9908224
58469,0.45071495
58470,0.9996637
58471,1.2947628
58472,0.98972297
58473,1.2016453
58474,1.6177568
58475,1.457491
58476,1.5477457
58477,2.6850474
58478,2.0834754
58479,0.54849285
58480,2.2632742
58481,1.0886681
58482,1.5112189
58483,1.1991025
58484,4.667555
58485,1.8212909
58486,1.3276912
58487,0.8299324
58488,1.3344302
58489,3.3524194
58490,2.1128078
58491,0.6654003
58492,1.4412341
58493,5.0377545
58494,1.7900923
58495,2.73972
58496,4.182276
58497,1.1990244
58498,1.0140965
58499,0.83334583
58500,5.088207
58501,2.4924786
58502,1.2066061
58503,2.2255824
58504,2.3193505
58505,3.21813
58506,1.793075
58507,1.6335424
58508,2.9380693
58509,4.0538683
58510,0.98432595
58511,1.9175725
58512,2.5888762
58513,3.9476569
58514,0.51390934
58515,2.928389
58516,2.1387687
58517,1.2921203
58518,2.5200317
58519,1.2399964
58520,0.87203425
58521,1.8616705
58522,1.1000547
58523,1.5214515
58524,0.9372525
58525,1.7593266
58526,4.817189
58527,0.8507918
58528,1.6629076
58529,2.750771
58530,0.8610272
58531,1.1476526
58532,1.311615
58533,2.694658
58534,1.1498538
58535,1.7179657
58536,2.2121565
58537,1.9552528
58538,1.2815807
58539,2.5643587
58540,0.82168245
58541,1.3388366
58542,0.9356865
58543,1.6870337
58544,2.6223054
58545,4.872558
58546,1.8476388
58547,4.8472075
58548,4.238384
58549,0.780847
58550,1.3378991
58551,0.5184454
58552,2.4061964
58553,1.5057886
58554,2.0357292
58555,1.5519876
58556,1.9398375
58557,2.724374
58558,1.2479202
58559,2.0825067
58560,2.8049755
58561,3.8467166
58562,0.906291
58563,3.6933463
58564,2.8214068
58565,2.9959292
58566,1.4891658
58567,1.526506
58568,0.7303877
58569,1.1103349
58570,1.1581693
58571,1.6514779
58572,0.5626192
58573,1.3252448
58574,1.044577
58575,1.0913689
58576,1.8528119
58577,0.8701415
58578,2.5747356
58579,0.633632
58580,0.69378376
58581,1.3790855
58582,1.2437909
58583,0.66573536
58584,1.2523956
58585,0.8415958
58586,3.3949044
58587,1.4353223
58588,0.9231734
58589,1.4847851
58590,1.2824297
58591,1.068455
58592,3.3486626
58593,1.8949455
58594,4.1269445
58595,1.4549556
58596,2.0624247
58597,1.9943123
58598,0.7173274
58599,3.6412446
58600,2.405898
58601,2.8837905
58602,2.3953938
58603,1.5426006
58604,2.606234
58605,0.6998734
58606,1.4840504
58607,2.897057
58608,3.3019555
58609,1.2311426
58610,2.5541167
58611,1.8204027
58612,2.3323388
58613,3.295689
58614,3.141909
58615,2.111398
58616,2.352183
58617,1.457934
58618,2.8048086
58619,1.0675203
58620,2.7118802
58621,2.0017955
58622,3.9392562
58623,2.6635406
58624,0.90604544
58625,2.293428
58626,0.81106347
58627,2.0436609
58628,1.0847149
58629,1.355452
58630,1.2081691
58631,2.6017365
58632,1.482801
58633,1.8052231
58634,1.5533805
58635,2.4407895
58636,1.8190348
58637,1.751616
58638,1.0706458
58639,2.5599005
58640,3.0255494
58641,1.3094251
58642,3.0808117
58643,3.0049608
58644,2.5650656
58645,1.5359957
58646,0.7817755
58647,1.9407407
58648,1.228031
58649,1.0108942
58650,4.7741194
58651,4.0422482
58652,3.511035
58653,4.7825866
58654,2.734413
58655,1.1681665
58656,3.3743327
58657,4.54276
58658,2.259535
58659,2.4185662
58660,1.8743548
58661,0.9820926
58662,3.2667947
58663,1.2089579
58664,1.4329591
58665,1.5964737
58666,2.9453433
58667,2.9506257
58668,1.6044016
58669,2.9723217
58670,1.6659979
58671,1.893071
58672,1.3995475
58673,1.923238
58674,2.159555
58675,1.9555016
58676,2.7637925
58677,3.8852944
58678,0.5640599
58679,1.1830975
58680,2.3479025
58681,2.2271273
58682,1.5450528
58683,1.634797
58684,3.1166933
58685,3.2250676
58686,1.9957566
58687,2.3805819
58688,0.9986738
58689,1.6306025
58690,1.6385641
58691,3.3595002
58692,2.921069
58693,0.5633009
58694,3.4047363
58695,2.9030268
58696,1.3299689
58697,2.092789
58698,2.3025455
58699,1.4163363
58700,3.0729754
58701,3.2888691
58702,1.4416062
58703,0.8180485
58704,2.0431023
58705,1.49298
58706,3.764664
58707,1.9399984
58708,1.9017371
58709,1.9626106
58710,3.2925982
58711,1.4539003
58712,4.1233983
58713,3.7933097
58714,1.5883887
58715,3.7544475
58716,1.7380031
58717,1.0004773
58718,2.8062341
58719,1.3654374
58720,1.7473031
58721,1.7571706
58722,2.1147592
58723,1.9042405
58724,2.7979195
58725,3.9397514
58726,2.786463
58727,2.3828778
58728,2.4515765
58729,2.957717
58730,1.2009852
58731,2.5929186
58732,2.8847344
58733,2.160887
58734,3.9182172
58735,1.6170824
58736,1.202335
58737,1.0846735
58738,2.9001737
58739,2.0508647
58740,1.5059577
58741,1.6621994
58742,3.7520065
58743,3.7164793
58744,1.3704004
58745,3.0613225
58746,3.038703
58747,1.6049974
58748,1.8779045
58749,1.9772534
58750,2.9251904
58751,1.7904818
58752,0.7700454
58753,1.124584
58754,2.58497
58755,4.5017824
58756,2.8522513
58757,2.0193958
58758,2.178597
58759,0.50674623
58760,3.259118
58761,2.7183075
58762,2.1977777
58763,2.0007524
58764,2.0649948
58765,1.3011898
58766,1.5718936
58767,3.2002218
58768,1.9202402
58769,1.525551
58770,1.6162766
58771,3.5920901
58772,3.3096373
58773,0.66224784
58774,2.7263987
58775,1.2959712
58776,1.6764997
58777,3.235885
58778,4.957144
58779,0.9204059
58780,1.154068
58781,1.5006998
58782,2.2338734
58783,1.1546503
58784,4.536162
58785,1.130049
58786,3.6800992
58787,1.8692101
58788,2.0673504
58789,1.4425051
58790,2.7499137
58791,3.1842775
58792,4.6410465
58793,1.2599845
58794,0.4795932
58795,3.438087
58796,1.8330419
58797,1.2181042
58798,1.1322014
58799,1.7820219
58800,2.7212298
58801,2.3892028
58802,3.0598638
58803,1.4616326
58804,2.2811341
58805,0.96232337
58806,2.294377
58807,3.7782414
58808,2.9956138
58809,4.322475
58810,0.6909383
58811,1.8908573
58812,1.9822662
58813,2.5706353
58814,1.9230967
58815,3.136186
58816,2.75672
58817,1.383789
58818,2.6542401
58819,2.9961066
58820,2.9338782
58821,1.5720505
58822,2.777586
58823,1.0519109
58824,2.7556596
58825,3.4675558
58826,2.8496456
58827,3.0196674
58828,3.3401387
58829,1.2778608
58830,3.7318335
58831,1.50974
58832,2.7292137
58833,1.1066101
58834,3.536737
58835,1.1915618
58836,0.92651176
58837,1.1537175
58838,1.4504589
58839,2.4384234
58840,1.3267536
58841,2.267167
58842,1.3504533
58843,3.0332508
58844,1.3101243
58845,1.1045834
58846,2.228483
58847,1.8432947
58848,3.286062
58849,4.477198
58850,2.1756904
58851,1.930568
58852,0.8492631
58853,0.6843966
58854,4.8224716
58855,2.9981127
58856,2.135968
58857,1.6486888
58858,1.4529817
58859,0.67294014
58860,3.6976254
58861,1.543005
58862,1.0776106
58863,1.7294005
58864,1.6921695
58865,2.3541481
58866,1.2432159
58867,0.61355865
58868,2.139871
58869,0.78203523
58870,2.7238224
58871,2.1532722
58872,0.8833963
58873,3.1464207
58874,1.5515807
58875,3.5929103
58876,1.6624299
58877,1.6761513
58878,1.1080339
58879,1.5160453
58880,1.6026369
58881,1.1123575
58882,1.3949258
58883,1.4135447
58884,2.4782326
58885,4.058636
58886,1.8406838
58887,1.0536046
58888,1.9427836
58889,2.9990551
58890,0.7137158
58891,0.9028615
58892,1.3070451
58893,1.4101888
58894,1.504117
58895,3.5524442
58896,0.69897866
58897,2.2583957
58898,0.6297525
58899,2.7883983
58900,1.94186
58901,4.820795
58902,2.0616474
58903,0.5463515
58904,4.661897
58905,2.58191
58906,1.4626117
58907,2.9075513
58908,2.6191852
58909,1.988045
58910,0.84151024
58911,0.8507837
58912,1.0679746
58913,3.1714628
58914,3.4661553
58915,4.6652374
58916,3.5171666
58917,2.735136
58918,2.5953903
58919,1.1152089
58920,1.5574318
58921,2.6209378
58922,1.7651232
58923,2.1802807
58924,2.8500292
58925,2.5913262
58926,1.7020073
58927,0.9826837
58928,1.4721452
58929,2.2657883
58930,3.6744695
58931,2.0662067
58932,2.164836
58933,1.0822693
58934,1.0779707
58935,2.8012621
58936,1.363715
58937,1.6687998
58938,1.68304
58939,1.4345865
58940,1.9994792
58941,3.6715899
58942,0.68137467
58943,2.1943767
58944,2.2892058
58945,4.740353
58946,1.5068424
58947,0.78197706
58948,2.0068521
58949,1.3566189
58950,1.8735026
58951,2.0801525
58952,0.7220878
58953,0.7285017
58954,2.441655
58955,1.6539564
58956,2.7975283
58957,0.6033797
58958,1.0421033
58959,1.4317904
58960,0.7939386
58961,1.886961
58962,2.2031653
58963,1.8046983
58964,0.7331817
58965,2.853546
58966,3.0839581
58967,2.212991
58968,2.5784645
58969,2.6057081
58970,2.9270463
58971,1.8383842
58972,1.1997455
58973,2.2064693
58974,4.7074633
58975,1.7164251
58976,2.1272142
58977,2.481016
58978,1.8714689
58979,3.5566897
58980,1.4642469
58981,4.0462832
58982,3.015967
58983,1.3721244
58984,2.1483562
58985,1.8661225
58986,1.5584738
58987,0.8106028
58988,3.0486379
58989,1.2922603
58990,1.438746
58991,3.0950713
58992,0.47908542
58993,0.9266121
58994,1.5034661
58995,2.7302556
58996,1.3948936
58997,1.1190451
58998,0.6617301
58999,4.117156
59000,2.3329427
59001,3.1062322
59002,0.9439248
59003,0.8346555
59004,2.9918847
59005,2.0862966
59006,0.78218687
59007,0.77053475
59008,2.4149756
59009,1.0565315
59010,2.1511436
59011,1.3695308
59012,2.5679543
59013,2.4791892
59014,2.318246
59015,1.8542851
59016,1.1761787
59017,2.2368176
59018,2.767709
59019,3.4078412
59020,4.6599655
59021,3.9703805
59022,3.2406225
59023,2.5552232
59024,1.0704033
59025,1.6452161
59026,1.5222006
59027,0.70926917
59028,3.1363761
59029,2.451541
59030,0.658045
59031,3.46338
59032,1.4655877
59033,3.1540565
59034,4.1265616
59035,1.4508791
59036,1.5534158
59037,1.1019288
59038,3.710797
59039,3.0929534
59040,2.7376854
59041,3.0368402
59042,0.94325674
59043,1.3065674
59044,1.2756925
59045,1.374634
59046,1.926843
59047,1.330619
59048,0.928326
59049,4.2063804
59050,4.5125866
59051,1.2707479
59052,3.3624907
59053,0.8203361
59054,0.927138
59055,2.9446566
59056,0.93389946
59057,2.285541
59058,0.7408167
59059,2.8912706
59060,1.4896561
59061,1.7361995
59062,1.9195184
59063,1.0442268
59064,2.3642223
59065,2.1490858
59066,1.116716
59067,5.2960873
59068,4.072438
59069,1.9717833
59070,3.110416
59071,1.122158
59072,2.1481023
59073,0.8521098
59074,2.7239075
59075,2.2015774
59076,2.3908315
59077,2.381658
59078,2.440902
59079,3.021531
59080,2.339393
59081,1.6025388
59082,2.451165
59083,2.5703971
59084,2.0929728
59085,1.909414
59086,3.8632536
59087,3.7162218
59088,2.3889136
59089,2.2938945
59090,0.8923523
59091,1.2989919
59092,1.3400468
59093,2.0855083
59094,0.85340893
59095,1.3314438
59096,0.88166517
59097,3.5367813
59098,3.3478954
59099,2.349518
59100,0.7275004
59101,4.7239194
59102,0.8561905
59103,2.3531203
59104,2.2039676
59105,1.1925151
59106,2.8263872
59107,1.8953006
59108,3.8906705
59109,5.2769485
59110,2.8620546
59111,3.1852682
59112,2.2249618
59113,2.5948155
59114,3.593552
59115,1.2774783
59116,3.217647
59117,1.7119015
59118,1.3226327
59119,0.6151046
59120,2.120124
59121,1.7510729
59122,2.1987603
59123,1.1248798
59124,1.2199389
59125,3.491272
59126,0.96276057
59127,2.6838872
59128,1.0177137
59129,4.641333
59130,3.3777933
59131,1.018225
59132,1.2699301
59133,1.5050776
59134,1.7710294
59135,1.29702
59136,2.311849
59137,3.921966
59138,2.1647513
59139,0.57791847
59140,0.6559043
59141,4.0624266
59142,1.6049016
59143,1.3960246
59144,1.3124198
59145,0.87722456
59146,1.9300724
59147,1.0060078
59148,2.0232487
59149,1.8763945
59150,1.991654
59151,1.7107519
59152,2.9699368
59153,2.662309
59154,2.3728583
59155,1.6114026
59156,2.0049229
59157,2.3784885
59158,1.0027127
59159,1.9664911
59160,1.1120244
59161,1.3811284
59162,2.1800828
59163,0.8967761
59164,0.57328975
59165,2.9263325
59166,2.088072
59167,1.9726557
59168,0.842824
59169,1.7394875
59170,0.8281118
59171,1.3963882
59172,4.990632
59173,1.8258303
59174,3.1763382
59175,0.66609126
59176,0.8224731
59177,1.9925222
59178,2.8661132
59179,4.457338
59180,2.2076745
59181,1.7599105
59182,3.3876534
59183,1.2861834
59184,2.1994016
59185,2.7289422
59186,1.7801566
59187,2.6842148
59188,0.7098317
59189,4.8949633
59190,1.6264223
59191,2.985057
59192,1.3653325
59193,2.7383833
59194,2.6753628
59195,2.856129
59196,1.688543
59197,2.3630364
59198,1.189992
59199,1.9623588
59200,1.6423262
59201,1.1134148
59202,1.2416601
59203,3.6424387
59204,1.2169878
59205,4.75674
59206,1.6482244
59207,2.313467
59208,1.8954306
59209,2.5652275
59210,2.8292048
59211,3.6153736
59212,3.4932668
59213,1.0741544
59214,2.4291208
59215,1.5848093
59216,1.0852475
59217,1.9046445
59218,0.9580824
59219,1.9733078
59220,2.1680572
59221,1.2901638
59222,2.3841085
59223,0.9076539
59224,1.6987306
59225,2.1956742
59226,0.5762731
59227,2.4283223
59228,1.1037387
59229,3.338544
59230,1.696664
59231,2.562507
59232,1.2661797
59233,0.73612803
59234,5.2432957
59235,3.6532114
59236,1.8090532
59237,2.2092707
59238,1.5293074
59239,3.033967
59240,1.7107873
59241,3.2018137
59242,5.0538945
59243,2.9527998
59244,1.2691627
59245,4.2936687
59246,4.536972
59247,2.3984075
59248,2.5939193
59249,2.6248837
59250,1.3974835
59251,2.3993561
59252,0.9309375
59253,3.3009024
59254,0.59550554
59255,2.7235935
59256,2.833854
59257,4.776792
59258,2.4374306
59259,2.5053468
59260,4.45744
59261,4.8097386
59262,2.4899857
59263,0.53214324
59264,1.2510334
59265,2.1340766
59266,0.6752877
59267,1.5685695
59268,3.1465511
59269,3.7610357
59270,2.5115952
59271,3.3146806
59272,1.6425394
59273,2.8823955
59274,0.87518567
59275,1.2691247
59276,1.194233
59277,0.83085036
59278,2.7481396
59279,4.055473
59280,2.2751234
59281,2.0036633
59282,3.1160283
59283,0.84746444
59284,1.3027171
59285,1.3512695
59286,2.7160006
59287,2.4714622
59288,1.0430554
59289,3.8767633
59290,1.6417865
59291,2.5484455
59292,4.93448
59293,1.7101649
59294,2.0660117
59295,2.790003
59296,1.4965637
59297,0.819051
59298,2.3729684
59299,3.3061075
59300,1.2055403
59301,3.0965106
59302,2.8400338
59303,2.4373455
59304,1.9202702
59305,1.5411963
59306,3.9666867
59307,2.5806465
59308,3.0361242
59309,1.4373672
59310,1.2171304
59311,5.146491
59312,1.9962447
59313,1.7349862
59314,2.9497094
59315,1.5868412
59316,1.4245656
59317,0.50036186
59318,1.3320618
59319,3.1354232
59320,1.1467897
59321,2.1070693
59322,3.47537
59323,0.9221952
59324,2.1449053
59325,2.5411358
59326,2.6916776
59327,1.0060874
59328,1.01484
59329,1.2216803
59330,2.5508006
59331,1.4904408
59332,1.2886783
59333,0.80345714
59334,0.8138052
59335,1.5054697
59336,2.9088154
59337,1.3799305
59338,1.7735839
59339,1.9108638
59340,2.8687897
59341,2.996094
59342,1.1962883
59343,2.0193508
59344,2.0714288
59345,3.5639567
59346,2.803981
59347,3.2140899
59348,2.3426502
59349,2.9991481
59350,2.1460521
59351,4.8888435
59352,1.4506048
59353,1.6536665
59354,1.1945015
59355,0.5825141
59356,0.86646336
59357,3.971834
59358,1.7833425
59359,2.0540273
59360,0.78037155
59361,0.95056075
59362,1.9117876
59363,1.7459382
59364,3.4519844
59365,3.7069886
59366,2.5219045
59367,0.914867
59368,4.855777
59369,1.8065623
59370,1.9238929
59371,3.3910959
59372,1.2149456
59373,2.8623974
59374,1.3677769
59375,1.2330817
59376,1.0988723
59377,0.50130266
59378,2.0391078
59379,0.72185963
59380,1.9685662
59381,2.5828733
59382,1.8912079
59383,2.5115216
59384,1.2546762
59385,1.8764004
59386,1.7758619
59387,3.5915442
59388,2.030586
59389,3.1770856
59390,3.4882548
59391,0.67077327
59392,2.2704816
59393,2.4325519
59394,3.7695625
59395,2.1123097
59396,3.1369941
59397,1.0235083
59398,0.60882276
59399,0.9601292
59400,3.9548445
59401,1.6945617
59402,2.1885736
59403,1.055763
59404,0.987807
59405,1.0076292
59406,2.5118682
59407,1.9587337
59408,3.0776923
59409,1.4174396
59410,1.8688196
59411,1.4518535
59412,2.2958367
59413,1.4940857
59414,2.0369713
59415,3.1311867
59416,1.9752499
59417,2.6340382
59418,2.171728
59419,2.5975454
59420,1.2293818
59421,3.894422
59422,2.436751
59423,0.9254109
59424,2.2054563
59425,3.4135492
59426,2.0610433
59427,2.0767734
59428,4.1866856
59429,0.8736458
59430,1.8075686
59431,2.8529658
59432,2.048878
59433,1.2382592
59434,2.682897
59435,2.6119988
59436,0.80758333
59437,1.2207096
59438,4.837263
59439,1.536646
59440,1.0961127
59441,1.5803062
59442,1.3576043
59443,1.3343674
59444,2.181539
59445,1.8335983
59446,1.8319633
59447,1.1221544
59448,3.0773506
59449,0.63627434
59450,2.242541
59451,1.1537409
59452,1.8666389
59453,2.16654
59454,1.3104919
59455,1.7547964
59456,1.8600701
59457,1.8548135
59458,4.440309
59459,4.180596
59460,2.3201396
59461,0.7534355
59462,3.4409137
59463,1.8162441
59464,1.8843608
59465,2.7449596
59466,2.8988945
59467,2.3784049
59468,1.7724521
59469,3.8175683
59470,0.7258117
59471,2.5111923
59472,1.8468229
59473,1.7858002
59474,1.4894336
59475,0.47218117
59476,5.0585337
59477,1.4217421
59478,0.82844156
59479,1.7351243
59480,2.103794
59481,1.2906682
59482,2.6401227
59483,3.2985666
59484,1.8170576
59485,4.273177
59486,2.5321448
59487,2.526795
59488,1.541339
59489,1.6731887
59490,1.3453151
59491,3.2631571
59492,2.9918277
59493,2.5265338
59494,2.5211425
59495,2.4930267
59496,1.6448628
59497,2.0197725
59498,1.8215746
59499,2.1457894
59500,2.005723
59501,1.5089413
59502,1.4908919
59503,0.73631966
59504,4.300552
59505,1.529196
59506,1.708188
59507,1.9882226
59508,1.7267462
59509,3.0447607
59510,2.8533614
59511,2.8205988
59512,1.0992455
59513,2.0075598
59514,1.8961233
59515,0.60545975
59516,1.3867306
59517,1.5590113
59518,0.5096251
59519,1.5381528
59520,1.4576522
59521,2.9479866
59522,2.260181
59523,2.5067928
59524,1.6595948
59525,1.3304133
59526,2.057898
59527,2.6321023
59528,1.6054021
59529,1.2134819
59530,1.8865374
59531,1.2745767
59532,1.9140604
59533,5.0293407
59534,3.614201
59535,1.5563831
59536,1.9850103
59537,2.061998
59538,1.2891536
59539,1.4927303
59540,0.84359497
59541,4.4605455
59542,1.8931514
59543,2.3067193
59544,2.5390382
59545,3.6857226
59546,1.5965524
59547,1.1691201
59548,3.5306964
59549,1.3352486
59550,2.0037174
59551,1.7704487
59552,3.9012938
59553,1.3308748
59554,0.9522455
59555,1.294914
59556,1.1460018
59557,1.6697475
59558,1.7858622
59559,3.4135244
59560,3.3653011
59561,2.6062005
59562,1.5783468
59563,1.7797666
59564,1.7468982
59565,1.7160423
59566,3.1568747
59567,1.3685008
59568,3.563668
59569,1.9947205
59570,3.6907218
59571,1.094632
59572,0.5854178
59573,2.465477
59574,2.1232896
59575,2.1000147
59576,1.5049775
59577,2.0148118
59578,1.6661881
59579,1.3853564
59580,1.9778455
59581,1.7980875
59582,2.5945356
59583,1.4385445
59584,0.69601816
59585,1.2878368
59586,1.5573262
59587,0.9538328
59588,1.079227
59589,2.7256167
59590,2.7468832
59591,1.9256029
59592,1.2764319
59593,2.571325
59594,3.6223862
59595,3.5295076
59596,1.4461694
59597,4.014244
59598,3.1922615
59599,1.366776
59600,0.5271999
59601,1.0816284
59602,1.1103251
59603,2.153945
59604,0.8736066
59605,1.2682232
59606,2.06536
59607,3.3803935
59608,1.6519024
59609,0.6987637
59610,1.1297722
59611,0.6230359
59612,0.86885643
59613,2.388525
59614,1.9065578
59615,1.7615769
59616,2.0611296
59617,2.6845825
59618,1.8023033
59619,0.5920505
59620,1.5457134
59621,0.9771877
59622,1.8703552
59623,0.79792356
59624,1.0166628
59625,2.766873
59626,1.4829266
59627,1.1908946
59628,1.0882146
59629,0.9801381
59630,2.0005202
59631,1.5854914
59632,3.8800564
59633,1.134948
59634,2.150613
59635,0.81075764
59636,2.0324671
59637,2.7988548
59638,1.4771761
59639,1.0516582
59640,2.801586
59641,1.6980333
59642,4.764197
59643,1.50848
59644,0.9881218
59645,0.8807235
59646,3.976988
59647,1.1799263
59648,1.8006785
59649,2.5589929
59650,1.5199232
59651,0.96439826
59652,0.68474716
59653,1.4969314
59654,0.99483174
59655,2.337111
59656,2.088397
59657,1.330998
59658,1.5684494
59659,1.4957324
59660,1.8402064
59661,1.5436046
59662,1.5463821
59663,0.9726983
59664,1.5044987
59665,0.9131662
59666,1.2152507
59667,0.9765958
59668,1.8004235
59669,2.908951
59670,1.210335
59671,1.5242735
59672,2.6972039
59673,2.87296
59674,3.4571853
59675,0.9025987
59676,1.2538987
59677,1.0839734
59678,1.2628406
59679,3.658312
59680,0.676571
59681,4.030285
59682,3.3280847
59683,0.89768666
59684,2.3274713
59685,3.8645911
59686,3.7242706
59687,0.83697987
59688,1.4671359
59689,2.1327913
59690,2.1520617
59691,4.689797
59692,0.9153012
59693,1.9525803
59694,1.450544
59695,1.8734512
59696,2.9456882
59697,1.8786865
59698,3.230035
59699,0.98786247
59700,2.1140606
59701,4.255815
59702,1.4235889
59703,0.67028165
59704,1.9994267
59705,0.9790297
59706,1.7074561
59707,1.0245893
59708,0.7976997
59709,2.0404894
59710,3.6128438
59711,2.4423935
59712,1.2668475
59713,3.764274
59714,1.9782475
59715,1.7854389
59716,3.9149315
59717,1.5117071
59718,0.5366815
59719,0.54419357
59720,0.54073614
59721,2.2494452
59722,3.2957125
59723,0.49315783
59724,3.9704866
59725,4.4289255
59726,3.35762
59727,0.81502175
59728,1.4033095
59729,1.8877944
59730,1.1270875
59731,1.8610482
59732,0.54505
59733,3.7536855
59734,2.1737726
59735,1.8499485
59736,3.5680351
59737,1.0596713
59738,1.2052752
59739,2.095179
59740,1.1941909
59741,1.0726305
59742,1.0566753
59743,0.93632805
59744,1.2676847
59745,1.1971065
59746,3.369629
59747,2.6993446
59748,0.5782144
59749,1.8212234
59750,1.4281194
59751,0.97378147
59752,1.010456
59753,0.62388307
59754,3.8494115
59755,0.7524036
59756,4.9899063
59757,1.7147794
59758,0.5143638
59759,0.65825224
59760,0.5406241
59761,0.65287095
59762,4.2228255
59763,1.8606921
59764,2.998737
59765,1.8511811
59766,1.9177495
59767,1.8068616
59768,2.7805328
59769,0.7500548
59770,3.583839
59771,1.2213873
59772,1.8131735
59773,1.3638706
59774,2.0474422
59775,3.1487515
59776,1.3459603
59777,4.7619033
59778,2.6627939
59779,0.7639409
59780,1.1661279
59781,2.8269935
59782,2.7963016
59783,2.3389385
59784,2.111271
59785,0.94063294
59786,1.5202473
59787,1.8831784
59788,2.436909
59789,1.9091625
59790,3.2645054
59791,3.28201
59792,3.8507044
59793,1.6360214
59794,2.1451664
59795,2.9948673
59796,1.4784526
59797,3.1126378
59798,3.6144755
59799,1.4420989
59800,3.6335733
59801,2.9950552
59802,1.9055778
59803,1.1509849
59804,2.7194803
59805,1.5285629
59806,0.77251273
59807,1.926761
59808,1.1709162
59809,0.926965
59810,2.2464132
59811,2.8541148
59812,1.8322123
59813,0.80996245
59814,1.0947086
59815,2.4893649
59816,2.4468358
59817,1.5966122
59818,1.4076653
59819,1.5260727
59820,1.3564475
59821,1.3958138
59822,1.1873548
59823,1.5293683
59824,1.7402551
59825,3.1432168
59826,2.486089
59827,1.7281722
59828,0.96985584
59829,5.114145
59830,1.1031435
59831,2.2634246
59832,2.0413387
59833,1.4742867
59834,0.93716526
59835,1.247995
59836,1.5723574
59837,2.0331776
59838,2.502129
59839,2.556771
59840,2.4435966
59841,1.1417905
59842,1.7994282
59843,2.8825543
59844,2.7418463
59845,1.4054705
59846,3.573041
59847,3.0659504
59848,4.894325
59849,2.404786
59850,2.018098
59851,1.9709301
59852,3.2580888
59853,0.8167378
59854,1.1608505
59855,2.2260728
59856,2.6823316
59857,1.6886318
59858,1.6027255
59859,2.6639264
59860,1.1804044
59861,0.88266337
59862,2.3985345
59863,4.060135
59864,0.6641223
59865,1.2617552
59866,1.8156388
59867,3.2361138
59868,1.6378794
59869,2.5330925
59870,3.5756555
59871,1.0435699
59872,0.59574413
59873,1.9886938
59874,4.5243716
59875,1.5937073
59876,2.7079782
59877,1.8765006
59878,1.6459234
59879,1.2139051
59880,3.5620518
59881,1.3718971
59882,1.8718895
59883,2.6056736
59884,0.88201106
59885,2.4739897
59886,4.616823
59887,2.6049457
59888,3.1488273
59889,3.236242
59890,3.1613867
59891,2.6748989
59892,0.77543235
59893,1.9557835
59894,1.623528
59895,3.0177894
59896,1.0779833
59897,2.936321
59898,1.8246754
59899,1.3694665
59900,1.2829524
59901,3.3220208
59902,1.1748203
59903,1.2653916
59904,0.7428916
59905,1.1084602
59906,3.337215
59907,2.7345896
59908,1.4979659
59909,2.1373951
59910,1.2458651
59911,3.8657157
59912,3.3362732
59913,1.5547695
59914,1.8368282
59915,2.343432
59916,3.3569953
59917,1.7628769
59918,2.105418
59919,3.5936737
59920,2.4927726
59921,1.852987
59922,1.714214
59923,2.2758763
59924,0.99799806
59925,2.2609973
59926,1.7286167
59927,1.4263232
59928,2.5949984
59929,0.5274914
59930,2.296669
59931,1.9574194
59932,0.9768515
59933,0.9621407
59934,0.8064132
59935,2.0477026
59936,1.5771621
59937,1.7978619
59938,4.0425997
59939,1.5384786
59940,3.429177
59941,2.9351847
59942,1.9724039
59943,1.6236963
59944,3.3591459
59945,2.9306636
59946,1.4386563
59947,1.1426666
59948,1.0104568
59949,1.8150318
59950,2.1793196
59951,0.7671777
59952,0.6842642
59953,1.8659796
59954,1.2407037
59955,2.0333076
59956,2.0734453
59957,2.0657356
59958,1.7586415
59959,1.6719215
59960,2.2087955
59961,3.5112486
59962,4.9084344
59963,2.4554458
59964,2.78273
59965,1.9077572
59966,1.5476993
59967,0.57618576
59968,0.98209167
59969,1.8003907
59970,1.0316886
59971,1.6088265
59972,1.2619991
59973,1.1538963
59974,1.5881289
59975,2.030231
59976,1.538202
59977,2.6855423
59978,1.6642776
59979,4.79245
59980,0.89820695
59981,1.3335271
59982,1.3544912
59983,4.9468756
59984,0.6532012
59985,1.3372853
59986,2.3109298
59987,1.525126
59988,3.7229967
59989,4.7864413
59990,2.2660286
59991,1.7317094
59992,1.7797309
59993,3.1042361
59994,2.2497263
59995,3.1745648
59996,1.2943684
59997,1.4280224
59998,2.1791644
59999,2.8350353
60000,0.8082093
60001,0.9604557
60002,0.7683802
60003,0.64065355
60004,0.5899788
60005,1.189138
60006,1.8964219
60007,2.5224562
60008,3.7153354
60009,2.1619837
60010,1.0025231
60011,4.0535245
60012,1.5425249
60013,1.9914153
60014,0.7924857
60015,2.3617203
60016,4.7313385
60017,2.6371357
60018,3.362576
60019,1.1905074
60020,0.91583914
60021,1.4917816
60022,3.2594976
60023,2.0006166
60024,1.060234
60025,1.1955092
60026,2.0057294
60027,1.3234774
60028,1.1301337
60029,1.002346
60030,0.94098127
60031,1.720441
60032,3.4497182
60033,0.59212774
60034,1.8847597
60035,1.1893886
60036,2.5115426
60037,3.3109286
60038,3.5284812
60039,2.298592
60040,1.7923968
60041,5.0337787
60042,1.8314385
60043,5.146841
60044,1.4889063
60045,0.9985456
60046,1.9632739
60047,2.6545358
60048,3.5608177
60049,0.9352005
60050,1.4664235
60051,2.8631408
60052,0.98196507
60053,4.9750476
60054,2.1449258
60055,2.1918368
60056,1.1016904
60057,1.6952584
60058,2.5911262
60059,1.623688
60060,1.7053927
60061,1.4262503
60062,1.4040082
60063,1.4083723
60064,3.5048685
60065,1.126249
60066,0.6685313
60067,0.9173012
60068,0.9665537
60069,2.3054879
60070,1.2251
60071,1.3270772
60072,2.405156
60073,1.5895547
60074,0.7140999
60075,0.84746146
60076,1.8045226
60077,1.0812194
60078,2.1594627
60079,2.917259
60080,1.352413
60081,0.8588121
60082,1.4107099
60083,1.541459
60084,1.3151278
60085,1.3725436
60086,1.7581649
60087,3.668059
60088,2.0874524
60089,3.4302797
60090,3.85373
60091,1.1561831
60092,1.6816735
60093,1.7075452
60094,0.70346767
60095,1.8643886
60096,2.0455716
60097,1.935653
60098,3.7319956
60099,2.4872122
60100,2.623982
60101,1.4646599
60102,4.2284007
60103,1.094516
60104,2.6349564
60105,0.85871655
60106,1.3850315
60107,1.2393516
60108,2.8100395
60109,1.6947085
60110,2.7733648
60111,1.5364573
60112,3.4609206
60113,2.1734684
60114,2.5037794
60115,2.2309422
60116,1.8376237
60117,2.459614
60118,2.7710776
60119,3.330852
60120,1.064566
60121,2.2764604
60122,1.181998
60123,2.4868503
60124,1.0154493
60125,1.5858822
60126,0.92426986
60127,1.7900397
60128,3.7115452
60129,2.9634736
60130,0.56132454
60131,2.691256
60132,3.0449462
60133,2.8770287
60134,1.0340831
60135,0.5825147
60136,0.6405757
60137,1.5770358
60138,2.7575824
60139,1.0120286
60140,2.3198264
60141,2.3387856
60142,1.614645
60143,1.6817846
60144,1.5490565
60145,4.6134167
60146,1.9575956
60147,1.7576408
60148,2.7455366
60149,1.8597677
60150,2.8319316
60151,1.6043236
60152,2.5961795
60153,4.672388
60154,1.7060357
60155,1.8402123
60156,3.0519297
60157,3.70438
60158,1.9921705
60159,1.9405259
60160,2.8288665
60161,0.9451578
60162,1.2746862
60163,3.008611
60164,1.2381816
60165,2.7097235
60166,1.5379553
60167,1.2967416
60168,1.4813708
60169,1.2143598
60170,1.280579
60171,3.2389662
60172,2.500782
60173,1.0662917
60174,1.8933247
60175,1.3402923
60176,3.7397852
60177,3.6693046
60178,1.1663759
60179,1.8752662
60180,1.6846621
60181,4.2184396
60182,1.6085305
60183,2.156288
60184,1.4768027
60185,1.5128154
60186,2.3625083
60187,2.486332
60188,1.0237383
60189,2.4464025
60190,1.150501
60191,3.5453825
60192,5.2217274
60193,0.99006176
60194,1.6097128
60195,1.9450752
60196,2.194835
60197,0.6103254
60198,1.2349424
60199,3.5208426
60200,3.4567506
60201,3.7877378
60202,1.1613232
60203,3.7868466
60204,2.1465356
60205,3.5680091
60206,1.2582141
60207,2.0148885
60208,1.7193655
60209,3.5376449
60210,1.8703253
60211,2.299225
60212,3.2123919
60213,0.5055582
60214,1.5612462
60215,2.0756893
60216,5.30416
60217,1.8134619
60218,3.5441647
60219,2.1024103
60220,2.112826
60221,4.795018
60222,1.6513708
60223,1.7164311
60224,2.259533
60225,1.8251293
60226,1.6735235
60227,2.999627
60228,2.7319877
60229,0.6984057
60230,0.9815779
60231,2.1339014
60232,1.0866965
60233,4.9759784
60234,0.68252754
60235,3.4341216
60236,3.1509995
60237,1.6695333
60238,0.8502396
60239,4.9269156
60240,1.34652
60241,1.9427729
60242,1.6849438
60243,3.0888255
60244,1.6989973
60245,2.0153975
60246,1.5242999
60247,0.57439154
60248,1.2156824
60249,2.0256364
60250,3.2243853
60251,0.9569392
60252,1.2565279
60253,1.2682184
60254,1.2213444
60255,4.358488
60256,2.2526765
60257,2.5358994
60258,0.75885236
60259,1.9247893
60260,1.2663891
60261,3.4658787
60262,1.6093143
60263,0.8576748
60264,2.7860446
60265,1.3933637
60266,1.5259782
60267,0.773421
60268,0.4917443
60269,2.3437011
60270,1.4973167
60271,4.8990335
60272,1.5535716
60273,2.9464593
60274,0.7431482
60275,1.6903902
60276,3.2264352
60277,2.510693
60278,3.0693755
60279,1.994105
60280,2.8742175
60281,2.0408673
60282,2.8823764
60283,3.7701287
60284,0.82180536
60285,5.1026874
60286,2.6734104
60287,1.6575689
60288,1.8143208
60289,2.3201144
60290,0.5952289
60291,2.3049312
60292,1.5105207
60293,3.4169073
60294,2.9966242
60295,3.462957
60296,0.74098575
60297,1.204063
60298,4.338679
60299,2.523059
60300,1.7580963
60301,2.2174082
60302,1.499144
60303,2.5573692
60304,4.0315723
60305,1.0508791
60306,1.1898512
60307,2.08837
60308,3.3473632
60309,2.4450572
60310,2.1730266
60311,1.8967048
60312,1.3903383
60313,1.8297542
60314,0.58613473
60315,3.3916428
60316,1.373183
60317,4.6597786
60318,1.5763931
60319,1.7292278
60320,3.0831792
60321,4.0822663
60322,2.597927
60323,0.5356726
60324,2.5747237
60325,2.222139
60326,1.8859254
60327,3.5396645
60328,1.9675906
60329,2.4859405
60330,0.8022569
60331,1.1218668
60332,1.9959384
60333,4.59351
60334,2.0258038
60335,1.2254199
60336,1.4900484
60337,0.72335124
60338,0.66993153
60339,2.9234552
60340,1.7975668
60341,3.017967
60342,1.6010319
60343,2.3356245
60344,2.0997612
60345,2.9542015
60346,1.4563634
60347,1.0845289
60348,1.2704763
60349,2.2354848
60350,1.007913
60351,1.9917228
60352,1.8128148
60353,2.183039
60354,3.357963
60355,2.0560749
60356,2.426244
60357,1.8229418
60358,1.2257837
60359,3.0821602
60360,0.6172468
60361,2.7695243
60362,1.7673471
60363,1.9323958
60364,0.96140385
60365,2.2054336
60366,1.3281274
60367,0.6489991
60368,2.9996543
60369,1.3790221
60370,3.3518653
60371,4.278103
60372,3.7934458
60373,1.1199894
60374,2.4080565
60375,3.925462
60376,0.5567216
60377,1.5158737
60378,2.7941148
60379,0.5080818
60380,2.340146
60381,1.6647496
60382,3.7425382
60383,2.2083135
60384,3.5962763
60385,2.0829825
60386,2.248331
60387,1.502849
60388,2.6021717
60389,4.7593346
60390,0.93132
60391,3.2818246
60392,1.2218605
60393,3.2396696
60394,2.4581113
60395,2.0260115
60396,1.1974337
60397,4.7720246
60398,2.0116732
60399,0.62374365
60400,2.023979
60401,3.29758
60402,1.7082169
60403,1.6928258
60404,1.9562788
60405,2.0460923
60406,4.916976
60407,1.904264
60408,2.8013458
60409,1.4186379
60410,1.1071914
60411,1.6698365
60412,1.5993364
60413,1.9947317
60414,2.0732028
60415,1.6226575
60416,4.144848
60417,1.0694902
60418,1.4575037
60419,0.8137173
60420,2.003208
60421,2.3773897
60422,1.878572
60423,0.7871865
60424,1.5315498
60425,1.5157808
60426,0.95634586
60427,1.4317449
60428,1.1329421
60429,1.583298
60430,1.0927421
60431,0.70040214
60432,1.2084314
60433,1.0375447
60434,1.4024978
60435,1.4244353
60436,1.6691796
60437,2.340817
60438,1.1874897
60439,2.3175914
60440,4.146896
60441,1.2524976
60442,1.0329242
60443,3.0658858
60444,3.060104
60445,1.0289184
60446,2.1143045
60447,1.3515536
60448,0.8138641
60449,1.0720314
60450,2.5718257
60451,0.76327276
60452,1.2288178
60453,4.9994407
60454,2.462032
60455,1.015928
60456,1.2992188
60457,1.3748869
60458,1.7265229
60459,2.1521232
60460,1.6317154
60461,2.1311607
60462,1.7164559
60463,2.9245288
60464,2.0438266
60465,1.7327682
60466,1.8572193
60467,2.2737486
60468,1.9648324
60469,2.904773
60470,1.7512547
60471,1.2337137
60472,0.63560456
60473,1.04055
60474,2.8594327
60475,1.9939576
60476,1.5234467
60477,0.8676979
60478,1.553286
60479,1.9364871
60480,2.624304
60481,4.2676206
60482,1.5364931
60483,2.5106761
60484,4.1546807
60485,1.170588
60486,1.5803418
60487,1.1701752
60488,2.031473
60489,0.78628427
60490,1.7484782
60491,2.8801045
60492,1.5920258
60493,2.7711122
60494,2.614586
60495,1.519851
60496,2.7056918
60497,1.7119143
60498,3.2072327
60499,1.2521447
60500,4.043493
60501,2.737137
60502,2.1862202
60503,3.6727693
60504,1.999383
60505,2.5356297
60506,2.7788618
60507,1.0421948
60508,4.909227
60509,2.6351428
60510,1.1275272
60511,0.8414251
60512,0.7222616
60513,2.8717048
60514,2.7855618
60515,1.3572766
60516,0.73565394
60517,1.0971522
60518,1.4996243
60519,2.5353127
60520,1.5458899
60521,1.067677
60522,3.2258513
60523,2.7512035
60524,0.9745167
60525,4.409327
60526,0.8805829
60527,1.1845914
60528,0.8819007
60529,1.1526234
60530,1.7668333
60531,1.2629296
60532,2.24899
60533,0.8517834
60534,1.9752579
60535,1.2304791
60536,2.1452405
60537,1.1875067
60538,1.3154184
60539,1.5044402
60540,2.0872552
60541,0.66767085
60542,3.9116561
60543,1.6260283
60544,1.5763727
60545,1.9694045
60546,2.2115436
60547,2.7958224
60548,1.7363191
60549,0.8564004
60550,1.8920313
60551,1.6782523
60552,3.956423
60553,1.229245
60554,1.445675
60555,2.3263397
60556,2.0442255
60557,1.6559433
60558,0.717506
60559,0.8012691
60560,3.595291
60561,0.69936633
60562,2.8838196
60563,0.96283853
60564,2.5001826
60565,1.0784867
60566,2.5542924
60567,1.6991135
60568,2.7286277
60569,1.4516797
60570,1.5173315
60571,2.0630722
60572,1.5754869
60573,2.3485124
60574,1.8641483
60575,1.1528829
60576,3.2789135
60577,1.0930474
60578,1.8457454
60579,1.9491581
60580,0.6867447
60581,2.878356
60582,2.9557128
60583,1.6393492
60584,4.3317103
60585,2.7148914
60586,2.191192
60587,2.825923
60588,3.5350766
60589,0.5893884
60590,0.96487546
60591,1.5322641
60592,1.9552578
60593,2.4752316
60594,2.0723693
60595,2.139037
60596,1.3230525
60597,1.2652751
60598,2.4525754
60599,3.7151856
60600,1.0567486
60601,2.97985
60602,0.7837835
60603,1.716809
60604,2.0289998
60605,0.5193464
60606,1.136283
60607,2.049827
60608,1.6699264
60609,0.6239768
60610,1.6209693
60611,1.4798462
60612,2.9701335
60613,3.7880523
60614,1.2940365
60615,3.410349
60616,1.9994065
60617,1.7150314
60618,1.5861723
60619,1.8925678
60620,2.6872282
60621,1.9406445
60622,2.8628082
60623,1.6416378
60624,1.3652016
60625,2.0790648
60626,2.2330537
60627,0.65025914
60628,2.6712155
60629,2.2657843
60630,1.3353667
60631,2.2229905
60632,3.0887337
60633,1.6419373
60634,1.509414
60635,2.542665
60636,1.8507497
60637,0.8204957
60638,2.8185718
60639,2.7084384
60640,1.7116276
60641,1.3388631
60642,1.9216381
60643,2.4103806
60644,0.9437958
60645,1.7918888
60646,1.7687793
60647,0.9776963
60648,4.097533
60649,1.8528451
60650,1.4970027
60651,2.2265375
60652,2.7548106
60653,1.837564
60654,3.2492085
60655,1.9034394
60656,1.768525
60657,2.1974452
60658,2.634073
60659,2.1994736
60660,2.2595065
60661,2.647446
60662,2.2491608
60663,4.540072
60664,3.5536072
60665,1.2805547
60666,2.1955566
60667,1.4350575
60668,1.1611238
60669,2.7738793
60670,4.7455177
60671,2.2374084
60672,1.6509037
60673,3.2047331
60674,2.436049
60675,1.0769485
60676,2.1654537
60677,1.6816974
60678,2.0822363
60679,3.1737235
60680,1.7270331
60681,1.9599881
60682,1.2738705
60683,1.069491
60684,0.5232575
60685,2.6663482
60686,3.0948386
60687,2.1330466
60688,0.9761525
60689,3.8969564
60690,4.804452
60691,2.187824
60692,2.5721714
60693,1.8938695
60694,2.6564467
60695,0.82714474
60696,1.0354593
60697,0.8001147
60698,1.2321906
60699,1.7501988
60700,1.4301962
60701,2.7115335
60702,1.9078567
60703,1.4493239
60704,2.5648236
60705,2.368449
60706,2.0854723
60707,1.6754442
60708,2.1799357
60709,1.0513009
60710,1.2365462
60711,1.5244737
60712,2.2016122
60713,0.79215485
60714,1.3454103
60715,3.7852874
60716,0.86343163
60717,3.7679222
60718,2.0127075
60719,0.8014029
60720,0.53983617
60721,1.7640738
60722,4.2855825
60723,3.6961782
60724,2.8043756
60725,1.6626227
60726,1.043314
60727,2.0737636
60728,1.9742942
60729,0.8682036
60730,3.5204952
60731,1.7595222
60732,2.915266
60733,2.1442668
60734,2.8587992
60735,1.9696852
60736,2.657799
60737,2.044004
60738,1.5821445
60739,1.4812545
60740,3.3561585
60741,3.635198
60742,3.9490683
60743,3.4625995
60744,1.9139434
60745,1.6610391
60746,2.5497787
60747,2.2251725
60748,2.0432842
60749,1.0100125
60750,4.6629834
60751,1.7603893
60752,2.3842835
60753,2.7605011
60754,4.134887
60755,2.6444962
60756,2.875841
60757,5.0083704
60758,1.4372581
60759,2.5847907
60760,3.6476374
60761,2.0423899
60762,1.4527278
60763,1.6584195
60764,2.0047772
60765,2.6999707
60766,2.566265
60767,2.8371923
60768,2.1512928
60769,4.1452985
60770,3.0776837
60771,3.4255555
60772,0.5484249
60773,1.9210634
60774,1.8768508
60775,1.587305
60776,1.3458401
60777,4.7949123
60778,1.1783625
60779,4.427692
60780,1.6049223
60781,2.5015616
60782,0.9412059
60783,2.1269705
60784,1.8601763
60785,1.2336293
60786,2.8467114
60787,1.1837215
60788,2.5385337
60789,4.3162327
60790,1.3930843
60791,2.2664628
60792,3.3564284
60793,1.5143194
60794,4.9824653
60795,2.3336332
60796,2.8758826
60797,0.6978258
60798,0.8590283
60799,0.98885083
60800,1.4557362
60801,1.3211443
60802,4.453667
60803,1.5069746
60804,1.647249
60805,0.87619525
60806,4.6243677
60807,1.1607893
60808,1.9866666
60809,1.8674215
60810,1.1192267
60811,2.2346413
60812,2.3256412
60813,2.0254977
60814,1.0951244
60815,1.3223805
60816,3.3933682
60817,1.7160382
60818,1.65337
60819,1.2283792
60820,3.387731
60821,1.9449236
60822,0.62330705
60823,1.4558375
60824,2.5305974
60825,1.6493572
60826,1.5609137
60827,0.9297475
60828,5.2152233
60829,1.0340195
60830,2.0224037
60831,1.7213206
60832,1.6947104
60833,0.9697679
60834,2.1284049
60835,4.5853653
60836,3.3300385
60837,2.369266
60838,1.0732435
60839,3.937749
60840,2.5996354
60841,0.79425037
60842,1.2118322
60843,1.4549626
60844,1.3495957
60845,2.4057784
60846,2.0165236
60847,1.5172253
60848,2.4432275
60849,3.6741238
60850,3.361038
60851,2.263171
60852,2.084233
60853,2.5287285
60854,1.0286759
60855,1.8099259
60856,2.541418
60857,1.6476343
60858,1.5150185
60859,3.1447036
60860,2.9170668
60861,2.3870125
60862,1.7773734
60863,1.8463281
60864,1.3254088
60865,1.6343242
60866,1.7023797
60867,2.8310342
60868,3.1471286
60869,1.9386144
60870,0.68162036
60871,1.118641
60872,0.8194304
60873,0.95391613
60874,1.913234
60875,1.9649514
60876,2.3104887
60877,2.8011694
60878,0.8990577
60879,2.0017138
60880,3.0174665
60881,1.1131542
60882,1.9209392
60883,1.4709878
60884,3.2123435
60885,4.3338723
60886,1.6535157
60887,1.6356877
60888,2.49696
60889,2.5372095
60890,4.6476145
60891,2.3850224
60892,1.3497378
60893,2.3529172
60894,0.7842626
60895,2.2722802
60896,0.7836855
60897,3.7318351
60898,1.0317262
60899,2.3111532
60900,3.0910196
60901,3.5313385
60902,1.649996
60903,1.7560978
60904,0.7094858
60905,4.9511905
60906,1.9091864
60907,2.2590015
60908,2.4121342
60909,0.5908453
60910,0.84193534
60911,2.0114448
60912,1.6363477
60913,2.621181
60914,1.5081105
60915,1.5333753
60916,3.3542633
60917,1.5188941
60918,1.5577954
60919,4.1877356
60920,0.8860081
60921,1.153959
60922,1.2322272
60923,1.8236972
60924,2.3318377
60925,1.0662407
60926,1.6736988
60927,1.9802159
60928,1.984899
60929,1.0697978
60930,1.1811535
60931,0.94450754
60932,5.113289
60933,2.3655927
60934,3.5789864
60935,3.526566
60936,2.3218539
60937,0.7172707
60938,1.3193643
60939,1.5457481
60940,1.7811987
60941,1.8590509
60942,2.1550763
60943,2.4622953
60944,1.7970189
60945,1.1389318
60946,1.1075201
60947,0.6374406
60948,5.0716105
60949,2.3600328
60950,2.9956024
60951,1.6875395
60952,2.2288263
60953,2.1267664
60954,2.1839807
60955,2.6508126
60956,1.1186821
60957,1.5773064
60958,2.8112988
60959,2.1774087
60960,3.0660615
60961,1.1884493
60962,1.6995921
60963,2.8183544
60964,3.5429332
60965,1.8465158
60966,4.4373016
60967,2.3822167
60968,1.5846422
60969,2.026528
60970,2.070912
60971,2.0530727
60972,0.46954587
60973,1.5742899
60974,1.1118587
60975,2.9403768
60976,4.493978
60977,4.3732333
60978,1.1150441
60979,2.4224348
60980,2.55137
60981,1.5126053
60982,2.375104
60983,0.79630995
60984,2.5802531
60985,4.665153
60986,3.286036
60987,1.7551296
60988,0.80985636
60989,0.55015254
60990,2.4192376
60991,1.759261
60992,0.6980415
60993,0.87773424
60994,2.0849357
60995,2.5741732
60996,2.4807885
60997,1.2673742
60998,1.0446011
60999,1.7290361
61000,1.0773375
61001,1.3385587
61002,4.690896
61003,2.1789744
61004,4.837647
61005,3.140762
61006,0.9504416
61007,4.6463423
61008,0.7288176
61009,2.3423202
61010,2.1375518
61011,1.1358188
61012,4.2159915
61013,0.6113437
61014,0.9153998
61015,4.23079
61016,4.8766627
61017,1.3797815
61018,3.1127374
61019,2.1625912
61020,2.4441543
61021,2.3672876
61022,2.3523357
61023,0.6579992
61024,3.048585
61025,1.7544863
61026,1.4268032
61027,2.3563297
61028,4.291502
61029,3.3201187
61030,2.6480381
61031,2.4428535
61032,3.3809178
61033,1.0536981
61034,3.1282897
61035,1.827728
61036,2.6069813
61037,0.7875164
61038,3.4466162
61039,1.4130946
61040,2.0019445
61041,2.576778
61042,1.7248012
61043,2.6136098
61044,3.0660567
61045,2.7783995
61046,1.3753451
61047,1.0304112
61048,2.7845232
61049,0.99911493
61050,2.5456574
61051,1.4186177
61052,3.7399347
61053,1.4396275
61054,3.286973
61055,2.8292499
61056,0.76215094
61057,0.9118492
61058,2.0208974
61059,1.9014865
61060,1.4516221
61061,2.9068465
61062,1.6454606
61063,0.57688844
61064,0.66413337
61065,4.671976
61066,1.6627753
61067,1.8526443
61068,2.5882425
61069,3.164153
61070,1.6901253
61071,1.0919627
61072,1.8346194
61073,4.161496
61074,2.9318383
61075,1.8555636
61076,1.8356355
61077,1.96682
61078,1.6797516
61079,0.8480628
61080,0.8986764
61081,1.571308
61082,1.7073716
61083,0.8152492
61084,1.1953413
61085,2.4081352
61086,1.5530283
61087,1.2142925
61088,1.352192
61089,1.6053275
61090,3.7363877
61091,1.537911
61092,2.8180559
61093,4.327648
61094,1.2928677
61095,1.1175741
61096,1.4591024
61097,2.4002852
61098,1.4904671
61099,1.9776862
61100,1.9787436
61101,1.7897247
61102,2.2249923
61103,1.238675
61104,2.0675507
61105,0.95234907
61106,2.2260435
61107,1.2805889
61108,1.5848948
61109,3.0130165
61110,1.7573861
61111,0.9628074
61112,1.1379714
61113,0.8332677
61114,2.4733093
61115,1.6601261
61116,4.2853827
61117,1.005987
61118,2.6667488
61119,1.641394
61120,1.0940028
61121,1.3033394
61122,3.7329674
61123,1.9040419
61124,1.5935292
61125,2.5312839
61126,2.068614
61127,2.782836
61128,1.7679847
61129,1.6565522
61130,2.0827267
61131,2.7450538
61132,1.4521464
61133,0.66689885
61134,2.1913085
61135,3.6708355
61136,1.7973745
61137,2.7953975
61138,1.8588076
61139,1.2000872
61140,2.2191088
61141,2.3270555
61142,1.4336927
61143,3.4838815
61144,1.3242521
61145,0.578955
61146,4.6355896
61147,2.8461695
61148,1.7889887
61149,1.6670312
61150,2.7775729
61151,3.3024695
61152,1.8300855
61153,2.3654747
61154,1.7139788
61155,3.1941342
61156,1.9271303
61157,2.5105882
61158,2.155016
61159,1.5789207
61160,2.7822766
61161,1.2465892
61162,2.3228018
61163,1.8420045
61164,1.450419
61165,2.138206
61166,2.0676973
61167,0.65469646
61168,2.1553686
61169,2.0241015
61170,1.7232999
61171,3.5663114
61172,5.0750966
61173,4.327936
61174,1.6507524
61175,1.1129609
61176,1.3955792
61177,1.265512
61178,1.5189528
61179,1.8591688
61180,1.3374372
61181,4.063506
61182,3.1828473
61183,1.9100727
61184,3.3348408
61185,0.91662115
61186,1.1280483
61187,1.0003618
61188,4.614067
61189,3.771089
61190,1.606213
61191,1.5060515
61192,4.1415377
61193,1.3307915
61194,0.7746384
61195,3.6740203
61196,2.3261373
61197,0.6837723
61198,0.86651367
61199,2.3803792
61200,2.8508883
61201,2.118665
61202,2.456146
61203,3.8294258
61204,1.0136634
61205,4.878419
61206,1.8095921
61207,2.021535
61208,1.0720943
61209,3.099945
61210,2.7439182
61211,2.0024188
61212,3.7297604
61213,1.60834
61214,2.1632273
61215,1.4501061
61216,3.2726727
61217,2.0545385
61218,2.95408
61219,2.4893563
61220,3.3825524
61221,1.832008
61222,4.538626
61223,2.0597112
61224,1.7979761
61225,2.0834448
61226,3.4556723
61227,1.2965872
61228,0.87472445
61229,0.5091343
61230,3.3716571
61231,1.9743888
61232,1.058358
61233,3.932527
61234,0.8952223
61235,0.9291718
61236,2.1419148
61237,1.7161766
61238,1.6761405
61239,3.8412464
61240,2.0815005
61241,2.3815458
61242,1.0666201
61243,1.7580217
61244,3.157666
61245,1.3722899
61246,0.98146045
61247,5.2174354
61248,2.3271801
61249,0.65805346
61250,2.280997
61251,3.210054
61252,1.0124899
61253,2.0559845
61254,1.2583581
61255,3.1184127
61256,2.2180347
61257,1.1529015
61258,1.6921464
61259,4.452096
61260,1.8162888
61261,1.2948154
61262,2.7516127
61263,2.1630614
61264,1.1392761
61265,0.8469123
61266,3.8572156
61267,3.3674653
61268,1.9983362
61269,0.5802672
61270,1.2965137
61271,3.9905994
61272,2.1359208
61273,1.6678038
61274,1.7122425
61275,4.15096
61276,2.1073499
61277,3.8722239
61278,1.2238785
61279,3.7952192
61280,1.6613326
61281,2.7149923
61282,3.9941802
61283,1.8921131
61284,2.59448
61285,1.8834873
61286,2.398189
61287,0.9657128
61288,0.808599
61289,2.2304895
61290,0.81288576
61291,0.6267261
61292,1.5349176
61293,1.8422918
61294,2.546725
61295,1.6845046
61296,2.3795104
61297,2.984997
61298,1.1226717
61299,0.792326
61300,2.6426582
61301,2.12068
61302,3.1679282
61303,3.1967478
61304,1.8362819
61305,1.029539
61306,2.3341656
61307,0.7700616
61308,1.2603481
61309,2.003488
61310,1.8573221
61311,1.8732556
61312,2.0244277
61313,1.9486929
61314,1.6815698
61315,0.7727948
61316,1.4013478
61317,3.4287417
61318,1.67182
61319,1.0830033
61320,0.6179694
61321,3.246243
61322,2.0723116
61323,2.6866994
61324,1.1981968
61325,2.9110668
61326,2.393801
61327,2.2282271
61328,2.1456914
61329,1.0552878
61330,1.9835562
61331,1.493131
61332,1.0474054
61333,1.6510333
61334,1.3383195
61335,2.048419
61336,2.0186627
61337,4.4124317
61338,1.2100186
61339,2.1261787
61340,4.040216
61341,1.132009
61342,0.74353164
61343,2.0854669
61344,4.4673276
61345,2.226018
61346,4.7273192
61347,1.0541103
61348,1.3366536
61349,1.4118346
61350,1.6452461
61351,1.1348852
61352,3.7355385
61353,3.5585515
61354,2.2952385
61355,2.1450212
61356,4.8265395
61357,1.5598569
61358,0.95311606
61359,1.0896562
61360,3.8873177
61361,1.6164721
61362,2.6166742
61363,2.4809604
61364,2.3181849
61365,1.0867912
61366,2.9345686
61367,1.5489337
61368,2.65023
61369,1.3109453
61370,0.51922125
61371,1.4374295
61372,1.3735074
61373,0.8332309
61374,1.4925308
61375,2.2250335
61376,0.9852451
61377,0.82868934
61378,1.5512387
61379,2.0879703
61380,1.1724923
61381,1.8178655
61382,1.2680888
61383,0.92932785
61384,4.2134237
61385,1.69909
61386,2.9045594
61387,1.4977292
61388,1.7578135
61389,3.7359228
61390,0.8149097
61391,1.0618426
61392,1.7752255
61393,2.3112118
61394,2.2450204
61395,4.028787
61396,1.979845
61397,1.1311331
61398,3.7799592
61399,4.3763213
61400,2.757733
61401,2.0815632
61402,1.3081803
61403,1.918457
61404,1.7274188
61405,1.4054172
61406,2.336654
61407,4.5218387
61408,1.9918574
61409,1.2399188
61410,1.6528194
61411,1.6970798
61412,1.0785604
61413,1.0765477
61414,3.7010448
61415,1.0307518
61416,2.211357
61417,1.205044
61418,0.5220263
61419,2.3222373
61420,1.6993817
61421,3.6358144
61422,1.873254
61423,3.2721946
61424,1.5046245
61425,0.9165791
61426,1.5923688
61427,3.0923953
61428,2.0134835
61429,1.2996583
61430,1.8568074
61431,4.6390986
61432,1.4805324
61433,1.5748209
61434,3.8005526
61435,0.93774575
61436,1.7957445
61437,1.6967334
61438,0.99518216
61439,1.3300651
61440,1.0058278
61441,3.0134017
61442,1.3540932
61443,4.186176
61444,1.7460049
61445,1.1450729
61446,1.713568
61447,0.893918
61448,2.308419
61449,2.7241654
61450,1.7437133
61451,4.5258183
61452,2.764503
61453,0.91517407
61454,1.893221
61455,2.2400458
61456,1.3041949
61457,1.1509153
61458,1.4557399
61459,1.0167402
61460,2.4959898
61461,1.14506
61462,1.683893
61463,0.9907273
61464,0.95851654
61465,2.27211
61466,2.9234562
61467,1.6524551
61468,3.1745567
61469,1.85466
61470,2.5571055
61471,1.4349828
61472,2.6825542
61473,2.7531676
61474,2.8671272
61475,2.121363
61476,2.2174401
61477,1.0425042
61478,1.9008709
61479,2.2222223
61480,3.2332022
61481,1.2201146
61482,0.55474514
61483,1.2399378
61484,1.3771563
61485,2.098866
61486,1.4628248
61487,2.2161217
61488,2.9552038
61489,0.8148454
61490,3.236648
61491,1.7328504
61492,2.2184916
61493,2.6139417
61494,2.195029
61495,3.053606
61496,0.67204475
61497,1.128797
61498,3.101875
61499,1.1848254
61500,1.7093112
61501,0.96969587
61502,2.107735
61503,1.1668267
61504,2.0592637
61505,1.8547459
61506,2.5926936
61507,3.8455749
61508,1.1218535
61509,0.8539145
61510,1.6937656
61511,2.0717432
61512,1.474762
61513,1.1247029
61514,1.267045
61515,3.326258
61516,1.5786469
61517,1.9147656
61518,2.5791585
61519,1.8412676
61520,3.1418567
61521,1.2829244
61522,4.093316
61523,1.3568872
61524,2.69062
61525,1.4489561
61526,0.6861185
61527,1.5209943
61528,1.8732274
61529,2.3075185
61530,1.2745644
61531,0.48230392
61532,1.3016793
61533,2.39324
61534,1.9259279
61535,1.0522335
61536,1.9601258
61537,2.192184
61538,2.5486834
61539,2.326067
61540,3.9748716
61541,3.3865151
61542,1.8124868
61543,1.712265
61544,1.2209493
61545,1.4583924
61546,1.85745
61547,2.1007
61548,2.1288218
61549,2.5949569
61550,2.1212006
61551,1.5646114
61552,1.3366485
61553,1.6548395
61554,1.4055331
61555,2.625172
61556,1.5993353
61557,3.6546273
61558,2.064283
61559,4.133239
61560,3.4299808
61561,2.1374505
61562,2.9187396
61563,1.8802857
61564,1.7121876
61565,1.3542497
61566,1.9440863
61567,0.8019167
61568,1.6148694
61569,2.3144147
61570,2.133656
61571,0.7953236
61572,2.1803172
61573,1.0160763
61574,1.2840118
61575,0.5596526
61576,0.7288628
61577,3.7912755
61578,0.8133169
61579,2.3759058
61580,2.381953
61581,2.4628983
61582,1.3579986
61583,1.4742181
61584,1.7996682
61585,1.7463727
61586,2.386597
61587,3.2497182
61588,2.6914515
61589,0.9011248
61590,2.8667645
61591,1.7533498
61592,2.2072008
61593,2.4903214
61594,1.8732618
61595,1.3793523
61596,2.059231
61597,2.6449215
61598,1.7954824
61599,0.8697388
61600,1.6190859
61601,0.88765585
61602,2.7718258
61603,0.994574
61604,1.0408165
61605,2.891759
61606,1.3300635
61607,1.9767306
61608,0.63822806
61609,2.9620786
61610,1.3993192
61611,0.9966027
61612,3.6542392
61613,0.96162844
61614,2.2747543
61615,1.9241251
61616,2.314868
61617,2.474315
61618,1.1824067
61619,2.3806002
61620,1.1281921
61621,1.4352138
61622,2.9004366
61623,1.6330327
61624,0.9167452
61625,2.8306913
61626,2.6942813
61627,3.5240242
61628,1.4177421
61629,1.2014476
61630,4.597532
61631,1.8041415
61632,1.2103549
61633,1.8576113
61634,1.6064609
61635,1.4734626
61636,2.1047409
61637,2.6639395
61638,2.7292936
61639,2.6814516
61640,3.2004738
61641,1.7680081
61642,2.130769
61643,2.1911619
61644,1.8820698
61645,4.1642065
61646,2.5272284
61647,3.81491
61648,3.4684649
61649,2.362703
61650,2.9928389
61651,3.5169075
61652,1.5621699
61653,2.8057888
61654,3.42012
61655,1.2233436
61656,1.7811525
61657,1.3293657
61658,1.4823
61659,0.8456625
61660,2.3936248
61661,1.9269665
61662,1.8119774
61663,1.3967414
61664,1.3899196
61665,1.9243445
61666,2.250069
61667,1.4991646
61668,1.7053719
61669,1.4075229
61670,1.9125028
61671,1.049836
61672,2.3424542
61673,1.1141528
61674,2.2639003
61675,2.3254056
61676,1.385491
61677,4.9949026
61678,0.81311774
61679,1.1547767
61680,3.305566
61681,1.5861382
61682,4.888468
61683,1.888257
61684,1.5299453
61685,0.9079918
61686,0.7073629
61687,0.81341517
61688,0.75674623
61689,3.1776135
61690,4.0690427
61691,1.0693306
61692,2.2420106
61693,1.0749098
61694,0.81046635
61695,2.8273704
61696,2.7881167
61697,2.4280746
61698,3.8896
61699,1.6022694
61700,2.4387274
61701,2.3482642
61702,3.4273913
61703,1.9879981
61704,2.3207645
61705,1.048196
61706,1.7094693
61707,1.9062629
61708,1.3344983
61709,0.48846942
61710,0.78113556
61711,0.8422152
61712,2.0055814
61713,2.1498957
61714,1.7237844
61715,3.9553971
61716,0.7187252
61717,3.6476324
61718,2.8371317
61719,1.9254637
61720,0.6871198
61721,2.2745347
61722,1.8209724
61723,2.5997777
61724,1.622763
61725,2.6135085
61726,1.4317493
61727,1.1642725
61728,0.82346153
61729,3.137111
61730,1.4691707
61731,1.7873933
61732,1.5380062
61733,0.7840939
61734,3.2990873
61735,1.8464036
61736,1.8915074
61737,2.1977875
61738,3.9733536
61739,1.0699828
61740,1.9367042
61741,2.5850234
61742,1.7088759
61743,1.0655708
61744,1.5577437
61745,0.6634555
61746,2.4837854
61747,2.7759767
61748,1.411969
61749,1.6428105
61750,1.995539
61751,2.046668
61752,1.4525628
61753,2.6789176
61754,0.6102832
61755,1.9600266
61756,0.71199274
61757,0.52307653
61758,3.0625412
61759,3.2177436
61760,2.9446282
61761,3.3153245
61762,3.4257588
61763,1.9714787
61764,1.3118646
61765,1.6289353
61766,2.417293
61767,1.7287312
61768,2.0930352
61769,1.8922518
61770,3.7183762
61771,4.5367475
61772,2.4363363
61773,1.9770477
61774,3.864962
61775,2.1250017
61776,1.3618889
61777,2.5943239
61778,1.1471852
61779,2.7311668
61780,2.2739525
61781,2.1896586
61782,3.3925734
61783,1.9830045
61784,2.3043575
61785,1.1640797
61786,1.3143034
61787,0.55529654
61788,1.3531333
61789,1.5870235
61790,1.9629884
61791,0.92493886
61792,1.7418517
61793,4.527767
61794,3.939465
61795,2.1901627
61796,1.7396181
61797,0.6309798
61798,2.057812
61799,0.8059253
61800,2.3164685
61801,1.3307326
61802,0.7178319
61803,1.3744171
61804,4.8760157
61805,3.3903615
61806,2.3430262
61807,2.161945
61808,5.0501056
61809,0.63105285
61810,1.4536401
61811,1.4890378
61812,1.5972573
61813,2.4639509
61814,1.647493
61815,1.7095268
61816,1.0163101
61817,2.988142
61818,3.2811708
61819,3.9343886
61820,2.1156595
61821,2.196788
61822,2.8361018
61823,1.8827906
61824,1.037871
61825,2.2699203
61826,2.8978918
61827,1.5528164
61828,1.5433829
61829,3.2022688
61830,1.3047965
61831,3.8089185
61832,1.2369105
61833,2.4445124
61834,3.8911333
61835,1.64964
61836,3.853346
61837,2.9500191
61838,2.1053512
61839,4.1364217
61840,1.2582824
61841,4.2967844
61842,1.3799762
61843,2.218266
61844,1.597127
61845,1.4367169
61846,2.7054384
61847,3.0587854
61848,2.3965504
61849,2.2664485
61850,4.3960357
61851,2.4795482
61852,1.9023333
61853,2.4040582
61854,2.1830626
61855,3.0690901
61856,1.3440953
61857,2.2628455
61858,3.492816
61859,1.1659133
61860,1.9897372
61861,1.8818345
61862,0.85701203
61863,1.1371721
61864,2.5478816
61865,1.3343085
61866,0.8350702
61867,1.789707
61868,2.8021996
61869,2.9826407
61870,2.2560136
61871,1.6150645
61872,4.498955
61873,2.4244514
61874,1.9900459
61875,2.4506419
61876,3.4024467
61877,2.2395763
61878,2.2005527
61879,5.0008044
61880,4.399118
61881,3.0743637
61882,1.1693238
61883,1.6947626
61884,2.281846
61885,1.220858
61886,0.9394209
61887,1.8989255
61888,2.8289542
61889,1.0549679
61890,2.3026283
61891,2.4784906
61892,1.8596803
61893,1.34587
61894,3.7345064
61895,3.834424
